:020000040800F2
:1000000088ED0020110300081D0300081F030008ED
:100010002103000823030008250300080000000056
:10002000000000000000000000000000270300089E
:1000300029030008000000002B0300081DEC000845
:100040002F0300082F0300082F0300082F030008C8
:100050002F0300082F0300082F0300082F030008B8
:100060002F0300082F0300082F0300082F030008A8
:100070002F0300082F0300082F0300082F03000898
:100080002F0300082F0300082F0300082F03000888
:100090002F0300082F0300082F0300082F03000878
:1000A0002F0300082F0300082F0300082F03000868
:1000B0002F0300082F0300082F0300082F03000858
:1000C0002F0300082F0300082F0300082F03000848
:1000D0002F0300082F030008F5F5000801F60008BB
:1000E0002F0300082F0300082F0300082F03000828
:1000F0002F0300082F0300082F0300082F03000818
:100100002F0300082F0300082F0300082F03000807
:1001100079F300082F0300082F0300082F030008BD
:100120002F03000839700008C17000082F03000871
:10013000517100082F0300082F0300082F03000847
:100140002F0300082F0300082F0300082F030008C7
:100150002F0300082F0300082F03000809F60008EA
:100160002F0300082F0300082F0300082F030008A7
:100170002F0300082F0300082F03000800000000D1
:100180002F0300082F0300082F03000899F300082D
:100190002F0300082F0300082F03000800000000B1
:1001A0002F0300082F0300082F03000800F002F8B7
:1001B00000F09EF80AA090E8000C82448344AAF163
:1001C0000107DA4501D100F093F8AFF2090EBAE861
:1001D0000F0013F0010F18BFFB1A43F0010318477B
:1001E0009CE80100BCE80100103A24BF78C878C13F
:1001F000FAD8520724BF30C830C144BF04680C602D
:10020000704700000023002400250026103A28BF74
:1002100078C1FBD8520728BF30C148BF0B60704778
:100220006E2900F09184702900F0ED8566291CF09C
:10023000528165291CF04F8167291CF04C8161298E
:100240001CF04B8103681B0A28BF41F0800169291B
:1002500000F03E84642900F03B84752900F0388466
:100260006F2900F07B85782900F0B985E92900F035
:100270001585E42900F01285F52900F00F85EF2996
:1002800000F07885F82900F0B8850368DB0928BFFD
:1002900041F08001632901F0E782732901F0EC82CB
:1002A000E32901F0F782F32901F0FC820020704776
:1002B0001FB51CF0FEF89DE8030000F071FB00F094
:1002C00081FE0400002000211BF01CFB401C60602C
:1002D000002000211BF02CFBE060AFF30080AFF3A7
:1002E000008001F0E7FA1FBD10B501F04CFB10BD16
:1002F00001F0AEFB1146FFF7DBFF18F09FFE01F0A7
:100300002BFE03B4FFF7F0FF03BC10F021F900004F
:100310000A4880470A4880470A480047FEE7FEE748
:10032000FEE7FEE7FEE7FEE7FEE7FEE7FEE7FEE7A5
:1003300005480649064A074B7047000035EC00089F
:10034000A5BF0008AD01000808AD002088ED002021
:1003500088AD002088AD0020704770B5064600F0DB
:1003600003FB056806F10B0020F00704B4429CBFB4
:10037000002070BD2B466A68BAB11068A04210D345
:1003800004F1080188423CBF5068586007D35168A7
:10039000101941601168091B016058601460101D3C
:1003A00070BD13465268002AE7D12146284600F066
:1003B000E3FA0028DED170BD70B50446051F00F0D9
:1003C000D3FA0068002C14BF446870BD002C18BF1D
:1003D000AC423CBF20466468F8D301680A18AA42C0
:1003E00018BF456003D12A6805461144016028689A
:1003F0004119A1421CBF6C6070BD616869602168D1
:100400000844286070BD53EA020C00F069802DE9B1
:10041000F04B4FF00006002B1FBFB3FA83F503FA31
:1004200005F424FA05F65E4012BF1643B2FA82F5CF
:1004300002FA05F4C5F120051EBF22FA05FC44EAC4
:100440000C04203556EA044C4FEA144418BF641CCF
:100450004FF000084FF00009904271EB030C39D3C4
:10046000002919BFB1FA81F701FA07F6B0FA80F74F
:1004700000FA07F6C7F120071EBF20FA07FC46EA7C
:100480000C062037B6FBF4FCA7EB0507103F07F07E
:100490001F0BCBF120062CFA06F60CFA0BFB44BF1F
:1004A000B3460026202FA4BF5E464FF0000B5BEA48
:1004B000060C08BF4FF0010B19EB0B0948EB0608BF
:1004C000ABFB027C06FB02CC0BFB03CCC01B71EB2D
:1004D0000C01C1E70B46024641464846BDE8F08B99
:1004E00013B5084318BF4FF0FF300146AFF300804B
:1004F000BDE81C40704710B5044600F02DFA0068B6
:10050000005D000704D5DF2C02D0A4F1200010BD4F
:10051000204610BD0FB4044910B503AA029800F09C
:100520004DFB10BC5DF814FB540200200A46014943
:1005300000F044BB540200200FB41CB5084B06AABF
:100540007B4469460090059800F017FB04460020A4
:10055000694600F025FB20461CBC5DF814FB00003A
:100560005D0600000FB47CB50C0009AA009001D014
:100570002044401E084B7B4469460190089800F0D7
:10058000FCFA05461CB10020694600F009FB28462C
:100590007CBC5DF814FB0000310600000EB505467A
:1005A00014460E4613A001F095FE284601F092FE77
:1005B00016A001F08FFE304601F08CFE15A001F070
:1005C00089FE00218DF80B100A210DF10A008DF82B
:1005D0000A1008E094FBF1F201FB124294FBF1F4E3
:1005E000303200F8012D002CF4DC01F073FE00F035
:1005F000D9FC00002A2A2A20617373657274696F1E
:100600006E206661696C65643A2000002C20666982
:100610006C6520002C206C696E65200030B50346A7
:100620001D781DB10A4603E0AC4201D1181A30BD55
:1006300012F8014B002CF7D15B1CF1E730B50346F3
:100640001D783DB10A4612F8014B1CB1AC42FAD1FB
:100650005B1CF5E7181A30BD40EA010310B59B0793
:100660000FD1042A0DD310C808C9121F9C42F8D01C
:1006700020BA19BA884201D9012010BD4FF0FF30CD
:1006800010BD1AB1D30703D0521C07E0002010BDE3
:1006900010F8013B11F8014B1B1B07D110F8013B6F
:1006A00011F8014B1B1B01D1921EF1D1184610BD50
:1006B000032A40F2308010F0030C00F0158011F88E
:1006C000013BBCF1020F624498BF11F801CB00F866
:1006D000013B38BF11F8013BA2F1040298BF00F8BA
:1006E00001CB38BF00F8013B11F0030300F0258077
:1006F000083AC0F0088051F8043B083A51F804CB9E
:10070000A0E80810F5E7121D5CBF51F8043B40F863
:10071000043BAFF30080D20724BF11F8013B11F86E
:1007200001CB48BF11F8012B24BF00F8013B00F8B2
:1007300001CB48BF00F8012B704710B5203AC0F03C
:100740000B80B1E81850A0E81850B1E81850A0E8A4
:100750001850203ABFF4F5AF5FEA027C24BFB1E83D
:100760001850A0E8185044BF18C918C0BDE8104080
:100770005FEA827C24BF51F8043B40F8043B08BF89
:100780007047D20728BF31F8023B48BF11F8012B50
:1007900028BF20F8023B48BF00F8012B704702F049
:1007A000FF0343EA032242EA024200F002B84FF09C
:1007B00000020429C0F0128010F0030C00F01B802E
:1007C000CCF1040CBCF1020F18BF00F8012BA8BF3C
:1007D00020F8022BA1EB0C0100F00DB85FEAC17C00
:1007E00024BF00F8012B00F8012B48BF00F8012BB3
:1007F00070474FF0000200B51346944696462039E4
:1008000022BFA0E80C50A0E80C50B1F12001BFF4C9
:10081000F7AF090728BFA0E80C5048BF0CC05DF82F
:1008200004EB890028BF40F8042B08BF704748BF7D
:1008300020F8022B11F0804F18BF00F8012B7047F1
:1008400010B5044610F0030F08BF11F0030F40F07D
:1008500015804FF0013E121FC0F20E8051F8043B8C
:10086000A3EB0E0C2CEA030C1CEACE1C08BF40F8CC
:10087000043BF0D0A1F1040102F10402521E08DB96
:1008800011F8013B00F8013B002BF7D11146FFF7AF
:100890008EFF204610BD000070B50C460168002098
:1008A0004A1C3ED03C22B1FBF2F302FB1313B1FB16
:1008B000F2F12360B1FBF2F302FB1313B1FBF2F18F
:1008C00018226360B1FBF2F302FB1313B1FBF2F1E8
:1008D00046F2E0320A440721A360B2FBF1F301FBC8
:1008E000132140F2B553B2FBF3F5A161B2FBF3F172
:1008F00003FB15228900B2F5B77F08D39B10521E67
:10090000B2FBF3F52944B2FBF3F503FB15220F4BC1
:10091000E261616189077B440CD03B2A0AD3521CF7
:1009200008E02C212046FFF764FF0120E0600AE088
:10093000521A401C195C9142FAD9521CC4E9032096
:100940004FF0FF302062204670BD000007BC010060
:10095000704770477047704710B500F033FB001DBB
:1009600010BD00BFA1AF0100004870470403002084
:10097000704770477047704738B504460A460020F4
:100980006946AFF30080002808BF38BD02460099D1
:10099000204600F01BFB012038BD012001F051B8BA
:1009A000F8B5AFF30080054600200C46102000BFCC
:1009B0000646A819A0420DD9324669460020AFF379
:1009C0000080070008BF01F03CF80098A04218BF63
:1009D0000546C419FFF7C8FF05600746F01D20F063
:1009E00007004619284600F00AF8B44208BFF8BDCF
:1009F000A21B31463868BDE8F84000F0E7BA002194
:100A00000160C0E9011070471020704770B50446BE
:100A100085690068C10601D5302600E02026C007A0
:100A200007D070BDD4E9012130469047206A401CB0
:100A300020626D1EF6D570BD70B5044685690078DC
:100A4000C00707D170BDD4E9012120209047206A5A
:100A5000401C20626D1EF6D570BD09684A0501D59F
:100A600040B27047C905FCD500B2704709684A0515
:100A700001D5C0B27047C905FCD580B2704770B5CA
:100A80000C460546012A05D02878800600D5EA697B
:100A9000002302E0012305E05B1C934202D2E05CEC
:100AA0000028F9D1A869E618C01AA861286A184474
:100AB00028622846FFF7AAFF04E0D5E9012114F8CF
:100AC000010B9047B442F8D32846FFF7B5FF70BD3D
:100AD0002DE9F0410646002410687529314616A517
:100AE00010D0FFF7BAFF002802DA404213A507E052
:100AF00031688A0701D512A502E0490704D511A57E
:100B0000012401E0FFF7B2FF00210A2206F12407C9
:100B100009E0B0FBF2FCB0FBF2F302FB1C0030304A
:100B200078541846491C0028F3D123462A463046FB
:100B3000BDE8F04100F0A9BA000000002D0000005F
:100B40002B0000002000000011680268006A5305B5
:100B500001D508700AE0D30501D5088006E0130628
:100B600003D5C217C1E9000200E008600120704708
:100B700001694A1C02610878704700B58FB0CDE961
:100B800001310021059105497944CDE90310114651
:100B9000684600F043F90FB000BD0000E5FFFFFF1D
:100BA0000A6802F8010B0A607047D1E900239A42F3
:100BB00002D2531C0B60107070470000074B70B5D9
:100BC0000D467B44FFF7D9FF0446284600F06EFE31
:100BD00010B14FF0FF3070BD204670BD25AD010053
:100BE0002DE9FF5F15468A460446DFF8AC80F844DD
:100BF0000027D8E900103E46CDE9001010E03AF891
:100C000016106A4602A800F0F1FE411C07D02178B8
:100C1000890603D5E269391891420DD80744761C3C
:100C20002078800602D5E069B84205DDAE42E6DBF9
:100C30003AF816000028E2D1A069C01BA061204646
:100C4000FFF7E4FED8E90010CDE90010002017E01E
:100C50003AF818106A4602A800F0C8FEB0F1FF3F4B
:100C600081460BD000250DF1080B05E0D4E90121E8
:100C70001BF8050090476D1C4D45F7D308F10100A6
:100C8000B0428046E4DB206A384420622046FFF709
:100C9000D3FEBDE8FF9F0000EEB801002DE9F04152
:100CA0008046D21D22F007020025D2E90002F52974
:100CB00015A614D0011E72F1000106DA0023D0EB54
:100CC000030063EB020211A608E0D8F800108B07BE
:100CD00001D50FA602E0490701D50EA60125114650
:100CE000002408F1240704E000F08AF930323A5574
:100CF000641C50EA0102F7D12B4632462146404699
:100D0000BDE8F04100F0C1B9000000002D00000076
:100D10002B0000002000000030B4002100F124046A
:100D200008E002F00705D208303542EA4372DB08DA
:100D30006554491C52EA0305F3D10468002310A24C
:100D4000250708D504F020040C4304D0C46901230E
:100D50000CA2641EC46130BC00F097B910B5044603
:100D600021461068FFF782FE02462046BDE810408B
:100D70000023D1E7D21D22F00701D1E90023CBE700
:100D80000000000030000000F0B40D4601880905A5
:100D900002D5214C7C4402E01F4C7C440E340021DF
:100DA00000F1240608E002F00F071209E75D42EAAD
:100DB00003721B097754491C52EA0307F3D10278E6
:100DC0000023120704D5702D06D009B10223113477
:100DD0002246F0BC00F059B901231034F8E770B591
:100DE00004460D4621461068FFF740FE024629469C
:100DF0002046BDE870400023C6E7D21D22F007035D
:100E0000D3E90023C0E70368126843F020030360BE
:100E10000823C3610023B7E750B701002DE9F05F55
:100E2000894604464FF0000ADFF874B1FB44C0F86D
:100E300020A02046E1688847002874D0252806D0E5
:100E4000D4E901219047206A401C2062F1E7002686
:100E50005F462046E16888472028054607DB312D9C
:100E600005D2781910F8200C08B10643F1E7B00755
:100E700001D526F00406C4F81CA00027C4F818A069
:100E80002A2D09D028461AF029FD38B304EB87082B
:100E9000303DC8F8185019E059F8041B204604EBFF
:100EA00087029161E1688847012F054618D1E06902
:100EB000002820DA26F020061DE0D8F8180000EB04
:100EC000800005EB40003038C8F818002046E16883
:100ED000884705461AF002FD0028EED1012F0AD0FE
:100EE0002E2D08D12046E16888477F1C0546022F39
:100EF00046F02006C4DBA069002803DA404246F031
:100F00000106A061F00701D026F010066C2D0BD071
:100F1000682D09D04C2D39D06A2D35D0742D35D09F
:100F20007A2D33D016E038E0E1682F462046884716
:100F3000B842054609D16C2F26D04FF48060E16895
:100F4000064320468847054604E06C2F1AD04FF42C
:100F5000807006430DB3A5F14100192802D8203551
:100F600046F400664A462946204626604E46FFF76C
:100F700057F980B101280BD0F61D26F0070000F1CB
:100F8000080956E74020E4E78020D8E70020D6E7AC
:100F900006F104094DE7284652E7206ABDE8F09FB4
:100FA000E0B6010010B5002000F044FDFFF79CF909
:100FB000BDE8104001200FF0CBBA00000048704798
:100FC000FC020020004870471C03002003464068D4
:100FD0008C46002818BF88423CBF03464068F8D3BF
:100FE00018681844884207D00CF1030020F007006D
:100FF000001D411A521A0146081D0A60FFF7DCB9AC
:1010000030B5B0F10A0271F100034FEA900E4EEADA
:10101000817EB0EB0E0061EB91014FEA101E4EEAAB
:10102000017E10EB0E0041EB11114FEA102E4EEA3B
:10103000016E10EB0E0041EB11214FEA104E4EEA0B
:10104000014E10EB0E0041EB1141401841F100013F
:101050004FEAD00040EA41704FEAD1014FEA8104E3
:1010600044EA907410EB800544EB01046D1944EBE5
:101070000404521BA3414FF0000348BF0A3200D5BD
:1010800030BD401C41F1000130BD2DE9F0470D4657
:1010900099469246044600F124080168880604D562
:1010A000E06921F01001216000E00120A84201DD8B
:1010B000471B00E00027A1697A1902EB0900081A12
:1010C000A0612078C00602D42046FFF79FFC0026CE
:1010D00008E0D4E901211AF806009047206A401C74
:1010E000761C20624E45F4DB2078C0060AD52046E7
:1010F000FFF78CFC06E0D4E9012130209047206AFC
:10110000401C2062381EA7F10107F4DC07E0D4E997
:10111000012118F805009047206A401C2062281E13
:10112000A5F10105F3DC2046FFF786FC20780006D8
:1011300002D50220BDE8F0870120FBE72DE9FF4F33
:101140000C461E464FF0FF378BB0D2E90001DDF8A8
:1011500060800A908A46C1F30A5505B93D460021D0
:1011600008464FF00000BAF1000F00F4400005DA25
:1011700000EB80004FF4400101EA50004FEA905923
:10118000B9F1010F00DDB9460A9850EA4A000ED0C5
:1011900044F61050A5F2FF3545432F14B8F1000F67
:1011A0001ED07542291E1EDDC9F100021CE0B8F1F7
:1011B000010F4FF0000001D0302103E0F24305E0C1
:1011C0002154401CB042FBDB304600220021215458
:1011D0000B99C1F80880C1E900200FB0BDE8F08F7D
:1011E000BD1B6D1CDEE74A4600DA694206A800F026
:1011F00095FC06AB93E8070003AB83E80700504675
:101200000A9919F08AFF8DE80700A0F500501F38F1
:1012100000900398002D0ADD42F21F014A4608445F
:10122000002303A9039068461AF0F4F909E0A0F539
:1012300000504A461F38002303A9039068461AF05D
:10124000FEF98DE807000004000C03D04FF0FF30DA
:10125000410800E01046B8F1000F03D000220092D0
:1012600015461EE0751E05D4FFF7CAFE30326255E2
:101270006D1EF9D5B3460122084302D000227F1C1F
:1012800004E02078302801D100227F1E002A09972F
:1012900084D01DE0112D07DAFFF7B2FE303262551F
:1012A0006D1C50EA0102F5D1084302D00098C8B184
:1012B0000EE00021681E05E0235C625C635422544A
:1012C000401E491C8142F7DBAB46A81B401E09901B
:1012D000002004F80B000B98099AC0F80880C0E9B8
:1012E000002B7AE711264FF0000857E72DE9F04F61
:1012F00088460446D21D22F0070191B0D1E90001D1
:10130000CDE90A011AF0D2FA02460B98C00F01D0BB
:101310002D2007E02068810701D52B2002E0202145
:1013200001EAC000032A099001D0072A05DB034621
:101330004146204600F0B2FB0BE12078800601D543
:10134000E06900E00620B8F1650F814606D0B8F1EB
:10135000660F18D0B8F1670F70D131E00020B9F1F5
:10136000110F009001DB112301E009F101030AAA2A
:1013700001A90CA8FFF7E2FEDDE90C70002609F1D7
:101380000105834647E001204B4600904FF000479F
:101390000AAA01A90CA8FFF7D1FEDDE90DB00C994E
:1013A0005D46002610B909F101000D18B9EB0500E2
:1013B00003D4C0F1FF3609F10105A5EB09002BE0CC
:1013C000B9F1010F01DA4FF001090020B9F1110F55
:1013D0000090484601DD112300E003460AAA01A956
:1013E0000CA8FFF7ABFEDDE90C704D4600268346E6
:1013F000207800070AD4AB4500DA5D4601A8012D2C
:1014000004DD411911F8011C302907D04F4502DADB
:1014100017F1040F04DA012082460FE06D1EEEE79B
:10142000002F02DCED1B3E4403E0781CA84200DDE7
:101430007D1CB81B00F1010A4FF00047207800071F
:1014400003D4AA4501DB4FF0FF3A0021B7F1004F6A
:101450000DF143088DF8431024D002202B23002FD8
:1014600001DA7F422D230A21021EA0F1010000DCD7
:101470005FB197FBF1FC97FBF1F201FB1C7C174677
:101480000CF1300C08F801CDEEE7A8F10100037073
:101490002188090501D5452100E06521A0F1010859
:1014A00000F8011C09980FA9A1EB0807FF1D00B166
:1014B0000120411901EBEA70A1693844081A401E65
:1014C000A0612078C00602D42046FFF79FFA099851
:1014D00028B1D4E901219047206A401C206220787D
:1014E000C00622D52046FFF791FA1EE0002E04DB4D
:1014F000B34502DD01A8805D00E03020D4E9012180
:101500009047206A401C2062761CAAF101005FEA25
:10151000000A0AD1FFF756FDC0680168405CD4E9B3
:1015200001219047206A401C2062281EA5F1010578
:10153000DCDC07E0D4E9012118F8010B9047206AB0
:10154000401C2062381EA7F10107F3DC2046FFF79C
:1015500073FA032011B041E62DE9F04F04460D4621
:10156000D21D22F0070089B0D0E9009748463946DD
:101570001AF09CF90246F80F01D02D2307E02068ED
:10158000810701D52B2302E0202101EAC0038DF859
:1015900020300BB1012000E00020032A824601D058
:1015A000072A04DB2946204600F078FA3FE120783C
:1015B000800601D40D2500E0E569C7F30A560D2D1C
:1015C00049DA00214FEA175B08464FF00000002F70
:1015D00000F4400007DA00EB80004FF4400100EB1C
:1015E000D07001EA60008115012901DD4FF0FF3163
:1015F00000224FEA850CBCF1180F06D31346ACF15C
:1016000018004FF08052C24003E04FF4801323FAD9
:101610000CF30CF10C0CBCF1200F04D3ACF1200C3A
:1016200009FA0CF001E007FA0CF000294FF000482D
:1016300001DD18B90FE00ED140450CD319EB0209BA
:101640005F4121B9404502D19F4329EA0209BBEB22
:10165000175F00D0761C2088000502D57B487844AF
:1016600002E07A487844193808AA302302F80A3090
:10167000037C0AF10101002E0AF1020A53546A4662
:1016800002DC4FF0300101E04FF031014FF0010872
:101690008DF8001002D0A6F2FF3603E059EA4701A8
:1016A00000D06B4E002D02DC2178090704D54FF0E5
:1016B00002082E218DF80110C44600210BE0C7F36B
:1016C00003433F01C35C491C6D1E02F80830052925
:1016D00008F1010801DA002DF1DC00210CE000EB3B
:1016E0001973491C1B786D1E082902F808304FEA4F
:1016F000091908F1010801DA002DF0DC21688B06D8
:1017000002D516E0A8F10108E04505DD02EB08036B
:1017100013F8013C302BF5D0B8F1000F09DD02EBD6
:10172000080313F8013C2E2B03D1090701D4A8F1BB
:101730000108002D05DD3E2102F808106D1E08F19C
:101740000108407C002E02F8080008F1010804DAC4
:101750002D20764202F8080002E02B2002F8080053
:101760000A214FF47A70864208F101080BDB96FBE0
:10177000F0F3303302F8083096FBF0F308F101087B
:1017800000FB136601E0642E0CDB642096FBF0F393
:10179000303302F8083096FBF0F308F1010800FB43
:1017A000136601E00A2E06DB96FBF1F0303002F8FA
:1017B000080008F1010896FBF1F001FB10603030E1
:1017C00002F80800A16908F1010808EB050202EB24
:1017D0000A00081AA0612078C00602D42046FFF74C
:1017E00015F9216A08AE01EB0A00206204E0D4E991
:1017F000012116F8010B9047BAF1010AF7D22078BF
:10180000C00602D52046FFF701F96E4609E016F83A
:10181000010B3E280FD0D4E901219047206A401CDB
:101820002062B8F10108F2D22046FFF705F909B0AD
:101830000320BDE8F08F206A2844206203E0D4E949
:101840000121302090476D1EEBD3F8E7DEAE01009A
:1018500002FCFFFF10B5436913B1AFF3008001E054
:10186000FFF70DF9012010BD127800F124010A7074
:1018700000224A700122EDE711684FF0FF32E9E7DC
:1018800010B5436913B1AFF3008001E0FFF7A8F989
:10189000012010BD128800F1240182840022C2843C
:1018A0000122EDE711684FF0FF32E9E7007B00F01D
:1018B0008000704710B542485421FEF79AFF414816
:1018C0005421FEF796FF40485421FEF792FF3F490E
:1018D0003B483C4A3F4B08603D490A603A49196021
:1018E000531C0365481C1065012008653B48344AB9
:1018F00039A1784400F092FA20B9384878440A387F
:1019000000F050FB37482F4A35A1784400F086FAA2
:1019100020B9344878440A3800F044FB32482A4A57
:101920002FA1784400F07AFA20B92F4878440A3879
:1019300000F038FB40232248DC000021224600F062
:101940004AFA20B125487844543800F02BFB1D4852
:1019500022464023002100F03EFA20B1214878447D
:10196000543800F01FFB184822461023002100F0D5
:1019700032FA002806D01C487844BDE8104056389A
:1019800000F010BB10BD104870B5006D20F00104D0
:101990000B4800F0BBFA0B4800F0B8FA0A4800F018
:1019A000B5FA09E0206D20F00105204600F0AEFAFE
:1019B0002046FEF701FD2C46002CF3D170BD00003F
:1019C0000002002054020020A80200200000002095
:1019D00004000020080000207200000048AF010051
:1019E0007700000034AF010014AF01002DE9F04191
:1019F00016460C460546FEF7AFFF036893F8010153
:101A0000012807D0FF2C12D8185D80B101202C705E
:101A1000BDE8F081D3F807013246214603F20713EF
:101A2000C7182846BC46BDE8F041002360474FF088
:101A3000FF30EDE710B500F09DFABDE8104000F072
:101A400094BA10B500F0B6FABDE8104000F08DBAB7
:101A50007546FFF7B3FAAE4605006946534620F0D7
:101A60000700854618B020B5FEF762FCBDE82040AF
:101A70004FF000064FF000074FF000084FF0000B4A
:101A8000AC46ACE8C009ACE8C009ACE8C009ACE8B9
:101A9000C00921F007018D46704700002DE9F04193
:101AA0001F46044603260168072A01F4006004DB90
:101AB00008B116A505E016A503E008B115A500E0DC
:101AC00015A521F010002060A069C01EA0610FB113
:101AD000401EA0612046FEF799FF4FB1D4E90121D5
:101AE00038469047206A401C2062C01C206206E0F5
:101AF000206AFAE7D4E9012115F8010B9047761E18
:101B0000F8D22046FEF798FFBDE8F0814E414E0026
:101B10006E616E00494E4600696E66002DE9F04721
:101B2000814616468AB0354878440DC88DE80D00C8
:101B300032487844801C03AC0DC884E80D0041F69F
:101B40009B300844372190FBF1F290FBF1F5A5F1B1
:101B5000800501FB12041B3C02D56442012000E019
:101B60000020DFF898A080460027FA44AAF1BE0AB8
:101B70000EE0E0070AD03246684607EB4701012332
:101B80000AEB810119F05BFD8DE8070064107F1CF2
:101B9000002CEED1194F7F44AE3F19E0E80715D075
:101BA00007EB04100DF1180A90E80E008AE80E0009
:101BB000C068F04201D1981908903246012306A965
:101BC00003A819F03CFD03AB83E807006D10641C0B
:101BD000002DE3D14FF0010332466946B8F1000F02
:101BE00003A802D019F016FD01E019F028FDC9E99B
:101BF0000001C9F808200AB0BDE8F087A4AA0100D6
:101C00002DE9F04705460C46C86820F4201040F442
:101C10008000C860800602D5084600F006FBE06838
:101C200041F282014FF0FF390140022903D02046E2
:101C300000F0A4FAB5E000F42041B1F5004F0FD157
:101C4000C00306D56168E06A884200D80846606033
:101C500006E02069E062606060690EF07DFCA061D2
:101C6000A0680022EEB200280DDAE1688B050AD4E4
:101C7000C043A06041F490302260E0606068411C85
:101C800061600670A5E0E0689046226040F4005074
:101C9000E060206968BB60690EF064FC012704F114
:101CA0002405A0B1A08910F4407F08D0E069FEF7B8
:101CB00054FB206118B1E06840F4006016E0E76171
:101CC0002561E06820F4407040F480600EE0E06937
:101CD000FEF743FB00282061F1D0E06840F400608B
:101CE00010F4407FE06002D140F48070E060206931
:101CF0006060E06825696FF0010AC1051FD5616861
:101D0000E06A884200D80846411B04D02246284693
:101D100000F03EFAF0BBE068010203D5E562C4E9D9
:101D2000015854E0691CE1626160E16940F480306F
:101D3000491EC4E9021030462E70BDE8F08701024A
:101D400002D500F480320AE06068411C61600670D0
:101D5000E0680A2E40F48030E06006D00022E16A9C
:101D60006068814203D90B4602E00122F7E703468F
:101D7000A7895B1B7F0503D4E7699F4200DDE2B1C1
:101D8000814200D80146E5620F1AC4E90158002BD0
:101D900009DD00E005E022461946284600F0F8F982
:101DA00008B14846C9E747B1A069E5626560C01B54
:101DB000A061E06840F01000E060E068000208D533
:101DC0006168A069E562491B08446560A0615046EE
:101DD000B3E73046B1E770B5C468A50713D0650214
:101DE00011D4B2F5807F09D0B2F5007F06D0B2F5EC
:101DF000806F08D1012300F1240106E05D1E6FF021
:101E00007F46B54201D3012070BD0161C3614160CD
:101E100024F470611143C160002070BD2DE9F041D0
:101E20000C461646070047D0104600F06FF82078A1
:101E3000611C61280AD0722802D077283CD102E0C8
:101E40000125002405E00225042402E0082448F2CC
:101E5000020511F8010B2B2806D0622809D011F8D1
:101E6000010C74280AD00BE045F0030544F002048D
:101E7000EFE745F0040544F00104EAE744F01004FC
:101E8000384621460EF074FB411C15D0002131610B
:101E900071604FF40071F560F1617061200704D545
:101EA00030460222002100F0EDF8306D40F00100D4
:101EB00030653046BDE8F0810020FBE72DE9F041B8
:101EC0000D460646104C206DC10704D0410804D0D1
:101ED00020F00104F7E722460EE05420FEF73DFA19
:101EE00007000ED0206D47F0010108435421206502
:101EF0003846FEF77EFC3A4629463046BDE8F041BA
:101F00008CE70020D6E70000000200202DE9F04712
:101F100004464FF000094FF0FF37C568D4E9048646
:101F2000A80707D0204600F05DF930460EF00AFB06
:101F3000002802DA3846BDE8F087280502D5404679
:101F4000FEF73AFA4C212046FEF753FC206D20F0B4
:101F5000010020654846EEE710B50446AFF3008067
:101F60002046BDE81040FEF7CCB9002801D00EF0A5
:101F7000EFBA704710B5002102A000F077F90120F8
:101F800010BD0000534947414252543A2041626E0D
:101F90006F726D616C207465726D696E6174696FCA
:101FA0006E00000010B500F07BF9BDE81040FFF7AF
:101FB000DCBF000010B5012805D0002103A000F00F
:101FC00055F9012010BD09A1F8E700005349475217
:101FD000544D454D3A204F7574206F6620686561F9
:101FE00070206D656D6F7279000000003A204865C1
:101FF0006170206D656D6F727920636F727275709C
:10200000746564000000000030B44FF0013C50F8EB
:10201000042B51F8043BCCFA52F4D51A20D1FCB968
:1020200050F8042B51F8043BCCFA52F4D51A17D1CE
:10203000B4B950F8042B51F8043BCCFA52F4D51A39
:102040000ED16CB950F8042B51F8043BCCFA52F481
:10205000D51A05D1002CDAD030BC4FF00000704703
:1020600029BAB1FA81F111F01801D1F120008440B0
:10207000F2D1CA40CB4012F0FF0213F0FF0330BC94
:10208000D01A70472DE9F041044616460D464769BF
:10209000007B80072ED038460EF064FA50BB3EB36A
:1020A000012E02D0022E25D104E0204600F061F975
:1020B00005441DE038460EF04FFAE168002841F073
:1020C0001001E16005DA204600F058F80120BDE873
:1020D000F081C9030BD56268E16A914200D81146CC
:1020E000A26911442269891A814200DD084605442B
:1020F000002D01DA0220EAE7E16A6068E2688142C5
:1021000006D29103E06203D522F4003141F01002BF
:10211000A6690027AE4213DCE16A814201D90B4671
:1021200000E0034603EB060C2369ACEB030CAC4563
:1021300006DD814201D98C4600E084469C4505D1EC
:10214000A760276042F02000A5620DE0AD1BE669A4
:10215000AE1B8142A66000D90846C01A281A20602A
:102160005819606022F0200003490840E060002018
:1021700084F84870ABE70000BFCFD7FFC16821F4F7
:10218000001141F08001C160002181600160704751
:102190002DE9F047814614460E464FF0FF3832488D
:1021A000D5685769054209D03846A1690EF0E6F9AD
:1021B000002811DB2C48C0430540E5602B46324621
:1021C000494638460EF0E2F9A16920F00042B21A01
:1021D00011440028A16103D02046FFF7CFFF4046FD
:1021E000BDE8F08770B504460569C06A6168884239
:1021F00000D80846E16821F42011E160C90312D536
:10220000A84208D02246411B2846FFF7C1FF10B163
:102210004FF0FF3070BD0020E562C4E90150E06876
:1022200020F48030E060002070BD10B50446C06826
:1022300020F02000E060A16AA06988420DD020460D
:10224000FFF7D0FFE06820F4405040F01000E0605D
:10225000A06AA0612069E062606044F24001E06829
:102260008843E06010BD00001000020070B5054614
:102270000C460A2000E06D1C0EF090F935B128786C
:102280000028F8D102E0641C0EF088F914B120781F
:102290000028F8D1BDE870400A200EF07FB9000098
:1022A00010B5014602A0FFF7E1FF012010BD0000BC
:1022B00053494752545245443A2052656469726505
:1022C00063743A2063616E2774206F70656E3A20E4
:1022D0000000000010B5044900F03AF8BDE81040D5
:1022E000014800F01EB80000A802002070B50446A6
:1022F000C068810713D0800601D5A56A04E0A169F2
:10230000606808442169451A2046FFF76BFF0022E8
:10231000064629462046FFF7B5FE304670BD002030
:1023200070BD70B510B1BDE87040DFE70025074C07
:102330006E1E07E02046FFF7D9FF00B13546206D3D
:1023400020F00104002CF5D1284670BD00020020C9
:1023500070B50D46044604E0294619F0C6FA401C43
:1023600004D014F8010B0028F6D170BD4FF0FF30F7
:1023700070BD10B50146C268900703D0900607D51E
:10238000886A0AE000F016F801210160881E10BD7D
:102390008B69486818440B69C01A91F848301BB122
:1023A00091F84910401A10BD1103FCD50028FADD40
:1023B000401E10BD00487047FC02002080B5A0B050
:1023C0008DF87F001E91FF208DF877001E984CF647
:1023D000AC71C0F601011B918022FEF731FA1B9906
:1023E0001E98803010221A92FEF72AFA1A9A1B9928
:1023F0001E989030FEF724FA1B991E98A0302022D8
:10240000FEF71EFA1E98D0304CF68821C0F6010166
:102410000422FEF715FA1E990020C1F8C0001E998B
:10242000C1F8C4001E99C1F8C8001E99C1F8CC00BB
:102430009DF97F0001461C91342800F2CE841C993E
:10244000DFE811F035006A009F00D30035006A0014
:102450009F00D30035006A009F00D30035006A005A
:102460009F00D30035006A009F00D30035006A004A
:102470009F00D30035006A009F00D30035006A003A
:102480009F00D3000701350163019101BF01ED01F8
:102490001B0249027702A502D30201032F035D0349
:1024A0008B03B903E7031504430471049F041E98CA
:1024B0009DF97F108B104CF6D432C0F601028021BA
:1024C000FEF750F81E9880304CF68B21C0F60101C3
:1024D00010221992FEF7B4F9199A1E9890304DF215
:1024E000BE61C0F60101FEF7ABF91E98A0309DF960
:1024F0007F108B104CF6B332C0F601022021FEF79C
:1025000031F81E990020C1F8C0001E994FF0BF405D
:10251000C1F8C40000F065BC1E989DF97F108B10B7
:102520004CF6C132C0F601028021FEF71BF81E985E
:1025300080304CF68B21C0F6010110221892FEF774
:102540007FF9189A1E9890304DF2BE61C0F60101D5
:10255000FEF776F91E98A0309DF97F108B104CF68F
:10256000A532C0F601022021FDF7FCFF1E990020D4
:10257000C1F8C0001E994FF0BF40C1F8C40000F080
:1025800030BC1E989DF97F108B104CF69232C0F62D
:1025900001028021FDF7E6FF1E9880304CF68B216A
:1025A000C0F6010110221792FEF74AF9179A1E98F9
:1025B00090304DF2BE61C0F60101FEF741F91E9860
:1025C000A0309DF97F108B104CF67132C0F60102DD
:1025D0002021FDF7C7FF1E990020C1F8C0001E99F9
:1025E0004FF0BF40C1F8C400FBE31E989DF97F1077
:1025F0008B104CF67F32C0F601028021FDF7B2FF4E
:102600001E9880304CF68B21C0F6010110221692E4
:10261000FEF716F9169A1E9890304DF2BE61C0F67C
:102620000101FEF70DF91E98A0309DF97F108B1067
:102630004CF66332C0F601022021FDF793FF1E998C
:102640000020C1F8C0001E994FF0BF40C1F8C4007F
:10265000C7E31E984CF67321C0F601018022FEF7F5
:10266000EFF81E9880304CF6AC71C0F601011022D4
:102670001592FEF7E5F8159A1E9890304DF2BE615E
:10268000C0F60101FEF7DCF81E98A0304CF64E2192
:10269000C0F601012022FEF7D3F81E990020C1F8F0
:1026A000C0001E994FF0BF40C1F8C40099E31E98C6
:1026B0004CF65E21C0F601018022FEF7C1F81E989B
:1026C00080304CF6AC71C0F6010110221492FEF776
:1026D000B7F8149A1E9890304DF2BE61C0F6010111
:1026E000FEF7AEF81E98A0304CF63E21C0F6010170
:1026F0002022FEF7A5F81E990020C1F8C0001E99FF
:102700004FF0BF40C1F8C4006BE31E984CF609318E
:10271000C0F601018022FEF793F81E9880304CF637
:10272000AC71C0F6010110221392FEF789F8139ADA
:102730001E9890304DF2BE61C0F60101FEF780F8A0
:102740001E98A0304CF6E621C0F601012022FEF7CB
:1027500077F81E990020C1F8C0001E994FF0BF40C5
:10276000C1F8C4003DE31E984CF6F521C0F6010106
:102770008022FEF765F81E9880304CF6AC71C0F6EA
:10278000010110221292FEF75BF8129A1E98903007
:102790004DF2BE61C0F60101FEF752F81E98A0305E
:1027A0004CF6D721C0F601012022FEF749F81E9908
:1027B0000020C1F8C0001E994FF0BF40C1F8C4000E
:1027C0000FE31E984CF64F31C0F601018022FEF750
:1027D00037F81E9880304CF6AC71C0F6010110221B
:1027E0001192FEF72DF8119A1E9890304DF2BE61AD
:1027F000C0F60101FEF724F81E98A0304CF62C31EB
:10280000C0F601012022FEF71BF81E990020C1F836
:10281000C0001E994FF0BF40C1F8C400E1E21E980D
:102820004CF63B31C0F601018022FEF709F81E98F4
:1028300080304CF6AC71C0F6010110221092FDF709
:10284000FFFF109A1E9890304DF2BE61C0F6010154
:10285000FDF7F6FF1E98A0304CF61D31C0F60101C1
:102860002022FDF7EDFF1E990020C1F8C0001E993F
:102870004FF0BF40C1F8C400B3E21E984CF6C2212D
:10288000C0F601018022FDF7DBFF1E9880304CF678
:10289000AC71C0F6010110220F92FDF7D1FF0F9A23
:1028A0001E9890304DF2BE61C0F60101FDF7C8FFE1
:1028B0001E98A0304CF69D21C0F601012022FDF7A4
:1028C000BFFF1E990020C1F8C0001E994FF0BF4005
:1028D000C1F8C40085E21E984CF6AD21C0F6010196
:1028E0008022FDF7ADFF1E9880304CF6AC71C0F62B
:1028F000010110220E92FDF7A3FF0E9A1E98903050
:102900004DF2BE61C0F60101FDF79AFF1E98A0309E
:102910004CF68D21C0F601012022FDF791FF1E9992
:102920000020C1F8C0001E994FF0BF40C1F8C4009C
:1029300057E21E984CF63B41C0F601018022FDF79C
:102940007FFF1E9880304CF6AC71C0F6010110225A
:102950000D92FDF775FF0D9A1E9890304DF2BE61F5
:10296000C0F60101FDF76CFF1E98A0304CF6024145
:10297000C0F601012022FDF763FF1E990020C1F877
:10298000C0001E994FF0BF40C1F8C40029E21E9854
:102990004CF62941C0F601018022FDF751FF1E9837
:1029A00080304CF6AC71C0F6010110220C92FDF79C
:1029B00047FF0C9A1E9890304DF2BE61C0F601019F
:1029C000FDF73EFF1E98A0304CF6F531C0F6010130
:1029D0002022FDF735FF1E990020C1F8C0001E9986
:1029E0004FF0BF40C1F8C400FBE11E984CF6AD416A
:1029F000C0F601018022FDF723FF1E9880304CF6BF
:102A0000AC71C0F6010110220B92FDF719FF0B9A71
:102A10001E9890304DF2BE61C0F60101FDF710FF27
:102A20001E98A0304CF67C41C0F601012022FDF733
:102A300007FF1E990020C1F8C0001E994FF0BF404B
:102A4000C1F8C400CDE11E984CF69D41C0F60101CD
:102A50008022FDF7F5FE1E9880304CF6AC71C0F672
:102A6000010110220A92FDF7EBFE0A9A1E9890309F
:102A70004DF2BE61C0F60101FDF7E2FE1E98A030E6
:102A80004CF67141C0F601012022FDF7D9FE1E99D6
:102A90000020C1F8C0001E994FF0BF40C1F8C4002B
:102AA0009FE11E984CF60B21C0F601018022FDF734
:102AB000C7FE1E9880304CF6AC71C0F601011022A2
:102AC0000992FDF7BDFE099A1E9890304DF2BE6145
:102AD000C0F60101FDF7B4FE1E98A0304CF6D611E9
:102AE000C0F601012022FDF7ABFE1E990020C1F8BF
:102AF000C0001E994FF0BF40C1F8C40071E11E989C
:102B00004CF6FA11C0F601018022FDF799FE1E98DD
:102B100080304CF6AC71C0F6010110220892FDF72E
:102B20008FFE089A1E9890304DF2BE61C0F60101EA
:102B3000FDF786FE1E98A0304CF6CA11C0F60101C2
:102B40002022FDF77DFE1E990020C1F8C0001E99CD
:102B50004FF0BF40C1F8C40043E11E984CF65F41FE
:102B6000C0F601018022FDF76BFE1E9880304CF606
:102B7000AC71C0F6010110220792FDF761FE079AC1
:102B80001E9890304DF2BE61C0F60101FDF758FE6F
:102B90001E98A0304CF61C41C0F601012022FDF722
:102BA0004FFE1E990020C1F8C0001E994FF0BF4093
:102BB000C1F8C40015E11E984CF64D41C0F6010164
:102BC0008022FDF73DFE1E9880304CF6AC71C0F6B9
:102BD000010110220692FDF733FE069A1E989030EE
:102BE0004DF2BE61C0F60101FDF72AFE1E98A0302D
:102BF0004CF60F41C0F601012022FDF721FE1E997F
:102C00000020C1F8C0001E994FF0BF40C1F8C400B9
:102C1000E7E01E984CF6CD41C0F601018022FDF799
:102C20000FFE1E9880304CF6AC71C0F601011022E8
:102C30000592FDF705FE059A1E9890304DF2BE6193
:102C4000C0F60101FDF7FCFD1E98A0304CF6924144
:102C5000C0F601012022FDF7F3FD1E990020C1F806
:102C6000C0001E994FF0BF40C1F8C400B9E01E98E3
:102C70004CF6BD41C0F601018022FDF7E1FD1E9832
:102C800080304CF6AC71C0F6010110220492FDF7C1
:102C9000D7FD049A1E9890304DF2BE61C0F6010136
:102CA000FDF7CEFD1E98A0304CF68741C0F601011D
:102CB0002022FDF7C5FD1E990020C1F8C0001E9915
:102CC0004FF0BF40C1F8C4008BE01E984CF62D2198
:102CD000C0F601018022FDF7B3FD1E9880304CF64E
:102CE000AC71C0F6010110220392FDF7A9FD039A11
:102CF0001E9890304DF2BE61C0F60101FDF7A0FDB7
:102D00001E98A0304CF6EE11C0F601012022FDF70E
:102D100097FD1E990020C1F8C0001E994FF0BF40DA
:102D2000C1F8C4005DE01E984CF61C21C0F60101FC
:102D30008022FDF785FD1E9880304CF6AC71C0F600
:102D4000010110220292FDF77BFD029A1E9890303D
:102D50004DF2BE61C0F60101FDF772FD1E98A03074
:102D60004CF6E211C0F601012022FDF769FD1E9923
:102D70000020C1F8C0001E994FF0BF40C1F8C40048
:102D80002FE01E984CF6E731C0F601010191802238
:102D9000FDF756FD1E9880304DF2B361C0F601017B
:102DA00010220092FDF74CFD009A1E9890304DF2D3
:102DB000BE61C0F60101FDF743FD01991E98A030E8
:102DC0002022FDF73DFD1E990020C1F8C0001E998C
:102DD0004FF0BF40C1F8C40003E005208DF8770034
:102DE000FFE79DF9770020B080BD000080B598B066
:102DF0008DF85F001691FF208DF8570016984CF65D
:102E0000AC71C0F6010113918022FDF719FD1399F1
:102E10001698803010221292FDF712FD129A139923
:102E200016989030FDF70CFD13991698A0302022CB
:102E3000FDF706FD1698D0304CF68821C0F601014A
:102E40000422FDF7FDFC16990020C1F8C000169978
:102E5000C1F8C4001699C1F8C8001699C1F8CC0091
:102E60009DF95F0001461491222800F20B85149908
:102E7000DFE811F023004F004F004F004F004F00DC
:102E80004F004F004F008400A800D7000601320118
:102E900060018E01BC01F401220250027E02B602E2
:102EA000E2020E033A0366038F03B803E30304044C
:102EB000250453048104AF04DD0416984CF6D76151
:102EC000C0F6010111918022FDF7BAFC16988030FE
:102ED0004CF68B21C0F6010110221092FDF7B0FCD8
:102EE000109A169890304CF6A771C0F60101FDF7C4
:102EF000A7FC11991698A0302022FDF7A1FC169985
:102F00000120C1F8C8001699FE20C1F8CC0000F0DD
:102F1000BDBC16989DF95F104B1E4CF61C62C0F6A6
:102F200001028021FDF71EFB169880304CF68B21A4
:102F3000C0F6010110220F92FDF782FC0F9A16983D
:102F400090304DF2D721C0F60101FDF779FC1698BB
:102F5000A0309DF95F104B1E4CF62462C0F60102B2
:102F60002021FDF7FFFA16994FF0FF30C1F8C80095
:102F700016990020C1F8CC0000F088BC16984CF6D9
:102F8000D351C0F601018022FDF75AFC169890300B
:102F90004CF6E451C0F601011022FDF751FC1698E1
:102FA000A0304CF6DC51C0F601012022FDF748FCB0
:102FB00016990020C1F8C8001699FF20C1F8CC006E
:102FC00000F064BC16984CF6B951C0F6010180229D
:102FD000FDF736FC169890304CF6EB51C0F6010127
:102FE0001022FDF72DFC1698A0304CF6C551C0F606
:102FF00001012022FDF724FC1698D0304CF6D05168
:10300000C0F601010422FDF71BFC16994FF00040A9
:10301000C1F8C80016996FF00040C1F8CC0000F06C
:1030200035BC16984CF6C961C0F601018022FDF747
:1030300007FC169890304CF6EB51C0F601011022B7
:10304000FDF7FEFB1698A0304CF65D71C0F601014D
:103050002022FDF7F5FB1698D0304CF6D051C0F683
:1030600001010422FDF7ECFB16994FF00040C1F876
:10307000C80016996FF00040C1F8CC0000F006BC03
:1030800016984CF67661C0F601010E918022FDF78C
:10309000D7FB169890304CF6EB51C0F60101102288
:1030A000FDF7CEFB0E991698A0302022FDF7C8FB45
:1030B0001698D0304CF6D051C0F601010422FDF72D
:1030C000BFFB16994FF00040C1F8C80016996FF089
:1030D0000040C1F8CC00D9E316984CF6EC41C0F69C
:1030E00001018022FDF7ACFB169890304CF6EB51B5
:1030F000C0F601011022FDF7A3FB1698A0304CF694
:10310000DD41C0F601012022FDF79AFB1698D03070
:103110004CF6D051C0F601010422FDF791FB16993F
:103120004FF00040C1F8C80016996FF00040C1F898
:10313000CC00ABE316984CF61851C0F60101802282
:10314000FDF77EFB169890304CF6EB51C0F601016E
:103150001022FDF775FB1698A0304CF64051C0F6D2
:1031600001012022FDF76CFB1698D0304CF6D051AF
:10317000C0F601010422FDF763FB16994FF00040F1
:10318000C1F8C80016996FF00040C1F8CC007DE38B
:1031900016984CF60C51C0F601018022FDF750FB49
:1031A000169890304CF6EB51C0F601011022FDF755
:1031B00047FB1698A0304CF63551C0F6010120228D
:1031C000FDF73EFB1698D0304CF6D051C0F6010109
:1031D0000422FDF735FB16994FF00040C1F8C800F6
:1031E00016996FF00040C1F8CC004FE316984CF6EA
:1031F000FD41C0F601018022FDF722FB16988030C8
:103200004CF6AA71C0F6010110220D92FDF718FBD1
:103210000D9A169890304CF6A771C0F60101FDF793
:103220000FFB1698A0304CF62B51C0F6010120225E
:10323000FDF706FB1698D0304CF6D051C0F60101D0
:103240000422FDF7FDFA16994FF00040C1F8C800BE
:1032500016996FF00040C1F8CC0017E316984CF6B1
:103260005A51C0F601018022FDF7EAFA1698903013
:103270004CF6EB51C0F601011022FDF7E1FA169869
:10328000A0304CF64B51C0F601012022FDF7D8FAD0
:103290001698D0304CF6D051C0F601010422FDF74B
:1032A000CFFA16994FF00040C1F8C80016996FF098
:1032B0000040C1F8CC00E9E216984CF68651C0F601
:1032C00001018022FDF7BCFA169890304CF6EB51C4
:1032D000C0F601011022FDF7B3FA1698A0304CF6A3
:1032E000AE51C0F601012022FDF7AAFA1698D0309F
:1032F0004CF6D051C0F601010422FDF7A1FA16994F
:103300004FF00040C1F8C80016996FF00040C1F8B6
:10331000CC00BBE216984CF67A51C0F6010180222F
:10332000FDF78EFA169890304CF6EB51C0F601017D
:103330001022FDF785FA1698A0304CF6A351C0F67E
:1033400001012022FDF77CFA1698D0304CF6D051BE
:10335000C0F601010422FDF773FA16994FF0004000
:10336000C1F8C80016996FF00040C1F8CC008DE29A
:1033700016984CF66B51C0F601018022FDF760FAF9
:10338000169880304CF6AA71C0F6010110220C92FA
:10339000FDF756FA0C9A169890304CF6A771C0F6C5
:1033A0000101FDF74DFA1698A0304CF69951C0F680
:1033B00001012022FDF744FA1698D0304CF6D05186
:1033C000C0F601010422FDF73BFA16994FF00040C8
:1033D000C1F8C80016996FF00040C1F8CC0055E262
:1033E00016984CF6DF61C0F601010B918022FDF7C3
:1033F00027FA169890304CF6A771C0F601011022FA
:10340000FDF71EFA0B991698A0302022FDF718FA46
:103410001698D0304CF6D051C0F601010422FDF7C9
:103420000FFA16994FF00040C1F8C80016996FF0D6
:103430000040C1F8CC0029E216984CF69971C0F60C
:1034400001010A918022FDF7FBF9169890304CF6A5
:10345000A771C0F601011022FDF7F2F90A9916983A
:10346000A0302022FDF7ECF91698D0304CF6D05160
:10347000C0F601010422FDF7E3F916994FF0004070
:10348000C1F8C80016996FF00040C1F8CC00FDE10A
:1034900016984CF6A161C0F601018022FDF7D0F923
:1034A000169890304CF6A771C0F601011022FDF776
:1034B000C7F91698A0304CF68861C0F601012022A9
:1034C000FDF7BEF91698D0304CF6D051C0F6010188
:1034D0000422FDF7B5F916990020C1F8C800169925
:1034E0000320C1F8CC00D1E116984CF69261C0F6E9
:1034F00001018022FDF7A4F9169890304CF6A771CF
:10350000C0F601011022FDF79BF91698A0304CF689
:103510007D61C0F601012022FDF792F91698D030A6
:103520004CF6D051C0F601010422FDF789F9169935
:103530000020C1F8C80016990320C1F8CC00A5E10D
:1035400016984DF28701C0F6010109918022FDF71E
:1035500077F9169890304CF6A771C0F60101102249
:10356000FDF76EF909991698A0302022FDF768F949
:103570001698D0304CF6D051C0F601010422FDF768
:103580005FF916990020C1F8C8001699C1F8CC005F
:103590007CE116984DF2A951C0F6010108918022F4
:1035A000FDF74EF9169890304CF6A771C0F6010160
:1035B0001022FDF745F908991698A0302022FDF752
:1035C0003FF91698D0304CF6D051C0F601010422D4
:1035D000FDF736F916990020C1F8C8001699C1F810
:1035E000CC0053E116984CF63861C0F601018022F8
:1035F000FDF726F9169890304CF6A771C0F6010138
:103600001022FDF71DF91698A0304CF68771C0F610
:1036100001012022FDF714F91698D0304CF6D05154
:10362000C0F601010422FDF70BF916990020C1F83C
:10363000C8001699C1F8CC0028E116984CF6AF6185
:10364000C0F6010107918022FDF7FAF81698903034
:103650004DF2D721C0F601011022FDF7F1F80799CC
:103660001698A0302022FDF7EBF816990020C1F83B
:10367000C80016990120C1F8CC0007E116984CF655
:10368000BC61C0F6010106918022FDF7D9F81698B9
:1036900090304DF2D721C0F601011022FDF7D0F88D
:1036A00006991698A0302022FDF7CAF81699002036
:1036B000C1F8C80016990120C1F8CC00E6E01698C0
:1036C0004CF66161C0F601018022FDF7B9F8169849
:1036D00080304CF66471C0F6010110220592FDF7AE
:1036E000AFF8059A169890304DF2D721C0F6010137
:1036F000FDF7A6F81698A0304CF64E61C0F6010111
:103700002022FDF79DF81698D0304CF6D051C0F627
:1037100001010422FDF794F8B8E016984CF63E71CA
:10372000C0F601018022FDF78BF8169880304CF628
:10373000AC71C0F6010110220492FDF781F8049AE1
:10374000169890304DF2D721C0F60101FDF778F8B8
:103750001698A0304CF60471C0F601012022FDF746
:103760006FF81698D0304CF6D051C0F60101042203
:10377000FDF766F88AE016984CF61F71C0F6010155
:103780008022FDF75DF8169880304CF6AC71C0F6DB
:10379000010110220392FDF753F8039A1698903016
:1037A0004DF2D721C0F60101FDF74AF81698A03076
:1037B0004CF6E861C0F601012022FDF741F81698A9
:1037C000D0304CF6D051C0F601010422FDF738F894
:1037D0005CE016984CF6F251C0F601018022FDF72C
:1037E0002FF8169880304CF6AC71C0F6010110220B
:1037F0000292FDF725F8029A169890304DF2D721E3
:10380000C0F60101FDF71CF81698A0304CF66A715D
:10381000C0F601012022FDF713F81698D0304CF6BF
:10382000D051C0F601010422FDF70AF82EE01698E7
:103830004CF62B61C0F6010101918022FDF700F8E2
:10384000169880304CF68B21C0F6010110220092B0
:10385000FCF7F6FF009A169890304DF2D721C0F68B
:103860000101FCF7EDFF01991698A0302022FCF72A
:10387000E7FF16990020C1F8C80016990120C1F889
:10388000CC0003E005208DF85700FFE79DF95700B5
:1038900018B080BD80B5CEB08DF837014C91FF20B7
:1038A0008DF82F014C984CF6AC71C0F6010149918E
:1038B0008022FCF7C5FF49994C988030102248922D
:1038C000FCF7BEFF489A49994C989030FCF7B8FF36
:1038D00049994C98A0302022FCF7B2FF4C98D03088
:1038E0004CF6D051C0F601010422FCF7A9FF4C9917
:1038F0000020C1F8C0004C99C1F8C4009DF93701FF
:1039000001464A91522801F283854A99DFE811F075
:10391000530094005300940053009400530094000B
:1039200053009400530094005300940053009400FB
:10393000D40007013A016D01A101D50109023D0240
:103940007102A502D70209033B036B039B03C80363
:10395000F60321044E047F04B004E1041305450579
:103960007705A905DB050D063D066D069D06CF060C
:10397000FC062D075E078F07C107F30725085608C9
:103980008708B808E808180948097A099D09C00994
:10399000E409080A3B0A6E0AA10ACF0AFD0A2E0BA7
:1039A0005F0B900BC10BF20B230C540C850CB60C67
:1039B000E70C1A0D4D0D4C989DF937114B104DF237
:1039C000CB22C0F601028021FCF7CCFD4C98803060
:1039D0004DF2B361C0F6010110224792FCF730FFAF
:1039E000479A4C9890304DF2FC21C0F60101FCF74B
:1039F00027FF4C98A0309DF937114B104DF2C02293
:103A0000C0F601022021FCF7ADFD4C98D0304CF6F9
:103A1000AC71C0F601010422FCF712FF4C990020A2
:103A2000C4F26010C1F8C0004C990020C4F2A0108C
:103A3000C1F8C40001F0F0BC4C989DF937114B104F
:103A40004DF2B022C0F601028021FCF78BFD4C98AC
:103A500080304DF2B361C0F6010110224692FCF7AE
:103A6000EFFE469A4C9890304DF2FC21C0F60101D1
:103A7000FCF7E6FE4C98A0309DF937114B104DF243
:103A8000A522C0F601022021FCF76CFD4C98D03035
:103A90004CF6AC71C0F601010422FCF7D1FE4C9942
:103AA0004FF08140C1F8C0004C990020C4F22010B2
:103AB000C1F8C40001F0B0BC4C984DF27201C0F6E0
:103AC00001018022FCF7BCFE4C9880304DF2B361BE
:103AD000C0F6010110224592FCF7B2FE459A4C98BF
:103AE00090304DF2FC21C0F60101FCF7A9FE4C9884
:103AF000A0304CF6F371C0F601012022FCF7A0FEC5
:103B00004C9946F26660C4F24600C1F8C0004C9978
:103B10000020C4F26000C1F8C40001F07DBC4C98E4
:103B20004DF26001C0F601018022FCF789FE4C983D
:103B300080304DF2B361C0F6010110224492FCF7CF
:103B40007FFE449A4C9890304DF2FC21C0F6010162
:103B5000FCF776FE4C98A0304CF6E871C0F60101F7
:103B60002022FCF76DFE4C9946F26660C4F24600D6
:103B7000C1F8C0004C990020C4F26000C1F8C40034
:103B800001F04ABC4C984DF24E01C0F60101802272
:103B9000FCF756FE4C9880304DF2B361C0F601013F
:103BA00010224392FCF74CFE439A4C9890304DF211
:103BB000FC21C0F60101FCF743FE4C98A0304CF606
:103BC000DD71C0F601012022FCF73AFE4C9946F265
:103BD0006660C4F24600C1F8C0004C990020C4F2EF
:103BE0006000C1F8C40001F017BC4C984DF23021C0
:103BF000C0F601018022FCF723FE4C9880304DF284
:103C0000B361C0F6010110224292FCF719FE429AFC
:103C10004C9890304DF2FC21C0F60101FCF710FEEB
:103C20004C98A0304DF24021C0F601012022FCF753
:103C300007FE4C9949F69A10CCF2A900C1F8C000D1
:103C40004C9946F26660CCF29600C1F8C40001F0CF
:103C5000E3BB4C984DF22021C0F601018022FCF715
:103C6000EFFD4C9880304DF2B361C0F60101102297
:103C70004192FCF7E5FD419A4C9890304DF2FC21C1
:103C8000C0F60101FCF7DCFD4C98A0304DF2042198
:103C9000C0F601012022FCF7D3FD4C9949F69A1099
:103CA000CCF2A900C1F8C0004C9946F26660CCF293
:103CB0009600C1F8C40001F0AFBB4C984DF2102142
:103CC000C0F601018022FCF7BBFD4C9880304DF21C
:103CD000B361C0F6010110224092FCF7B1FD409A99
:103CE0004C9890304DF2FC21C0F60101FCF7A8FD84
:103CF0004C98A0304DF2F811C0F601012022FCF7DB
:103D00009FFD4C9949F69A10CCF2A900C1F8C00069
:103D10004C9946F26660CCF29600C1F8C40001F0FE
:103D20007BBB4C984DF28421C0F601018022FCF748
:103D300087FD4C9880304DF2B361C0F6010110222E
:103D40003F92FCF77DFD3F9A4C9890304DF2FC215C
:103D5000C0F60101FCF774FD4C98A0304DF294219F
:103D6000C0F601012022FCF76BFD4C9946F266601B
:103D7000C4F29600C1F8C0004C9949F69A10C4F2FA
:103D8000A900C1F8C40001F047BB4C984DF2742162
:103D9000C0F601018022FCF753FD4C9880304DF2B3
:103DA000B361C0F6010110223E92FCF749FD3E9A34
:103DB0004C9890304DF2FC21C0F60101FCF740FD1B
:103DC0004C98A0304DF25821C0F601012022FCF79A
:103DD00037FD4C9946F26660C4F29600C1F8C00007
:103DE0004C9949F69A10C4F2A900C1F8C40001F038
:103DF00013BB4C984DF26421C0F601018022FCF700
:103E00001FFD4C9880304DF2B361C0F601011022C5
:103E10003D92FCF715FD3D9A4C9890304DF2FC21F7
:103E2000C0F60101FCF70CFD4C98A0304DF24C217E
:103E3000C0F601012022FCF703FD4C9946F26660B2
:103E4000C4F29600C1F8C0004C9949F69A10C4F229
:103E5000A900C1F8C40001F0DFBA4C984DF2DA11A4
:103E6000C0F601018022FCF7EBFC4C9880304DF24B
:103E7000B361C0F6010110223C92FCF7E1FC3C9AD0
:103E80004C9890304DF2F721C0F60101FCF7D8FCB8
:103E90004C98A0304DF2EB11C0F601012022FCF746
:103EA000CFFC4C990020C4F2C010C1F8C0004C995E
:103EB0000020C4F2C410C1F8C40001F0ADBA4C989F
:103EC0004DF2C911C0F601018022FCF7B9FC4C98F3
:103ED00080304DF2B361C0F6010110223B92FCF735
:103EE000AFFC3B9A4C9890304DF2F721C0F601019F
:103EF000FCF7A6FC4C98A0304DF2AB11C0F60101C6
:103F00002022FCF79DFC4C990020C4F2C010C1F89F
:103F1000C0004C990020C4F2C410C1F8C40001F0E4
:103F20007BBA4C984DF2B811C0F601018022FCF723
:103F300087FC4C9880304DF2B361C0F6010110222D
:103F40003A92FCF77DFC3A9A4C9890304DF2F7216A
:103F5000C0F60101FCF774FC4C98A0304DF29E11A4
:103F6000C0F601012022FCF76BFC4C990020C4F242
:103F7000C010C1F8C0004C990020C4F2C410C1F8B0
:103F8000C40001F049BA4C984DF21331C0F601015A
:103F900039918022FCF754FC4C9880304CF6AA7181
:103FA000C0F6010110223892FCF74AFC389A4C986E
:103FB00090304DF2F721C0F60101FCF741FC399930
:103FC0004C98A0302022FCF73BFC4C990020CCF20E
:103FD0002020C1F8C0004C990020C4F2AA20C1F8EA
:103FE000C40001F019BA4C984DF2A021C0F60101AD
:103FF00037918022FCF724FC4C9880304DF24D61C3
:10400000C0F6010110223692FCF71AFC369A4C9841
:1040100090304DF2F221C0F60101FCF711FC379906
:104020004C98A0302022FCF70BFC4C990020C4F2E5
:104030002F40C1F8C0004C990020C4F24840C1F89C
:10404000C40001F0E9B94C984DF2EB21C0F6010132
:1040500035918022FCF7F4FB4C9880304CF6687167
:10406000C0F6010110223492FCF7EAFB349A4C9816
:1040700090304DF2F721C0F60101FCF7E1FB3599D4
:104080004C98A0302022FCF7DBFB4C990020C1F8B3
:10409000C0004C994FF0BF40C1F8C40001F0BCB95A
:1040A0004C984DF29101C0F6010133918022FCF74A
:1040B000C7FB4C9880304CF68B21C0F601011022D2
:1040C0003292FCF7BDFB329A4C9890304DF2F221BF
:1040D000C0F60101FCF7B4FB33994C98A0302022C4
:1040E000FCF7AEFB4C990020C1F8C0004C990020B1
:1040F000C4F24000C1F8C40001F08EB94C984DF2F2
:104100000631C0F6010131918022FCF799FB4C98F1
:1041100080304CF68B21C0F6010110223092FCF762
:104120008FFB309A4C9890304DF2F221C0F601018D
:10413000FCF786FB31994C98A0302022FCF780FBDD
:104140004C990020C1F8C0004C99C1F8C40001F09E
:1041500063B94C984DF2DA21C0F601012F9180220B
:10416000FCF76EFB4C9880304CF66871C0F601018C
:1041700010222E92FCF764FB2E9A4C9890304DF250
:10418000F221C0F60101FCF75BFB2F994C98A0309F
:104190002022FCF755FB4C990020C1F8C0004C9937
:1041A0004FF0BF40C1F8C40001F036B94C984DF251
:1041B0003051C0F601018022FCF742FB4C98803060
:1041C0004CF6FE71C0F6010110222D92FCF738FB6F
:1041D0002D9A4C9890304DF20131C0F60101FCF758
:1041E0002FFB4C98A0304DF2BF41C0F601012022B8
:1041F000FCF726FB4C990020C1F8C0004C994CF606
:10420000CD40C3F6CC60C1F8C40001F005B94C98AC
:104210004DF20E51C0F601018022FCF711FB4C98C3
:1042200080304CF6FE71C0F6010110222C92FCF792
:1042300007FB2C9A4C9890304DF20131C0F60101E9
:10424000FCF7FEFA4C98A0304DF2A541C0F60101F2
:104250002022FCF7F5FA4C990020C1F8C0004C99D7
:104260004CF6CD40C3F6CC60C1F8C40001F0D4B820
:104270004C984DF2EC41C0F601018022FCF7E0FAC7
:104280004C9880304CF6FE71C0F6010110222B9242
:10429000FCF7D6FA2B9A4C9890304DF20131C0F6CB
:1042A0000101FCF7CDFA4C98A0304DF28B41C0F6DD
:1042B00001012022FCF7C4FA4C990020C1F8C0008B
:1042C0004C994CF6CD40C3F6CC60C1F8C40001F067
:1042D000A3B84C984DF20B41C0F601018022FCF7C7
:1042E000AFFA4C9880304DF2B361C0F60101102254
:1042F0002A92FCF7A5FA2A9A4C9890304DF2F721B1
:10430000C0F60101FCF79CFA4C98A0304DF21B61FD
:10431000C0F601012022FCF793FA4C990020C4F268
:104320009810C1F8C0004C990020C4F2E810C1F800
:10433000C40001F071B84C984DF2F331C0F60101A0
:104340008022FCF77DFA4C9880304DF2B361C0F6C4
:10435000010110222992FCF773FA299A4C989030A7
:104360004DF2F721C0F60101FCF76AFA4C98A03033
:104370004DF2A931C0F601012022FCF761FA4C99F7
:104380000020C4F29810C1F8C0004C990020C4F27B
:10439000E810C1F8C40001F03FB84C984DF2DB3191
:1043A000C0F601018022FCF74BFA4C9880304DF2A8
:1043B000B361C0F6010110222892FCF741FA289A55
:1043C0004C9890304DF2F721C0F60101FCF738FA15
:1043D0004C98A0304DF2AE01C0F601012022FCF74E
:1043E0002FFA4C990020C4F29810C1F8C0004C99E3
:1043F0000020C4F2E810C1F8C40001F00DB84C98D8
:104400004DF23401C0F601018022FCF719FA4C98F4
:1044100080304DF2B361C0F6010110222792FCF703
:104420000FFA279A4C9890304DF2FC21C0F601010A
:10443000FCF706FA4C98A0304DF20161C0F601017C
:104440002022FCF7FDF94C990020C4F22010C1F89D
:10445000C0004C990020C4F25810C1F8C40000F00C
:10446000DBBF4C984DF21A01C0F601018022FCF727
:10447000E7F94C9880304DF2B361C0F6010110228B
:104480002692FCF7DDF9269A4C9890304DF2FC21EB
:10449000C0F60101FCF7D4F94C98A0304DF28F31F1
:1044A000C0F601012022FCF7CBF94C990020C4F2A0
:1044B0002010C1F8C0004C990020C4F25810C1F877
:1044C000C40000F0A9BF4C984DF20001C0F60101F4
:1044D0008022FCF7B5F94C9880304DF2B361C0F6FC
:1044E000010110222592FCF7ABF9259A4C989030E7
:1044F0004DF2FC21C0F60101FCF7A2F94C98A03066
:104500004DF29401C0F601012022FCF799F94C9973
:104510000020C4F22010C1F8C0004C990020C4F261
:104520005810C1F8C40000F077BF4C984DF2E75125
:10453000C0F601018022FCF783F94C9880304CF6DC
:104540008921C0F6010110222492FCF779F9249AFE
:104550004C9890304DF2F721C0F60101FCF770F94C
:104560004C98A0304DF23361C0F601012022FCF7D7
:1045700067F94C990020C1F8C0004C990020C4F2A2
:10458000E000C1F8C40000F047BF4C984DF2CD5197
:10459000C0F601018022FCF753F94C9880304CF6AC
:1045A0008921C0F6010110222392FCF749F9239AD0
:1045B0004C9890304DF2F721C0F60101FCF740F91C
:1045C0004C98A0304DF2C131C0F601012022FCF719
:1045D00037F94C990020C1F8C0004C990020C4F272
:1045E000E000C1F8C40000F017BF4C984DF2B35181
:1045F000C0F601018022FCF723F94C9880304CF67C
:104600008921C0F6010110222292FCF719F9229AA1
:104610004C9890304DF2F721C0F60101FCF710F9EB
:104620004C98A0304DF2E201C0F601012022FCF7C7
:1046300007F94C990020C1F8C0004C990020C4F241
:10464000E000C1F8C40000F0E7BE4C984DF26441B0
:10465000C0F601018022FCF7F3F84C9880304DF24F
:104660004C01C0F6010110222192FCF7E9F8219AD1
:104670004C9890304DF2F721C0F60101FCF7E0F8BC
:104680004C98A0304DF2C601C0F601012022FCF783
:10469000D7F84C990020CCF22020C1F8C0004C99EA
:1046A0000020C4F2AA20C1F8C40000F0B5BE4C98A6
:1046B0004DF2E621C0F6010120918022FCF7C0F8FE
:1046C0004C9880304CF66871C0F6010110221F92A0
:1046D000FCF7B6F81F9A4C9890304DF2F221C0F6D4
:1046E0000101FCF7ADF820994C98A0302022FCF78E
:1046F000A7F84C990020C1F8C0004C994FF0BF407A
:10470000C1F8C40000F088BE4C984DF24151C0F68B
:1047100001018022FCF794F84C9880304CF6FE7131
:10472000C0F6010110221E92FCF78AF81E9A4C98DE
:1047300090304DF20131C0F60101FCF781F84C9840
:10474000A0304DF2CC41C0F601012022FCF778F8F0
:104750004C990020C1F8C0004C994CF6CD40C3F6EE
:10476000CC60C1F8C40000F057BE4C984DF21F5108
:10477000C0F601018022FCF763F84C9880304CF6BB
:10478000FE71C0F6010110221D92FCF759F81D9A26
:104790004C9890304DF20131C0F60101FCF750F811
:1047A0004C98A0304DF2B241C0F601012022FCF736
:1047B00047F84C990020C1F8C0004C994CF6CD4008
:1047C000C3F6CC60C1F8C40000F026BE4C984DF290
:1047D000FD41C0F601018022FCF732F84C98803090
:1047E0004CF6FE71C0F6010110221C92FCF728F86D
:1047F0001C9A4C9890304DF20131C0F60101FCF743
:104800001FF84C98A0304DF29841C0F601012022CB
:10481000FCF716F84C990020C1F8C0004C994CF6F2
:10482000CD40C3F6CC60C1F8C40000F0F5BD4C9893
:104830004DF21741C0F601018022FCF701F84C98B7
:1048400080304DF2B361C0F6010110221B92FBF7DC
:10485000F7FF1B9A4C9890304DF2F721C0F60101FA
:10486000FBF7EEFF4C98A0304DF22761C0F6010136
:104870002022FBF7E5FF4C990020C4F29010C1F80C
:10488000C0004C990020C4F2F010C1F8C40000F040
:10489000C3BD4C984DF2FF31C0F601018022FBF7F9
:1048A000CFFF4C9880304DF2B361C0F60101102269
:1048B0001A92FBF7C5FF1A9A4C9890304DF2F721E7
:1048C000C0F60101FBF7BCFF4C98A0304DF2B531AA
:1048D000C0F601012022FBF7B3FF4C990020C4F27F
:1048E0009010C1F8C0004C990020C4F2F010C1F83B
:1048F000C40000F091BD4C984DF2E731C0F60101C3
:104900008022FBF79DFF4C9880304DF2B361C0F6DA
:10491000010110221992FBF793FF199A4C989030DD
:104920004DF2F721C0F60101FBF78AFF4C98A03049
:104930004DF2BA01C0F601012022FBF781FF4C992C
:104940000020C4F29010C1F8C0004C990020C4F2BD
:10495000F010C1F8C40000F05FBD4C984DF2410169
:10496000C0F601018022FBF76BFF4C9880304DF2BE
:10497000B361C0F6010110221892FBF761FF189A8B
:104980004C9890304DF2FC21C0F60101FBF758FF26
:104990004C98A0304DF20E61C0F601012022FBF7C9
:1049A0004FFF4C990020C4F2E000C1F8C0004C99C0
:1049B0004FF08240C1F8C40000F02EBD4C984DF27B
:1049C0002701C0F601018022FBF73AFF4C988030A6
:1049D0004DF2B361C0F6010110221792FBF730FFD0
:1049E000179A4C9890304DF2FC21C0F60101FBF76C
:1049F00027FF4C98A0304DF29C31C0F601012022D7
:104A0000FBF71EFF4C990020C4F2E000C1F8C00083
:104A10004C994FF08240C1F8C40000F0FDBC4C98A6
:104A20004DF20D01C0F601018022FBF709FF4C9801
:104A300080304DF2B361C0F6010110221692FBF7EF
:104A4000FFFE169A4C9890304DF2FC21C0F6010101
:104A5000FBF7F6FE4C98A0304DF2A101C0F6010123
:104A60002022FBF7EDFE4C990020C4F2E000C1F8D3
:104A7000C0004C994FF08240C1F8C40000F0CCBC9B
:104A80004C984DF2F451C0F601018022FBF7D8FE9C
:104A90004C9880304CF68921C0F601011022159205
:104AA000FBF7CEFE159A4C9890304DF2F721C0F6E8
:104AB0000101FBF7C5FE4C98A0304DF24061C0F6F5
:104AC00001012022FBF7BCFE4C990020C1F8C00078
:104AD0004C990020C4F2E000C1F8C40000F09CBC76
:104AE0004C984DF2DA51C0F601018022FBF7A8FE86
:104AF0004C9880304CF68921C0F6010110221492A6
:104B0000FBF79EFE149A4C9890304DF2F721C0F6B8
:104B10000101FBF795FE4C98A0304DF2CE31C0F666
:104B200001012022FBF78CFE4C990020C1F8C00047
:104B30004C990020C4F2E000C1F8C40000F06CBC45
:104B40004C984DF2C051C0F601018022FBF778FE6F
:104B50004C9880304CF68921C0F601011022139246
:104B6000FBF76EFE139A4C9890304DF2F721C0F689
:104B70000101FBF765FE4C98A0304DF2EF01C0F645
:104B800001012022FBF75CFE4C990020C1F8C00017
:104B90004C990020C4F2E000C1F8C40000F03CBC15
:104BA0004C984DF27241C0F601018022FBF748FE9D
:104BB0004C9880304DF24C01C0F601011022129247
:104BC000FBF73EFE129A4C9890304DF2F721C0F65A
:104BD0000101FBF735FE4C98A0304DF2D401C0F630
:104BE00001012022FBF72CFE4C990020CCF2202062
:104BF000C1F8C0004C990020C4F2AA20C1F8C4003A
:104C000000F00ABC4C984DF28031C0F601018022C0
:104C1000FBF716FE4C9890304DF2F221C0F60101E0
:104C20001022FBF70DFE4C98A0304CF68861C0F6C0
:104C300001012022FBF704FE4C990020C1F8C800B6
:104C40004C990320C1F8CC00E6E34C984DF270314A
:104C5000C0F601018022FBF7F3FD4C9890304DF235
:104C6000F221C0F601011022FBF7EAFD4C98A030BA
:104C70004CF67D61C0F601012022FBF7E1FD4C9965
:104C80000020C1F8C8004C990320C1F8CC00C3E350
:104C90004C984CF6B771C0F601018022FBF7D0FDAD
:104CA0004C9890304DF2F721C0F601011022FBF72D
:104CB000C7FD4C98A0304CF6AD71C0F60101202222
:104CC000FBF7BEFD4C990020C1F8C8004C994FF489
:104CD0007A70C1F8CC009FE34C984CF6CF71C0F6C7
:104CE00001018022FBF7ACFD4C9890304DF2F7218A
:104CF000C0F601011022FBF7A3FD4C98A0304CF642
:104D0000C571C0F601012022FBF79AFD4C990020E5
:104D1000C1F8C8004C994FF47A70C1F8CC007BE31D
:104D20004C984DF28701C0F601018022FBF788FD07
:104D30004C9880304CF68B21C0F601011022119264
:104D4000FBF77EFD119A4C9890304DF2F221C0F69F
:104D50000101FBF775FD4C98A0304DF28401C0F6BF
:104D600001012022FBF76CFD4C994CF6CD40CBF6AF
:104D70004C50C1F8C0004C994CF6CD40C3F64C5095
:104D8000C1F8C40048E34C984DF2A951C0F60101A6
:104D90008022FBF755FD4C9880304CF68B21C0F6F5
:104DA000010110221092FBF74BFD109A4C989030A5
:104DB0004DF2F221C0F60101FBF742FD4C98A03004
:104DC0004DF2A651C0F601012022FBF739FD4C99A6
:104DD0004CF6CD40CBF64C50C1F8C0004C994CF687
:104DE000CD40C3F64C50C1F8C40015E34C984CF6C6
:104DF0003861C0F601018022FBF722FD4C9880301B
:104E00004CF68B21C0F6010110220F92FBF718FD22
:104E10000F9A4C9890304DF2F221C0F60101FBF749
:104E20000FFD4C98A0304DF2D941C0F6010120226F
:104E3000FBF706FD4C994CF6CD40CBF64C50C1F833
:104E4000C0004C994CF6CD40C3F64C50C1F8C4009C
:104E5000E2E24C984DF25251C0F601018022FBF77C
:104E6000EFFC4C9880304CF68B21C0F601011022EB
:104E70000E92FBF7E5FC0E9A4C9890304DF2F22121
:104E8000C0F60101FBF7DCFC4C98A0304DF26851F4
:104E9000C0F601012022FBF7D3FC4C990020C1F899
:104EA000C0004C994FF0BF40C1F8C400B4E24C9828
:104EB0004DF27D51C0F601018022FBF7C1FC4C98F8
:104EC00080304CF68B21C0F6010110220D92FBF7C9
:104ED000B7FC0D9A4C9890304DF2F221C0F60101CA
:104EE000FBF7AEFC4C98A0304DF29251C0F6010198
:104EF0002022FBF7A5FC4C990020C1F8C0004C997A
:104F00004FF0BF40C1F8C40086E24C984DF25841C2
:104F1000C0F601018022FBF793FC4C9880304DF2E3
:104F20004C01C0F6010110220C92FBF789FC0C9A8F
:104F30004C9890304DF2F721C0F60101FBF780FC50
:104F40004C98A0304DF28041C0F601012022FBF7C1
:104F500077FC4C990020CCF22020C1F8C0004C997D
:104F60000020C4F2AA20C1F8C40055E24C984DF2CA
:104F70004E41C0F601018022FBF762FC4C98803064
:104F80004DF24C01C0F6010110220B92FBF758FCC8
:104F90000B9A4C9890304DF2F721C0F60101FBF7C7
:104FA0004FFC4C98A0304DF23341C0F60101202255
:104FB000FBF746FC4C990020CCF22020C1F8C00041
:104FC0004C990020C4F2AA20C1F8C40024E24C98F5
:104FD0004DF23C41C0F601018022FBF731FC4C98B8
:104FE00080304DF24C01C0F6010110220A92FBF70D
:104FF00027FC0A9A4C9890304DF2F721C0F6010137
:10500000FBF71EFC4C98A0304DF22341C0F6010185
:105010002022FBF715FC4C990020CCF22020C1F88F
:10502000C0004C990020C4F2AA20C1F8C400F3E1EA
:105030004C984DF24541C0F601018022FBF700FC7F
:105040004C9880304DF24C01C0F6010110220992BB
:10505000FBF7F6FB099A4C9890304DF2F721C0F619
:105060000101FBF7EDFB4C98A0304DF22B41C0F64F
:1050700001012022FBF7E4FB4C990020CCF2202018
:10508000C1F8C0004C990020C4F2AA20C1F8C400A5
:10509000C2E14C984DF28411C0F601018022FBF769
:1050A000CFFB4C9880304DF2B361C0F60101102265
:1050B0000892FBF7C5FB089A4C9890304DF2F72107
:1050C000C0F60101FBF7BCFB4C98A0304DF29311E8
:1050D000C0F601012022FBF7B3FB4C990020C4F27B
:1050E000E000C1F8C0004C990020C4F21010C1F8D3
:1050F000C40091E14C984DF27511C0F60101802277
:10510000FBF79EFB4C9880304DF2B361C0F6010175
:1051100010220792FBF794FB079A4C9890304DF2BF
:10512000F721C0F60101FBF78BFB4C98A0304DF244
:105130005B11C0F601012022FBF782FB4C99002095
:10514000C4F2E000C1F8C0004C990020C4F2101075
:10515000C1F8C40060E14C984DF26611C0F601013F
:105160008022FBF76DFB4C9880304DF2B361C0F6A6
:10517000010110220692FBF763FB069A4C989030CF
:105180004DF2F721C0F60101FBF75AFB4C98A03015
:105190004DF25011C0F601012022FBF751FB4C9952
:1051A0000020C4F2E000C1F8C0004C990020C4F215
:1051B0001010C1F8C4002FE14C984DF23411C0F624
:1051C00001018022FBF73CFB4C9880304DF2B3612B
:1051D000C0F6010110220592FBF732FB059A4C98AC
:1051E00090304DF2F721C0F60101FBF729FB4C98F6
:1051F000A0304DF24411C0F601012022FBF720FB44
:105200004C990020C4F2D010C1F8C0004C99002085
:10521000C4F2F010C1F8C400FEE04C984DF2241125
:10522000C0F601018022FBF70BFB4C9880304DF259
:10523000B361C0F6010110220492FBF701FB049A4E
:105240004C9890304DF2F721C0F60101FBF7F8FAC7
:105250004C98A0304DF20811C0F601012022FBF756
:10526000EFFA4C990020C4F2D010C1F8C0004C995C
:105270000020C4F2F010C1F8C400CDE04C984DF20B
:105280001411C0F601018022FBF7DAFA4C98803045
:105290004DF2B361C0F6010110220392FBF7D0FA80
:1052A000039A4C9890304DF2F721C0F60101FBF7BC
:1052B000C7FA4C98A0304DF2FC01C0F60101202243
:1052C000FBF7BEFA4C990020C4F2D010C1F8C00020
:1052D0004C990020C4F2F010C1F8C4009CE04C9836
:1052E0004DF25431C0F601018022FBF7A9FA4C9827
:1052F00080304DF2B361C0F6010110220292FBF73B
:105300009FFA029A4C9890304DF2F721C0F60101B5
:10531000FBF796FA4C98A0304DF26431C0F60101CB
:105320002022FBF78DFA4C994CF6CD40C4F20C00CC
:10533000C1F8C0004C994CF6CD40C4F22C00C1F825
:10534000C40069E04C984DF24431C0F6010180225E
:10535000FBF776FA4C9880304DF2B361C0F601014C
:1053600010220192FBF76CFA019A4C9890304DF2A2
:10537000F721C0F60101FBF763FA4C98A0304DF21B
:105380002831C0F601012022FBF75AFA4C994CF65D
:10539000CD40C4F20C00C1F8C0004C994CF6CD4091
:1053A000C4F22C00C1F8C40036E04C984DF2343100
:1053B000C0F601018022FBF743FA4C9880304DF291
:1053C000B361C0F6010110220092FBF739FA009A8E
:1053D0004C9890304DF2F721C0F60101FBF730FAFE
:1053E0004C98A0304DF21C31C0F601012022FBF791
:1053F00027FA4C994CF6CD40C4F20C00C1F8C0001D
:105400004C994CF6CD40C4F22C00C1F8C40003E026
:1054100005208DF82F01FFE79DF92F014EB080BDCB
:1054200080B588B08DF81F0006918DF81720FF20F9
:105430008DF816009DF91F0001460491342800F2F2
:1054400076800499DFE801F01B341B341B341B34D5
:105450001B341B341B341B341B341B341B341B34D4
:105460001B341B341B341B341B341B341B341B34C4
:105470001B341B341B341B341B341B344C009DF871
:1054800017000146039160B1FFE703980138012836
:105490000CD8FFE79DF81700012801D1FFE706E0CF
:1054A000FFE706994FF07E50086000E0FFE742E01A
:1054B0009DF817000146029160B1FFE7029801389C
:1054C00001280BD8FFE79DF81700012801D1FFE75D
:1054D00005E0FFE706990020086000E0FFE72AE00A
:1054E0009DF8170001460191B0B1FFE7019801381E
:1054F00001281AD8FFE7069800684AF6B321C2F2DD
:105500000001C1F8060008F0FDFE9DF81700012813
:1055100001D1FFE70AE0FFE74AF6B320C2F200003C
:10552000D0F806000699086000E0FFE703E00520D8
:105530008DF81600FFE79DF9160008B080BD000049
:1055400080B59AB08DF8670018918DF85F20FF2024
:105550008DF85E009DF9670001461391222800F244
:1055600031821399DFE811F02300660066006600BF
:1055700066006600660066006600A600C300C30001
:10558000C300C300C300C300D800EE00EE00EE006D
:10559000EE00EE00EE00030119012F0147015F014B
:1055A000770177019E01B401CA01E001F6019DF87F
:1055B0005F000146129170B3FFE71298013801288D
:1055C00036D8FFE718980068FF2804DBFFE7189932
:1055D000FE200860FFE718980068002804DCFFE759
:1055E000189901200860FFE718980068119002F0F0
:1055F00081FE024611984AF6C821C2F2000101EB71
:105600004201487108F09AFE9DF85F00012801D11F
:10561000FFE70EE0FFE702F06DFE01464AF6C82004
:10562000C2F2000000EB410040791899086000E0E8
:10563000FFE7CBE19DF85F000146109160B3FFE703
:1056400010980138012833D8FFE71898006810F146
:10565000020F05DCFFE718994FF0FF300860FFE705
:1056600018980068012804DBFFE7189900200860FB
:10567000FFE7189800689DF967104AF6B322C2F256
:1056800000021144487208F03DFE9DF85F000128B9
:1056900001D1FFE70DE0FFE79DF967004AF6B3216E
:1056A000C2F20001084490F909001899086000E06E
:1056B000FFE78BE19DF85F0001460F9180B1FFE7A6
:1056C0000F980138012810D8FFE71898007808F0E3
:1056D0007FFE9DF85F00012801D1FFE706E0FFE7AC
:1056E00002F0CEFE1899086000E0FFE76EE19DF839
:1056F0005F0001460E9148B1FFE70E98013801287E
:1057000008D8FFE70B208DF85E0004E01899002010
:10571000086000E0FFE759E19DF85F0001460D9148
:1057200048B1FFE70D980138012809D8FFE70B20A1
:105730008DF85E0005E002F0BDFE1899086000E0FB
:10574000FFE743E19DF85F0001460C9148B1FFE798
:105750000C980138012808D8FFE70B208DF85E006F
:1057600004E018990020086000E0FFE72EE19DF8B2
:105770005F0001460B9148B1FFE70B980138012803
:1057800009D8FFE70B208DF85E0005E002F0A0FFCE
:105790001899086000E0FFE718E19DF85F000146F6
:1057A0000A9148B1FFE70A980138012809D8FFE7B4
:1057B0000B208DF85E0005E002F000FD18990860EE
:1057C00000E0FFE702E19DF85F000146099148B162
:1057D000FFE70998013801280BD8FFE70B208DF867
:1057E0005E0007E002F084FF169016981899086092
:1057F00000E0FFE7EAE09DF85F000146089148B14C
:10580000FFE70898013801280BD8FFE70B208DF837
:105810005E0007E002F0A0FF159015981899086047
:1058200000E0FFE7D2E09DF85F000146079148B134
:10583000FFE70798013801280BD8FFE70B208DF808
:105840005E0007E002F0B4FF149014981899086005
:1058500000E0FFE7BAE09DF85F0001460691B0B1B5
:10586000FFE70698013801281AD8FFE79DF867007E
:105870001C3818990978C0B201F056FE08F042FDB4
:105880009DF85F00012801D1FFE70AE0FFE79DF8DE
:1058900067001C38C0B201F015FD1899086000E0DF
:1058A000FFE793E09DF85F000146059148B1FFE7EF
:1058B00005980138012809D8FFE70B208DF85E0014
:1058C00005E002F0EBFF1899086000E0FFE77DE0DB
:1058D0009DF85F000146049148B1FFE70498013844
:1058E000012809D8FFE70B208DF85E0005E002F0E3
:1058F0000FFE1899086000E0FFE767E09DF85F0081
:105900000146039148B1FFE703980138012809D8FF
:10591000FFE70B208DF85E0005E002F0F3FD18991B
:10592000086000E0FFE751E09DF85F00014602914A
:1059300048B1FFE702980138012809D8FFE70B209A
:105940008DF85E0005E002F0D7FD1899086000E0D0
:10595000FFE73BE09DF85F000146019140B3FFE7A0
:105960000198013801282BD8FFE718980068B0F19A
:10597000FF3F04DCFFE7189900200860FFE7189854
:105980000068022804DBFFE7189901200860FFE7A0
:10599000189800684AF6B321C2F20001887408F032
:1059A000B1FC9DF85F00012801D1FFE709E0FFE7A6
:1059B0004AF6B320C2F20000807C1899086000E02B
:1059C000FFE703E005208DF85E00FFE79DF95E002C
:1059D0001AB080BD80B588B08DF81F000691FF20F9
:1059E0008DF817009DF91F0001460191522800F221
:1059F00088820199DFE811F053005A0061006800C5
:105A00006F0076007D0084008B0092009900A0005A
:105A1000A700AE00B500BC00C300CA00D100D8008A
:105A2000DE00E400EA00F100F800FF0006010D01CD
:105A300014011B01210127012C01360140014701FE
:105A40004E0155015C0163016A01710178017F011A
:105A500086018D0194019B019F01A301A701AB0168
:105A6000AF01B301B701BB01BF01C301C701CB0146
:105A7000CF01D301DD01E701EE01F50100020B02C8
:105A8000160220022A02310238023F0246024D026B
:105A900054025B0262026902700277027E020020F9
:105AA00007F062FA069880ED000A2EE2012007F066
:105AB0005BFA069880ED000A27E2022007F054FA0C
:105AC000069880ED000A20E2032007F04DFA0698C0
:105AD00080ED000A19E2042007F046FA069880EDEE
:105AE000000A12E2052007F03FFA069880ED000A4E
:105AF0000BE2062007F038FA069880ED000A04E26F
:105B0000072007F031FA069880ED000AFDE1082031
:105B100007F02AFA069880ED000AF6E1092007F05E
:105B200023FA069880ED000AEFE10A2007F01CFA3C
:105B3000069880ED000AE8E10B2007F015FA0698B8
:105B400080ED000AE1E10C2007F00EFA069880EDE6
:105B5000000ADAE10D2007F007FA069880ED000A46
:105B6000D3E10E2007F000FA069880ED000ACCE1A0
:105B70000F2007F0F9F9069880ED000AC5E1002032
:105B800007F026FA069880ED000ABEE1002007F033
:105B900039FA069880ED000AB7E1002007F0FEF917
:105BA000069880ED000AB0E106990020CCF2A00032
:105BB0000860AAE106990020CCF2A0000860A4E1E8
:105BC00006990020CCF2A00008609EE1012007F0B9
:105BD000FFF9069880ED000A97E1012007F012FA1C
:105BE000069880ED000A90E1012007F0D7F90698A9
:105BF00080ED000A89E1032007F0EAF9069880EDBC
:105C0000000A82E1032007F0FDF9069880ED000A02
:105C10007BE1032007F0C2F9069880ED000A74E1E9
:105C2000002007F087F9069880ED000A6DE10699DB
:105C30000020C4F24840086067E10BF02BFD069895
:105C400080ED000A61E106994FF07E5008605CE14A
:105C500002F0DCFC00EE100AB8EE400A069880ED77
:105C6000000A52E102F040FC00EE100AB8EE400AD1
:105C7000069880ED000A48E1082002F023FC06980F
:105C800080ED000A41E1062002F01CFC069880ED40
:105C9000000A3AE1072002F015FC069880ED000AA0
:105CA00033E1052002F00EFC069880ED000A2CE19D
:105CB000032002F007FC069880ED000A25E104208D
:105CC00002F000FC069880ED000A1EE10E2002F0B2
:105CD000F9FB069880ED000A17E10C2002F0F2FBB8
:105CE000069880ED000A10E10D2002F0EBFB06980B
:105CF00080ED000A09E10B2002F0E4FB069880ED3C
:105D0000000A02E1092002F0DDFB069880ED000A9E
:105D1000FBE00A2002F0D6FB069880ED000AF4E0D2
:105D2000122002F0CFFB069880ED000AEDE0069904
:105D300000200860E9E0069900200860E5E0069987
:105D400000200860E1E0069900200860DDE0069987
:105D500000200860D9E0069900200860D5E0069987
:105D600000200860D1E0069900200860CDE0069987
:105D700000200860C9E0069900200860C5E0069987
:105D800000200860C1E0069900200860BDE0069987
:105D900000200860B9E0069900200860B5E002F034
:105DA00097FC00EE100AB8EE400A069880ED000A53
:105DB000ABE002F003FA00EE100AB8EE400A0698D3
:105DC00080ED000AA1E0002002F01CFB069880EDA7
:105DD000000A9AE0012002F015FB069880ED000A07
:105DE00093E002F0AFFC04909DED040AB8EE400A87
:105DF000069880ED000A88E002F0D0FC03909DED4B
:105E0000030AB8EE400A069880ED000A7DE002F031
:105E1000DBFC02909DED020AB8EE400A069880ED88
:105E2000000A72E004F0CAFF00EE100AB8EE400A61
:105E3000069880ED000A68E004F0EAFF00EE100A20
:105E4000B8EE400A069880ED000A5EE0012001F0FD
:105E5000CBFA069880ED000A57E0002001F0C4FA62
:105E6000069880ED000A50E0002001F0EFFA069855
:105E700080ED000A49E0012001F0E8FA069880ED83
:105E8000000A42E0022007F0A3F8069880ED000A1D
:105E90003BE0022007F0B6F8069880ED000A34E0F7
:105EA000022007F07BF8069880ED000A2DE0042020
:105EB00007F08EF8069880ED000A26E0042007F02F
:105EC000A1F8069880ED000A1FE0042007F066F8AC
:105ED000069880ED000A18E0052007F079F806988A
:105EE00080ED000A11E0052007F08CF8069880ED9F
:105EF000000A0AE0052007F051F8069880ED000A34
:105F000003E005208DF81700FFE79DF9170008B0A2
:105F100080BD000080B582B000200090FFE70098AF
:105F200001280FDCFFE79DF8000001F055F920B9CA
:105F3000FFE700208DF8070008E0FFE70098013038
:105F40000090ECE701208DF80700FFE79DF80700BF
:105F500002B080BD80B582B00020009007F052F8FA
:105F6000DFEDC90AB0EE0C1A02F02EFE38B9FFE7D9
:105F70009DF8000040F001008DF80000FFE70020D0
:105F800007F00CF8DFEDC00AB0EE0C1A02F01CFEB0
:105F900038B9FFE79DF8000040F002008DF80000DE
:105FA000FFE7002007F014F8DFEDB70AB0EE0C1A97
:105FB00002F00AFE38B9FFE79DF8000040F0040047
:105FC0008DF80000FFE7012007F01CF8DFEDC90A9B
:105FD0009FEDC91A02F0F8FD38B9FFE79DF80000FF
:105FE00040F008008DF80000FFE7012006F0D6FF22
:105FF000DFEDC00A9FEDC01A02F0E6FD38B9FFE7F9
:106000009DF8000040F010008DF80000FFE701202F
:1060100006F0DEFFDFEDB70A9FEDB71A02F0D4FD00
:1060200038B9FFE79DF8000040F020008DF800002F
:10603000FFE7022006F0E6FFF1EE080AB2EE021AD0
:1060400002F0C2FD38B9FFE79DF8000040F04000C3
:106050008DF80000FFE7022006F0A0FFF1EE080A2D
:10606000B2EE021A02F0B0FD38B9FFE79DF8000069
:1060700040F080008DF80000FFE7022006F0A8FF46
:10608000F1EE080AB2EE021A02F09EFD38B9FFE7FF
:106090009DF8010040F001008DF80100FFE70320AA
:1060A00006F0B0FFF3EE070AB3EE091A02F08CFD1A
:1060B00038B9FFE79DF8010040F002008DF80100BB
:1060C000FFE7032006F06AFFDFED8C0AB3EE091A42
:1060D00002F07AFD38B9FFE79DF8010040F00400B6
:1060E0008DF80100FFE7032006F072FFDFED830A61
:1060F0009FED831A02F068FD38B9FFE79DF80100B3
:1061000040F008008DF80100FFE7042006F07AFF58
:10611000F3EE090AB3EE0E1A02F056FD38B9FFE7A6
:106120009DF8010040F010008DF80100FFE7042009
:1061300006F034FFF3EE0A0AB3EE0E1A02F044FD45
:1061400038B9FFE79DF8010040F020008DF801000C
:10615000FFE7042006F03CFFF3EE0A0A9FED691A00
:1061600002F032FD38B9FFE79DF8010040F0400031
:106170008DF80100FFE7052006F044FFDFED620A1D
:106180009FED621A02F020FD38B9FFE79DF801008B
:1061900040F080008DF80100FFE7052006F0FEFECC
:1061A000DFED590A9FED591A02F00EFD38B9FFE7ED
:1061B0009DF8020040F001008DF80200FFE7052085
:1061C00006F006FFDFED500A9FED501A02F0FCFCCE
:1061D00038B9FFE79DF8020040F002008DF8020098
:1061E000FFE70C2002F06EF9F2EE040AB2EE0B1A91
:1061F00002F0EAFC38B9FFE79DF8020040F0040025
:106200008DF80200FFE70D2002F05CF9F2EE040ABF
:10621000B2EE0B1A02F0D8FC38B9FFE79DF8020085
:1062200040F008008DF80200FFE70E2002F04AF966
:10623000F2EE040AB2EE0B1A02F0C6FC38B9FFE720
:106240009DF8020040F010008DF80200FFE70F20DB
:1062500002F038F9DFED2E0A9FED2E1A02F0B4FCA1
:1062600038B9FFE79DF8020040F020008DF80200E9
:10627000FFE7102002F026F9DFED250A9FED251A31
:1062800002F0A2FC48B901E0666646409DF80200B3
:1062900040F040008DF80200FFE7112002F012F9F3
:1062A000DFED1B0A9FED1B1A02F08EFC38B9FFE7E9
:1062B0009DF8020040F080008DF80200FFE700200A
:1062C0008DF80300009A49F23841C2F200010868D3
:1062D00010430860009820B9FFE701208DF80700FF
:1062E00003E000208DF80700FFE79DF8070002B0EB
:1062F00080BD00BF9A9999409A99A9400000BC417D
:106300000000CC410000F441666606409A9939408D
:10631000CDCC3C403333434080B544F60000C4F25A
:10632000000043F2080114F0E1FD012809D1FFE764
:1063300044F60000C4F2000043F2080114F0C4FD6A
:10634000FFE744F60000C4F20000012114F0CEFD86
:10635000012808D1FFE744F60000C4F20000012143
:1063600014F0B2FDFFE744F60000C4F20000022181
:1063700014F0BCFD012808D1FFE744F60000C4F288
:106380000000022114F0A0FDFFE744F60000C4F273
:106390000000032114F0AAFD012808D1FFE744F60C
:1063A0000000C4F20000032114F08EFDFFE744F664
:1063B0000000C4F20000042114F098FD012808D167
:1063C000FFE744F60000C4F20000042114F07CFD55
:1063D000FFE780BD80B586B044F60000C4F200003F
:1063E0004FF4427114F0DEFD01280FD1FFE744F6AF
:1063F0000000C4F2000005904FF4427114F0C2FD99
:10640000059843F2080114F05FFDFFE744F6000031
:10641000C4F2000040F20051C0F2010114F0C2FDCC
:10642000012810D1FFE744F60000C4F200000490F8
:1064300040F20051C0F2010114F0A4FD04980121C2
:1064400014F042FDFFE744F60000C4F2000040F201
:106450000051C0F2020114F0A5FD012810D1FFE7A0
:1064600044F60000C4F20000039040F20051C0F274
:10647000020114F087FD0398022114F025FDFFE7C7
:1064800044F60000C4F2000040F20051C0F20301E3
:1064900014F088FD012810D1FFE744F60000C4F293
:1064A0000000029040F20051C0F2030114F06AFDB6
:1064B0000298032114F008FDFFE744F60000C4F23F
:1064C000000040F20431C0F2040114F06BFD012819
:1064D00010D1FFE744F60000C4F20000019040F242
:1064E0000431C0F2040114F04DFD0198042114F0B0
:1064F000EBFCFFE744F60000C4F2000040F2053177
:10650000C0F2030114F04EFD01280BD1FFE744F661
:106510000000C4F2000040F20531C0F2030114F0A3
:1065200031FDFFE706B080BD81B0009000990020EA
:1065300088620099C86201B07047000084B003907F
:106540000291039801904FF6FF70ADF80200FFE74B
:106550000298411E0291D8B1FFE70198411C0191B8
:106560000078BDF8021048408DF801009DF8030046
:10657000ADF802009DF801104EF67C00C0F6010057
:1065800030F81110BDF802004840ADF80200DFE716
:10659000BDF8020004B0704786B0059004914FF634
:1065A000FF70ADF80E0000200190FFE701980499FC
:1065B00088423BD2FFE705980199405CADF80200A4
:1065C000BDF802000002ADF80200BDF80E00BDF8F3
:1065D00002104840ADF80E0000200290FFE702983C
:1065E00007281ED8FFE7BDF80E00000400280DD5CF
:1065F000FFE7BDF80E004000ADF80E00BDF80E003C
:1066000041F221014840ADF80E0005E0BDF80E0052
:106610004000ADF80E00FFE7FFE70298013002905E
:10662000DDE7FFE7019801300190BFE7BDF80E00FC
:1066300006B0704785B00490ADF80E100498029033
:106640000298BDF80E100844019000208DF8030058
:10665000FFE702980199884210D2FFE79DF80300F6
:106660000299097841404CF2E850C0F60100405CC4
:106670008DF80300029801300290EAE79DF80300CC
:1066800005B0704780B54AF6B320C2F2000013216E
:10669000FFF782FF80BD000080B549F21030C2F2E2
:1066A00000004FF48A71FFF777FF80BD80B549F293
:1066B0002840C2F200000A21FFF76EFF80BD0000F3
:1066C00080B54AF6C820C2F200003A21FFF764FF05
:1066D00080BD000080B582B08DF807009DF80700EE
:1066E000022801D8FFE70AE04DF24870C0F6010029
:1066F0004DF23471C0F60101A722F9F74FFF9DF862
:10670000071040F21400C2F2000050F8210000F01F
:1067100003F802B080BD000080B588B007904FF04C
:10672000FF30069002A802F0F5F84AF68B11C2F28B
:1067300000010298039A049BDDF814C0C1F80CC054
:106740008B604A60086006981022019214F012FAD9
:10675000019A06900698079914F00CFA069006988C
:10676000C04308B080BD000083B00190019828B9F3
:10677000FFE740F25230ADF80A0021E00198B0F591
:10678000964F04D9FFE740F2EE20009008E001990F
:106790004CF22050C0F2FB00B0FBF1F00090FFE79C
:1067A0000098643000900098B0F5803F04D3FFE774
:1067B0004FF6FF700090FFE70098ADF80A00FFE782
:1067C000BDF80A0003B0704783B00190019828B962
:1067D000FFE740F29E70ADF80A0021E00198B0F5A5
:1067E000964F04D9FFE740F2D660009008E0019987
:1067F00047F2A060C0F24B20B0FBF1F00090FFE741
:106800000098C83000900098B0F5803F04D3FFE7AF
:106810004FF6FF700090FFE70098ADF80A00FFE721
:10682000BDF80A0003B0704784B0039002910020C5
:10683000ADF806000090FFE70098029988421ED24A
:10684000FFE703980099415CBDF806000844ADF8E5
:106850000600FFE7BDF80600B0F5807F0ADBFFE722
:106860009DF80600ADF80600BDF806000130ADF851
:106870000600EFE7FFE7009801300090DCE7BDF885
:10688000060080F0FF00ADF806009DF8060004B099
:106890007047000080B582B00190019901F18C0031
:1068A00038314C22F9F749FF0199486BC1F8D800FB
:1068B0000199D1F88400C1F8DC0002B080BD00006D
:1068C00080B584B08DF80E0002919DF80E00F9F7A6
:1068D00012FE30380146019116284ED80199DFE8A2
:1068E00001F00C1014181C2024282C304C4C4C4C5B
:1068F0004C4C4C34383C4044480000208DF80F008C
:1069000044E001208DF80F0040E002208DF80F00D8
:106910003CE003208DF80F0038E004208DF80F00D4
:1069200034E005208DF80F0030E006208DF80F00D0
:106930002CE007208DF80F0028E008208DF80F00CC
:1069400024E009208DF80F0020E00A208DF80F00C8
:106950001CE00B208DF80F0018E00C208DF80F00C4
:1069600014E00D208DF80F0010E00E208DF80F00C0
:106970000CE00F208DF80F0008E00299087840F035
:1069800001000870FF208DF80F00FFE79DF80F0051
:1069900004B080BD82B001908DF803109DF8030013
:1069A00001094CF60A00C0F60100415C019A117021
:1069B0009DF8031001F00F01405C0199487002B08E
:1069C0007047000080B549F26820C2F200000078EC
:1069D000C00790B9FFE743F6982007F00DFE0A467E
:1069E00049F26021C2F200014A60086049F2682160
:1069F000C2F200010120087017E049F26021C2F2E2
:106A000000010868496801F0D9F870B1FFE706F0A5
:106A1000D9FD4FF4027007F0EFFD0A4649F26021FC
:106A2000C2F200014A600860FFE780BD80B584B013
:106A30008DF80E000291029801909DF80E1040F220
:106A40001400C2F2000050F82100FFF765FE014675
:106A50000198884204D1FFE701208DF80F0003E080
:106A600000208DF80F00FFE79DF80F0004B080BDF7
:106A700084B00390ADF80A10002001900090FFE769
:106A80000098BDF80A1088420CDAFFE70398411C11
:106A900003910178019808440190FFE700980130C4
:106AA0000090EDE79DF8040004B0704781B00090BD
:106AB00000990020C1F88C000099C1F8900000995D
:106AC000C1F894000099C1F898000099C1F89C00A1
:106AD0000099C1F8A0000099C1F8A4000099C1F87C
:106AE000A8000099C1F8AC000099C1F8B000009965
:106AF000C1F8B4000099C1F8B8000099C1F8BC0011
:106B00000099C1F8C0000099C1F8C4000099C1F80B
:106B1000C8000099C1F8CC000099C1F8D0000099D4
:106B2000C1F8D4000099C1F8DC000099C1F8D80080
:106B300001B0704780B588B04AF6C820C2F20000A4
:106B40000490426A836A05A80C210AF045F80346BE
:106B50000498808D4CF65202C0F6010269468A60A4
:106B60004CF64602C0F601024A6008604AF6282048
:106B7000C2F200004DF25162C0F601028021F9F725
:106B8000F1FC08B080BD000080B594B08DF84F00D6
:106B900012911192FF208DF84300129949788DF8D7
:106BA00027108DF843009DF8270001460291062822
:106BB00064D0FFE7029807286DD0FFE702984338BA
:106BC0000428C0F09780FFE70298E02800F09E803C
:106BD000FFE70298E12800F0B780FFE70298E2287B
:106BE00000F0BE80FFE70298E32800F0C580FFE7D1
:106BF0000298E42800F0A880FFE70298E52800F05A
:106C0000AF80FFE70298E62800F0B680FFE7029821
:106C1000E72800F09980FFE70298E82800F0A080BC
:106C2000FFE70298E92800F0A780FFE70298EA282A
:106C300000F08A80FFE70298EB2800F09180FFE7E0
:106C40000298EC2800F08080FFE70298ED2800F021
:106C50008780FFE70298FA2800F09A80FFE7029801
:106C6000FB2800F0B580FFE70298FC2800F0F480D4
:106C7000FFE70298FF2800F038816EE11198006864
:106C8000122804D0FFE702208DF8430069E10B20B1
:106C90008DF8430065E111980068022804D0FFE7F1
:106CA00002208DF843005CE105A801F033FE059851
:106CB0000699079A089B0F930E920D910C900F2046
:106CC000ADF82E00FFE7BDF92E0000280ED4FFE737
:106CD000BDF92E100CA8405C129A11448870FFE791
:106CE000BDF82E000138ADF82E00ECE71199122006
:106CF000086036E19DF84F009DF82710129A023285
:106D0000119B01F00DF88DF843002AE11298023032
:106D1000049011980068022804D0FFE702208DF843
:106D200043001EE10498352105F0DEF80498043094
:106D3000232105F0D9F804980830532105F0D4F840
:106D400011990E2008600CE19DF84F009DF8271066
:106D5000129A0232119B01F03FF98DF8430000E1D5
:106D60009DF84F009DF82710129A0232119B03F0F4
:106D7000EDF88DF84300F4E09DF84F009DF82710E2
:106D8000129A0232119B08F017F88DF84300E8E0E0
:106D900011980068062804D0FFE702208DF8430010
:106DA000DFE01298023005F03FF841F23421C5F2DD
:106DB000AA51884204D0FFE705208DF84300D0E0B7
:106DC0001199022008609DF84F0004F041F8C8E0D6
:106DD000119800680A2804D0FFE702208DF84300CC
:106DE000BFE01298023005F01FF845F27861C1F259
:106DF0003421884204D0FFE705208DF84300B0E03D
:106E00001298063005F010F80A90BDF82A0020B15B
:106E1000FFE705208DF84300A3E00A99C843C0F3BB
:106E20000720C9B2884204D0FFE705208DF843004F
:106E300097E00A988DF80F009DF80F000A2804DBF0
:106E4000FFE705208DF843008BE09DF84F009DF88B
:106E50000F1007F02FFC84E0119800680A2804D076
:106E6000FFE702208DF843007BE01298023004F027
:106E7000DBFF46F28971C2F24531884204D0FFE758
:106E800005208DF843006CE01298063004F0CCFF2A
:106E90000A90BDF82A0020B1FFE705208DF84300D5
:106EA0005FE00A99C843C0F30720C9B2884204D002
:106EB000FFE705208DF8430053E00A988DF80E0097
:106EC0009DF80E00012805DBFFE79DF80E00FF2866
:106ED00004DBFFE705208DF8430042E09DF84F00FA
:106EE0009DF80E1007F046FA3BE011980068022862
:106EF00004D0FFE702208DF84300FFE79DF8430030
:106F0000FF2801D0FFE72CE0129903208870129926
:106F10002020C87012990120019008711299002058
:106F200048711298063040F21001C2F200010A685E
:106F30004DF2B861C0F60101F9F7FEFA0146019879
:106F4000ADF84010BDF840100631119A11604AF2B8
:106F5000D851C2F20001087003E004208DF843000C
:106F6000FFE79DF8430014B080BD000082B08DF8AB
:106F700006009DF8060001460091022838D0FFE780
:106F80000098042828D0FFE70098052828D0FFE7BC
:106F90000098062830D0FFE70098072834D0FFE794
:106FA0000098082838D0FFE7009809281CD0FFE790
:106FB00000980A2834D0FFE700980B2820D0FFE77C
:106FC00000980C2824D0FFE70098FF282CD1FFE779
:106FD000FF208DF807002BE001208DF8070027E047
:106FE00002208DF8070023E002208DF807001FE043
:106FF00003208DF807001BE003208DF8070017E041
:1070000003208DF8070013E006208DF807000FE03D
:1070100006208DF807000BE004208DF8070007E03C
:1070200004208DF8070003E004208DF80700FFE737
:107030009DF8070002B0704780B584B046F200406A
:10704000C4F202000121202209F07CFF012820D196
:10705000FFE746F20040C4F20200019001210291D4
:10706000202209F03BFF019802990AF0E3FA30B9B7
:10707000FFE740F67C10C2F20000039005E040F606
:10708000BC00C2F200000390FFE7039800F070FC20
:10709000FFE746F20040C4F202000122114609F067
:1070A00051FF012809D1FFE746F20040C4F2020077
:1070B0000122114609F012FFFFE704B080BD000075
:1070C00080B584B007F090F946F20040C4F20200A7
:1070D0000221202209F036FF012820D1FFE746F2E5
:1070E0000040C4F20200019002210291202209F026
:1070F000F5FE019802990AF09DFA30B9FFE740F2D7
:10710000F850C2F20000039005E040F2F830C2F2FD
:1071100000000390FFE7039800F06AFBFFE746F2E8
:107120000040C4F202000221012209F00BFF0128F5
:1071300009D1FFE746F20040C4F202000221012219
:1071400009F0CCFEFFE705F0E7FE04B080BD0000CB
:1071500080B584B046F20040C4F20200042120222F
:1071600009F0F0FE012820D1FFE746F20040C4F20A
:107170000200019004210291202209F0AFFE019843
:1071800002990AF057FA30B9FFE740F29C30C2F298
:107190000000039005E040F25C30C2F20000039072
:1071A000FFE7039800F064FAFFE746F20040C4F2FC
:1071B00002000421012209F0C5FE012809D1FFE7E0
:1071C00046F20040C4F202000421012209F086FECA
:1071D000FFE704B080BD000080B582B08DF80600E6
:1071E0009DF80600022804DBFFE700208DF8070069
:1071F00063E0002078B9FFE79DF8060000EB80010E
:1072000049F2B020C2F2000000EBC100806809F032
:107210004BF9C8B914E09DF8060000EB800149F273
:10722000B020C2F2000000EBC100806815F076F8D3
:1072300041EC100B51EC100B09F00AF920B9FFE7F3
:1072400000208DF8070038E09DF8060000EB800173
:1072500049F2B020C2F2000000EBC100007C20B96E
:10726000FFE700208DF8070027E09DF8060000EBFF
:10727000800149F2B020C2F2000000EBC100007CA6
:10728000012804D1FFE700208DF8070015E09DF8E4
:10729000060000EB800149F2B020C2F2000000EBD2
:1072A000C100007C142804D1FFE700208DF80700FE
:1072B00003E001208DF80700FFE79DF8070002B00A
:1072C00080BD000081B08DF802009DF80200022808
:1072D00004DBFFE700208DF803000AE09DF80210B0
:1072E0004AF6B320C2F20000084400798DF803008A
:1072F000FFE79DF8030001B07047000080B582B041
:107300000020CFF68070019000200090FFE70098E9
:10731000012865DCFFE7009800EB800149F2B0200E
:10732000C2F2000000EBC100007C01280DD0FFE795
:10733000009800EB800149F2B020C2F2000000EB9F
:10734000C100007C142801D1FFE745E0002070B99E
:10735000FFE7009800EB800149F2B020C2F2000084
:1073600000EBC100806809F09FF8A8B913E000980D
:1073700000EB800149F2B020C2F2000000EBC10036
:10738000806814F0CBFF41EC100B51EC100B09F0AE
:107390005FF808B9FFE71FE0009800EB800149F2B1
:1073A000B020C2F2000000EBC10090ED020A9DED9A
:1073B000011AB4EE410AF1EE10FA0CDDFFE7009875
:1073C00000EB800149F2B020C2F2000000EBC100E6
:1073D00080680190FFE7FFE700980130009096E792
:1073E0009DED010A02B080BD83B08DF8070000203A
:1073F0000090FFE7009801281DDCFFE700994AF69E
:10740000B320C2F20000084400799DF807108842BA
:107410000CD1FFE7009800EB800149F2B020C2F2E6
:10742000000000EBC100806802900AE0FFE70098CE
:1074300001300090DEE749F2EC10CCF28830029087
:10744000FFE79DED020A03B07047000082B08DF89F
:1074500003009DF8030000EB800149F2B020C2F266
:10746000000000EBC100007C012805D1FFE70020EF
:10747000CFF6807001901EE09DF8030000EB8001C4
:1074800049F2B020C2F2000000EBC100007C1428D9
:1074900004D1FFE74FF0FF4001900CE09DF803009E
:1074A00000EB800149F2B020C2F2000000EBC10005
:1074B00080680190FFE79DED010A02B0704700006F
:1074C00080B582B000208DF8070049F20030C2F28A
:1074D0000000007800EB800149F2B020C2F2000009
:1074E00000EBC10007F03EF98DF807009DF807009A
:1074F000C00740B1FFE749F20031C2F2000108784D
:1075000001300870FFE749F20030C2F20000007855
:10751000022807DBFFE749F20031C2F20001002038
:107520000870FFE702B080BD81B08DF803008DF8D0
:1075300002109DF80300022801DBFFE70AE09DF836
:1075400002009DF803204AF6B321C2F20001114463
:107550000871FFE701B0704780B582B004F0F6FA19
:1075600000208DF80700FFE79DF80700012840DCA8
:10757000FFE79DF8070000EB800149F2B020C2F25E
:10758000000000EBC1010120087400208DF8060006
:10759000FFE79DF80600072816DCFFE79DF80700C7
:1075A00000EB800149F2B020C2F2000000EBC10004
:1075B0009DF80610014400204874FFE79DF806007E
:1075C00001308DF80600E4E79DF8070000EB80012C
:1075D00049F2B020C2F2000000EBC1010020CFF65A
:1075E00080708860FFE79DF8070001308DF8070084
:1075F000BAE704F03BF800208DF80700FFE79DF89C
:107600000700012832DCFFE79DF8070000EB80014E
:1076100049F2B020C2F2000000EBC100113004F0CA
:107620004FF808B9FFE721E09DF8070000EB800163
:1076300049F2B020C2F2000000EBC100407C2828D3
:107640000DD1FFE79DF8070000EB800149F2B02063
:10765000C2F2000000EBC10102200874FFE7FFE75F
:107660009DF8070001308DF80700C8E702B080BD23
:1076700080B584B0039000200290FFE702980128B3
:1076800052DCFFE700200190FFE701980F2846DC5D
:10769000FFE70398019A029901EB420130F81100CB
:1076A000ADF80200BDF80230029A4AF60811C2F2A3
:1076B000000151F82200184441F82200BDF80200F0
:1076C000029A49F26C41C2F2000131F8121088426C
:1076D0000ADDFFE7BDF80200029A49F26C41C2F2EE
:1076E000000121F81200FFE7BDF80200029A49F2FA
:1076F0009C41C2F2000131F8121088420ADAFFE719
:10770000BDF80200029A49F29C41C2F2000121F840
:107710001200FFE7FFE7019801300190B5E7FFE7AE
:10772000029801300290A9E749F20430C2F2000049
:10773000016810310160006840F2FF31884255D382
:10774000FFE700200290FFE7029801283BDCFFE7FB
:10775000029A4AF60813C2F2000353F822004AF6CE
:10776000A001C2F2000141F82200DDF808C049F290
:107770006C42C2F2000232F81C004AF60C01C2F25E
:10778000000121F81C00DDF808E049F29C41C2F23A
:10779000000131F81E004AF63C0CC2F2000C2CF835
:1077A0001E00DDF808C0002043F82C00029B22F8E0
:1077B0001300029A4FF6FF7021F81200FFE70298BB
:1077C00001300290C0E749F20431C2F200010868BA
:1077D0004AF60402C2F2000210600020086040F283
:1077E000DC31C2F2000101200870FFE704B080BD67
:1077F00080B584B0039000200290FFE702980F2824
:1078000052DCFFE700200190FFE701980F2846DCDB
:10781000FFE70398019A029901EB021130F8110079
:10782000ADF80200BDF80230029A4AF61011C2F219
:10783000000151F82200184441F82200BDF802006E
:10784000029A49F27041C2F2000131F812108842E6
:107850000ADDFFE7BDF80200029A49F27041C2F268
:10786000000121F81200FFE7BDF80200029A49F278
:10787000A041C2F2000131F8121088420ADAFFE793
:10788000BDF80200029A49F2A041C2F2000121F8BB
:107890001200FFE7FFE7019801300190B5E7FFE72D
:1078A000029801300290A9E749F20830C2F20000C4
:1078B000016810310160006840F2FF31884255D301
:1078C000FFE700200290FFE702980F283BDCFFE76C
:1078D000029A4AF61013C2F2000353F822004AF645
:1078E000A801C2F2000141F82200DDF808C049F207
:1078F0007042C2F2000232F81C004AF61001C2F2D5
:10790000000121F81C00DDF808E049F2A041C2F2B4
:10791000000131F81E004AF6400CC2F2000C2CF8AF
:107920001E00DDF808C0002043F82C00029B22F85E
:107930001300029A4FF6FF7021F81200FFE7029839
:1079400001300290C0E749F20831C2F20001086834
:107950004AF60802C2F2000210600020086040F2FD
:10796000F871C2F2000101200870FFE704B080BD89
:1079700080B584B0039000200290FFE702980528AC
:1079800054DCFFE700200190FFE701980F2848DC56
:10799000FFE70398019901EB4102029901EB4201D3
:1079A00030F81100ADF80200BDF80230029A4AF634
:1079B0005011C2F2000151F82200184441F822008F
:1079C000BDF80200029A49F29041C2F2000131F87A
:1079D000121088420ADDFFE7BDF80200029A49F260
:1079E0009041C2F2000121F81200FFE7BDF8020049
:1079F000029A49F2C041C2F2000131F812108842E5
:107A00000ADAFFE7BDF80200029A49F2C041C2F269
:107A1000000121F81200FFE7FFE701980130019013
:107A2000B3E7FFE7029801300290A7E749F20C3074
:107A3000C2F20000016810310160006840F2FF31BD
:107A4000884255D3FFE700200290FFE702980528FF
:107A50003BDCFFE7029A4AF65013C2F2000353F8E8
:107A600022004AF6E801C2F2000141F82200DDF8E6
:107A700008C049F29042C2F2000232F81C004AF6F5
:107A80003001C2F2000121F81C00DDF808E049F2E3
:107A9000C041C2F2000131F81E004AF6600CC2F289
:107AA000000C2CF81E00DDF808C0002043F82C0064
:107AB000029B22F81300029A4FF6FF7021F8120081
:107AC000FFE7029801300290C0E749F20C31C2F2A0
:107AD000000108684AF60002C2F2000210600020AD
:107AE000086040F63C21C2F2000101200870FFE767
:107AF00004B080BD80B584B00390039806F07CFD8F
:107B000001910090FFE70098019900F057F808B93B
:107B1000FFE7F8E704B080BD80B584B00390039818
:107B200006F094FD01910090FFE70098019900F0A4
:107B300045F808B9FFE7F8E704B080BD80B58AB022
:107B4000099108900793069206980799039102906D
:107B5000089B099A02990398C91A904102910390CF
:107B60000298039914F02FFC05909DED050A8DED08
:107B7000010A07F0E5F89DED010A01EE100AB8EEE2
:107B8000411A80EE010A8DED050A9DED050A0AB045
:107B900080BD0000704700007047000082B0009078
:107BA0000098C06A5C2803D3FFE70120019002E03F
:107BB00000200190FFE7019802B0704780B586B0C1
:107BC0000391029000F00AFE01910090009B019940
:107BD000029A0398D21A884103D2FFE70120059048
:107BE00002E000200590FFE7059806B080BD000088
:107BF00080B584B08DF80F00642006F0FDFC019183
:107C00000090FEF789FB44F60000C4F20000072153
:107C100013F06CF900283FD1FFE7FFE744F60000BE
:107C2000C4F20000072113F061F9012808D1FFE731
:107C300000980199FFF7C2FF08B1FFE700E0EDE708
:107C4000FFE744F60000C4F20000052113F04EF9EE
:107C500040B9FFE700980199FFF7B0FF08B1FFE7CF
:107C600000E0EEE7FFE744F60000C4F20000052163
:107C700013F03CF901280ED1FFE744F60000C4F2EE
:107C8000000013F045F800980199FFF797FF08B13D
:107C9000FFE700E0E7E7FFE79DF80F1044F600007C
:107CA000C4F2000013F03CF8FFE744F60000C4F211
:107CB0000000052113F01AF940B9FFE70098019977
:107CC000FFF77CFF08B1FFE700E0EEE744F60000B5
:107CD000C4F2000013F01CF88DF80E009DF80E00A1
:107CE00004B080BD82B0019049F6C550C8F21C10A6
:107CF0000090FFE70198007878B1FFE70198411CF8
:107D000001910178009848400090009840F293114A
:107D1000C0F2001148430090ECE7009802B07047B1
:107D200080B592B08DF847008DF8461010920F93F1
:107D3000FF208DF83B0000F00BFB0D909DF84600F6
:107D4000433801460791032800F241810799DFE893
:107D500011F004007B00DF0014010F9800680B286D
:107D600004D8FFE702208DF83B0030E1109800783E
:107D70000A909DF8280000F029FB0B900F980068EE
:107D80000B990C31884204D0FFE702208DF83B00AC
:107D90001DE10A98002809D4FFE70A98069000F030
:107DA000D7FA01460698884204DBFFE705208DF8E4
:107DB0003B000CE11098013004F036F80C900C9860
:107DC00000280BD4FFE70C9805909DF8280000F0E0
:107DD000E1FA01460598884204DBFFE705208DF8AB
:107DE0003B00F4E01098053004F01EF845F63F2102
:107DF000CEF61C31884204D0FFE705208DF83B0009
:107E0000E5E010980B990931FEF70EFD109A0B99D9
:107E10001144497A884204D0FFE701208DF83B00E5
:107E2000D5E09DF828000C99109A093208F008F95D
:107E30008DF83B009DF83B00FF2801D0FFE7C6E02E
:107E40000F9907200860C2E00F980068072804D047
:107E5000FFE702208DF83B00B9E0109800780A9007
:107E60000A98002809D4FFE70A98049000F070FAF5
:107E700001460498884204DBFFE705208DF83B00AB
:107E8000A5E09DF8280000F0A1FA0B900B991E20A8
:107E900000EB410042F23511884204DBFFE7082085
:107EA0008DF83B0093E01098013003F0BDFF0C907B
:107EB0000C9800280BD4FFE70C9803909DF828003D
:107EC00000F068FA01460398884204DBFFE70520CA
:107ED0008DF83B007BE09DF828000C99109A053244
:107EE00004F0D4FD8DF83B009DF83B00FF2801D045
:107EF000FFE76CE010980B990531FEF795FC109A9E
:107F00000B99114448710B9808300F9908605EE096
:107F10000F980068022804D0FFE702208DF83B008C
:107F200055E000200A90FFE70A980D9988421EDA72
:107F3000FFE710990A9801EBC0010191C0B200F06F
:107F400029FA0146019803F0AFFF10990A9801EB56
:107F5000C00104310291C0B200F038FA0146029823
:107F600003F0A2FFFFE70A9801300A90DCE70D98C2
:107F7000C00002300F99086029E00F9800680628B9
:107F800004D0FFE702208DF83B0020E0109803F0BA
:107F90004BFF0A900A98002809D4FFE70A9800903E
:107FA00000F0D6F901460098884204DBFFE705207F
:107FB0008DF83B000BE09DF828001099043100F08B
:107FC000C9F90890089806300F990860FFE79DF8F6
:107FD0003B0012B080BD000080B588B08DF81F0056
:107FE0008DF81E1006920593FF208DF81300069859
:107FF00003F01AFF8DF812000698043003F0F0FE2B
:108000008DED030A9DF81E00E138014601910B2811
:1080100000F295800199DFE801F006929227929292
:108020002B929244925F059800680A2804D0FFE7DB
:1080300002208DF8130082E09DF9120003A90222AC
:10804000FDF7EEF98DF813009DF81300FF2807D116
:10805000FFE7069804309DED030A03F005FFFFE7F4
:1080600005990A2008606AE008208DF8130066E090
:1080700005980068062804D0FFE702208DF8130059
:108080005DE09DF81F009DF91210069A0432059BD1
:1080900004F0A6FA8DF81300059908680630086008
:1080A0004DE005980068062804D0FFE702208DF80F
:1080B000130044E09DF9120003A90022FDF7B0F976
:1080C0008DF81300069804309DED030A03F0CCFEF2
:1080D00005990A20086032E005980068022804D05B
:1080E000FFE702208DF8130029E0059900200860C1
:1080F0000290FFE70298342819DCFFE79DF9080099
:1081000003A90022FDF78CF98DF813000698029957
:108110009DED030A03F046FE9DF81300FF2801D0F1
:10812000FFE704E0FFE7029801300290E2E70599DB
:10813000D42008600599086802300860FFE79DF8C0
:108140001300FF2804D0FFE7059900200860FFE72F
:108150009DF8130008B080BD80B544F60040C4F21D
:10816000000007F01FF980BD80B544F60040C4F25E
:10817000000007F027F980BD81B00090002001B019
:108180007047000081B08DF803009DF8031049F29C
:108190007020C2F2000000EB4111097E01F00101E4
:1081A0008DF802109DF8031000EB411100200876B5
:1081B0009DF8020000F0010001B0704780B582B068
:1081C0000020FFF7DFFF01900120FFF7DBFF0146F2
:1081D000019840EA410002B080BD000080B584B043
:1081E000029002980190072836D80199DFE801F043
:1081F000040A10161C22282E012004F0B5FE8DED75
:10820000030A2CE0032004F0AFFE8DED030A26E004
:10821000052004F0A9FE8DED030A20E0072004F0FC
:10822000A3FE8DED030A1AE0092004F09DFE8DEDFA
:10823000030A14E00B2004F097FE8DED030A0EE014
:108240000D2004F091FE8DED030A08E00F2004F0EC
:108250008BFE8DED030A02E000200390FFE79DED09
:10826000030A04B080BD000080B584B0029002987B
:108270000190072836D80199DFE801F0040A1016AA
:108280001C22282E002004F06FFE8DED030A2CE046
:10829000022004F069FE8DED030A26E0042004F0BC
:1082A00063FE8DED030A20E0062004F05DFE8DEDF7
:1082B000030A1AE0082004F057FE8DED030A14E0CB
:1082C0000A2004F051FE8DED030A0EE00C2004F0AC
:1082D0004BFE8DED030A08E00E2004F045FE8DED07
:1082E000030A02E000200390FFE79DED030A04B0BB
:1082F00080BD00004AF68A10C2F200000078704784
:1083000084B0ADF80A000191BDF80A000146009161
:10831000012804D0FFE70098022809D011E0019954
:10832000362008604CF24870C0F6010003900BE064
:108330000199142008604CF27F70C0F60100039090
:1083400002E000200390FFE7039804B070470000AC
:108350000220704780B584B08DF80B0001919DF824
:108360000B000146009120B1FFE70098012805D0DD
:1083700009E0019800F084F9039007E0019800F00B
:1083800087F8039002E000200390FFE7039804B011
:1083900080BD000080B584B08DF80F009DF80F00FF
:1083A0000146019120B1FFE70198012804D007E0C0
:1083B00000F072F9029006E000F076F8029002E018
:1083C00000200290FFE7029804B080BD80B584B021
:1083D0008DF80F009DF80F000146019120B1FFE7D5
:1083E0000198012804D007E000F05CF9029006E053
:1083F00000F05CF8029002E000200290FFE7029893
:1084000004B080BD81B08DF803009DF8031049F2DF
:108410007020C2F2000000EB411090ED040A01B0A0
:10842000704700005820704783B0ADF808000191F4
:10843000BDF80800222808DCFFE7BDF80800019914
:10844000088001208DF80B0015E0BDF808002338E6
:10845000ADF80200BDF80200342808DCFFE7BDF8E3
:1084600002000199088002208DF80B0003E0002033
:108470008DF80B00FFE79DF80B0003B0704700007C
:1084800049F24440C2F20000007870475320704720
:1084900080B582B0019001984DF26671C0F601017D
:1084A000F8F74AF802B080BD202070474FF48050A2
:1084B0007047000049F2D840C2F20000D0F8DC005A
:1084C0007047000082B08DF8070049F2D840C2F230
:1084D00000008C30009000989DF8071000EB8100A0
:1084E00090ED000A02B0704749F2D840C2F2000095
:1084F000D0F8D8007047000049F24040C2F20000B6
:108500000068704749F22840C2F2000000897047B5
:1085100049F22840C2F200004088704780B584B01C
:108520008DF80B009DF80B000146009140B1FFE76C
:108530000098012809D0FFE7009802280AD00EE031
:10854000002003F0D9FD03900CE0012003F0D4FDDE
:10855000039007E0022003F0CFFD039002E000202B
:108560000390FFE7039804B080BD000080B584B09D
:108570008DF80B009DF80B000146009140B1FFE71C
:108580000098012809D0FFE7009802280AD00EE0E1
:10859000002003F0C1FD03900CE0012003F0BCFDBE
:1085A000039007E0022003F0B7FD039002E00020F3
:1085B0000390FFE7039804B080BD000080B584B04D
:1085C0008DF80B009DF80B000146009140B1FFE7CC
:1085D0000098012809D0FFE7009802280AD00EE091
:1085E000002003F0A9FD03900CE0012003F0A4FD9E
:1085F000039007E0022003F09FFD039002E00020BB
:108600000390FFE7039804B080BD00004AF6011014
:10861000C2F200000078704780B582B08DF8060085
:108620009DF806000146009120B1FFE7009801285F
:108630000FD01CE040F20040C4F202004FF4807101
:1086400009F0E4F90138B0FA80F040098DF807002C
:1086500011E040F60040C4F20200042109F0D6F90E
:108660000138B0FA80F040098DF8070003E00020DF
:108670008DF80700FFE79DF8070002B080BD0000FD
:1086800080B582B0019001984CF69211C0F60101BC
:10869000F7F752FF02B080BD4AF66C00C2F200004C
:1086A000406A70474AF66C00C2F20000006A7047E8
:1086B00081B08DF803009DF8031049F27020C2F2DA
:1086C000000000EB4110807D00F0010001B0704718
:1086D00080B582B00020FFF7EBFF01900120FFF78B
:1086E000E7FF0146019840EA410002B080BD00006A
:1086F00081B04AF60412C2F20002106800901078AD
:1087000000F080001070114631F8010F20F00700D2
:108710000880088820F030000880088800F07F007A
:1087200000238B700880107800F07F00107008889C
:1087300020F008000880088820F040000880009899
:1087400001B0704781B04AF60410C2F20000006820
:108750000090009801B0704781B049F23441C2F2F4
:10876000000108680090086820F0010008600868AF
:1087700020F004000860086820F020000860086805
:1087800020F002000860086820F0180008600868FF
:1087900000F03F000860009801B0704781B049F2D6
:1087A0003440C2F2000000680090009801B07047A9
:1087B00081B049F23841C2F20001086800900020FF
:1087C0000860009801B0704781B049F23840C2F2A9
:1087D000000000680090009801B0704780B586B036
:1087E000FFE74AF67010C2F20000D0E900010191E3
:1087F00000904EF21800CEF2000000680390FFE7F0
:10880000009801994AF67012C2F20002D2E90023E0
:108810005940504008430028E3D1FFE700980199F0
:108820000591049006F084FA024604990598A1FB8C
:10883000021300FB02300491059006F079FA0399C7
:10884000421A04990598891840F100000491059096
:108850000498059906B080BD80B586B0FFF7BEFFCD
:1088600005910490049905984FF47A72A1FB0213C4
:1088700000FB023004910590049801900598009047
:1088800006F05EFA0099024601980023F7F7BBFD57
:10889000039102900298039906B080BD49F22840E6
:1088A000C2F20000406848F68901C8F68801A0FBC2
:1088B000011040097047000049F22840C2F2000050
:1088C0004068704783B08DF807009DF807000146A7
:1088D000009140B1FFE7009801280AD0FFE7009817
:1088E00002280CD011E044F20040C4F200000290D3
:1088F0000DE041F20040C4F20100029007E047F6AB
:108900000040C4F20000029001E0FFE7FEE7029899
:1089100003B0704781B0014647F61020C1F6FF70E2
:10892000006800909DF80000C8739DF801008873EE
:108930009DF8020048739DF80300087347F6142061
:10894000C1F6FF70006800909DF80000C8729DF8A5
:10895000010088729DF8020048729DF803000872B9
:1089600047F61820C1F6FF70006800909DF80000DF
:10897000C8719DF8010088719DF8020048719DF84A
:10898000030008714EF60050CEF20000006800901F
:108990009DF80000C8709DF8010088709DF80200E5
:1089A00048709DF80300087001B070470000000097
:1089B00080B582B00420FFF785FD8DED000A009898
:1089C00013F0ACFC41EC100B9FED3F1B53EC112B53
:1089D00051EC100B13F0E9FC20B9FFE700208DF8F3
:1089E00007006CE0009813F099FC41EC100B9FED30
:1089F000381B53EC112B51EC100B13F0CFFC20B9AA
:108A0000FFE700208DF8070059E00320FFF75AFD2B
:108A10008DED000A009813F081FC41EC100B9FEDE6
:108A20002A1B53EC112B51EC100B13F0BEFC20B998
:108A3000FFE700208DF8070041E0009813F06EFC7E
:108A400041EC100B9FED221B53EC112B51EC100B42
:108A500013F0A4FC20B9FFE700208DF807002EE0FA
:108A60000520FFF72FFD8DED000A009813F056FC4E
:108A700041EC100B9FED141B53EC112B51EC100B20
:108A800013F093FC20B9FFE700208DF8070016E0F3
:108A9000009813F043FC41EC100B9FED0D1B53ECC1
:108AA000112B51EC100B13F079FC20B9FFE70020DB
:108AB0008DF8070003E001208DF80700FFE79DF81F
:108AC000070002B080BD00BF0000000000003D4074
:108AD000000000000000334080B582B0FFF796FD33
:108AE0000090FFF7CDFC01460098884204D1FFE7D3
:108AF00001208DF8070003E000208DF80700FFE754
:108B00009DF8070002B080BD80B584B000200190C0
:108B1000FFE70198012845DCFFE79DF80400FEF718
:108B200095FC8DED020A002028B9FFE7029807F0B6
:108B3000AFFC60B90AE0029813F0F0FB41EC100BB7
:108B400051EC100B07F074FC08B9FFE726E002981F
:108B500013F0E4FB41EC100B9FED171B53EC112BB2
:108B600051EC100B13F021FC20B9FFE700208DF829
:108B70000F001BE0029813F0D1FB41EC100B9FEDAE
:108B8000101B53EC112B51EC100B13F007FC20B908
:108B9000FFE700208DF80F0008E0FFE701980130A3
:108BA0000190B6E701208DF80F00FFE79DF80F0058
:108BB00004B080BD00BF00BF000000000080564030
:108BC000000000000000000084B08DED020ACDED31
:108BD000010A8DED001A9DED020A9DED001AB4EE1A
:108BE000410AF1EE10FA04DDFFE700208DF80F00D6
:108BF00011E09DED020A9DED011AB4EE410AF1EE7D
:108C000010FA04DAFFE700208DF80F0003E00120DE
:108C10008DF80F00FFE79DF80F0004B070470000CB
:108C200080B584B00020029000F070FF012000F0B9
:108C30006DFF02980390FFE70398012840DCFFE7EF
:108C4000039949F27020C2F20000019000EB41113B
:108C50000020009008769DF80C00FFF7DDFC0199DC
:108C600002460098039B01EB43139A75039B01EBAB
:108C70004313DA75039A01EB42129082039A01EBD7
:108C8000421108610A2005F0B7FC019B0246DDF89D
:108C90000CC003EB4C104FEA4C1C43F80C20416015
:108CA00042F2107005F0A8FC0A460199039B01EB03
:108CB0004311CA608860FFE7039801300390BBE767
:108CC00004B080BD80B5AEB02D904EF6602005F0AA
:108CD00093FC0A4649F2D051C2F200014A60086092
:108CE0002D994AF6A830C2F20000016000211C91C3
:108CF0001B911A911DAA1A921C9100686A461AA922
:108D000011604CF6B312C0F6010205A901230DF063
:108D1000CDFB04900498C8B9FFE74AF6A830C2F228
:108D200000000290006849F21032C2F2000205A968
:108D300001914FF48B730DF0EDFD019902460298FD
:108D4000049200680DF080F80390FFE749F24C416F
:108D5000C2F200010120086007F00EF978B9FFE7C0
:108D600000F016F806F0DAF940B1FFE749F23C41AD
:108D7000C2F20001086801300860FFE706E040F237
:108D80002301C2F2000100200870FFE72EB080BD71
:108D900081B049F21032C2F20002012010700021AD
:108DA000D1709170517051609160D160116140F249
:108DB0002301C2F20001087001B0704781B049F28E
:108DC0002841C2F2000105200870002048700120EF
:108DD00048604880088140F22101C2F20001087019
:108DE00001B0704780B5AEB02D904EF6602005F012
:108DF00003FC0A4649F2D851C2F200014A600860F9
:108E00002D994AF6AC30C2F20000016000211C919D
:108E10001B911A911DAA1A921C9100686A461AA900
:108E200011604DF2EF62C0F6010205A901230DF0B9
:108E30003DFB04900498C0B9FFE74AF6AC30C2F29B
:108E400000000290006849F22842C2F2000205A91F
:108E500001910C230DF05EFD0199024602980492E7
:108E600000680CF0F1FF0390FFE749F25041C2F2B5
:108E700000010120086007F0A5F818B9FFE7FFF727
:108E80009DFF06E040F22101C2F2000100200870BF
:108E9000FFE749F22840C2F2000000894FF6FE7158
:108EA000884208DCFFE749F22841C2F20001088944
:108EB00001300881FFE749F22841C2F20001486809
:108EC0000130486006F094F940B1FFE749F24041B3
:108ED000C2F20001086801300860FFE72EB080BDD3
:108EE00010B5A4B000200F90FFE70F98012848DCD0
:108EF000FFE70F9A40F2F031C2F2000100200E901D
:108F000041F822000F9A40F2E831C2F2000141F824
:108F100022000F9A40F2E031C2F2000141F8220033
:108F20000F9A4AF60811C2F2000141F822000F9A86
:108F30004AF6A001C2F2000141F822000F9A4AF657
:108F40003C01C2F2000121F812000F9A49F26C4173
:108F5000C2F2000121F812000F9A4AF60C01C2F287
:108F6000000121F812000F9A49F29C41C2F200015F
:108F70004FF6FF7021F81200FFE70F9801300F90B5
:108F8000B3E740F2DC31C2F2000100200A90087021
:108F900040F6164010F096FB41F2030010F092FBF1
:108FA00041F2081010F08EFB07F0B0FB4FF4E02008
:108FB00007F088FB0A9807F0AFFD0A9807F09CFDC0
:108FC0000A9942F20000C4F201000C9007F076FC0E
:108FD0000A990C9807F086FB0C9801210D914FF02F
:108FE000306207F035FC0C980D9A114607F004FC2E
:108FF0000C980D9A4FF4807107F02AFD0A9A0C988C
:109000000221029107F024FD0A9A0C984FF4806126
:1090100007F01EFD0D994FF4000007F0C3FA0D99FB
:109020004FF4800007F0BEFA0A9A0C9804210991C7
:1090300007F078FB029A0C980D9907F0FBFA0A9951
:109040000C98102207920723009307F047FC009B1F
:109050000C980D99122207F041FC0C9807F022FCA5
:109060000C9807F0AFFB0C9807F0A2FB40F25C30C5
:10907000C2F20000049040210191F7F798FB01999A
:1090800040F29C30C2F200000590F7F790FB10A868
:10909000039008F08DF9099946F20040C4F20200ED
:1090A000089007F011FE029A3C20032110F0B4F959
:1090B000039A089809990A9BDDF834C0DDF810E09E
:1090C00042F24C04C4F2010410944FF40064119471
:1090D000CDF848C0CDF84CE04FF4005ECDF850E03C
:1090E000159316931793CDF860C0CDF864C01A930A
:1090F000202306931B934FF400331C9308F092F83F
:10910000089809990A9A07F0A9FD089809990D9AF3
:1091100008F06AFA059A089809990A9B08F038FA43
:10912000089809990D9A07F03DFE0898099A11468A
:1091300007F038FE08980999082207F033FE079ACD
:109140000898099907F02EFE069A0898099907F0E1
:1091500029FE079A0898099907F09CFE0898099932
:10916000802207F097FE0898099907F065FD0A9894
:109170002721ADF87410ADF87600ADF8780040F214
:10918000E7311F91ADF87A008DF8800040F600407D
:10919000C4F200000B901DA911F000FC0A9A0B9874
:1091A0000D99ADF88820ADF8841021AA11F0A2F82D
:1091B000099A0B980D9911F047FA0B980D997022A6
:1091C00011F0FCF90A9A0B980D9911F061FA0B98BD
:1091D00011F0A2FB0C9807F0FFFA0D98FEF78AFC3D
:1091E00024B010BDB0B5B4B000201F90FFE71F98A9
:1091F0000F2848DCFFE71F9A40F67C01C2F200010D
:1092000000201E9041F822001F9A40F63C01C2F255
:10921000000141F822001F9A40F2FC71C2F20001E5
:1092200041F822001F9A4AF61011C2F2000141F8DB
:1092300022001F9A4AF6A801C2F2000141F822005A
:109240001F9A4AF64001C2F2000121F812001F9A4B
:1092500049F27041C2F2000121F812001F9A4AF649
:109260001001C2F2000121F812001F9A49F2A04138
:10927000C2F200014FF6FF7021F81200FFE71F98BD
:1092800001301F90B3E740F2F871C2F200010020F4
:109290001A90087040F6164010F014FA41F20300DC
:1092A00010F010FA41F2091010F00CFA4FF440607F
:1092B00010F008FA40F6014010F004FA40F60240BF
:1092C00010F000FA1A9A40F20040C4F20200019035
:1092D00003210F910223189308F0AEFB01980F9918
:1092E0001A9A01231D9308F0A7FB0F991A9A40F6CA
:1092F0000000C4F2020003902023149308F09CFBAA
:1093000003980F991A9A1023159308F095FB0F995B
:109310001A9A0020C4F2020002908023169308F0EB
:109320008BFB02980F991A9A402308F085FB02984C
:109330000F99149B1A9A08F07FFB02980F99159BBE
:109340001A9A08F079FB02980F991A9A0823139336
:1093500008F072FB02980F991A9A1D9B08F06CFB9B
:1093600002980F99189B1A9A08F066FB02980F99B9
:109370001A9A0423199308F05FFB03980F99139B23
:109380001A9A08F059FB03980F99199B1A9A08F03A
:1093900053FB03980F99189B1A9A08F04DFB0398FA
:1093A0000F991A9A1D9B08F047FB1A9942F2001078
:1093B000C4F201001C9007F081FA1A991C9807F07A
:1093C00091F91C981D994FF0306207F041FA1C98F2
:1093D0001D9A114607F010FA1C981D9A4FF48071DF
:1093E000109107F035FB18991A9A1C9807F030FB7A
:1093F0001A9A1C984FF4806107F02AFB19991A9A5F
:109400001C9807F08FF9159A1C981D9907F012F90E
:10941000189B1A991C980922079207F05FFA139A71
:10942000189B1C981D9907F059FA189B1C980F223D
:109430000C92194607F052FA0F99189B1C980E22AD
:109440000A9207F04BFA189B19991C98072206926A
:1094500007F044FA189B1C980521059106220492F6
:1094600007F03CFA0499059A189B1C9807F036FA05
:109470000699189B199A1C9807F030FA0F9A1399BD
:10948000189B1C9807F02AFA0799189B1A9A1C989F
:1094900007F024FA189B1C981D9A0A210D9107F0D9
:1094A0001DFA189B1C980B210B911A4607F016FA0F
:1094B000189B1C980C2109910D22089207F00EFAB6
:1094C0000899099A189B1C9807F008FA0A990B9AB0
:1094D000189B1C9807F002FA0C990D9A189B1C987F
:1094E00007F0FCF91C9807F0DDF91C9807F06AF901
:1094F0001C9807F05DF940F2F834C2F200044FF412
:1095000000710E912046F7F752F90E9940F2F8508B
:10951000C2F200001290F7F74AF920A8119007F064
:1095200047FF189946F20040C4F20200179007F076
:10953000CBFB0F9A3A2011460FF06EFF109B119A49
:1095400017981899DDF868C0DDF874E042F24C1500
:10955000C4F2010520954FF400652195CDF888E00F
:1095600023944FF400542494CDF894C0CDF898C0BF
:10957000CDF89CC0CDF8A0E0CDF8A4E0CDF8A8C00F
:109580002B934FF400332C9307F04CFE1798189947
:109590001D9A07F063FB179818991D9A08F024F894
:1095A000129A179818991A9B07F0F2FF17981899B2
:1095B0001D9A07F0F7FB17981899199A07F0F2FB14
:1095C000139A1798189907F0EDFB159A17981899A0
:1095D00007F0E8FB149A1798189907F0E3FB159A1F
:1095E0001798189907F056FC169A1798189907F0CB
:1095F00051FC1798189907F01FFB1A982721ADF80E
:10960000B410ADF8B600ADF8B80040F2E7312F91D4
:10961000ADF8BA008DF8C00040F60040C4F200007A
:109620001B902DA911F0BAF91A9A1B981D99ADF843
:10963000C820ADF8C41031AA10F05CFE199A1B982E
:109640001D9911F001F81B981D99702210F0B6FFBA
:109650001A9A1B981D9911F01BF81B9811F05CF9D0
:109660001C9807F0B9F81D98FEF744FA34B0B0BD65
:1096700080B5AAB000201590FFE71598052848DCB2
:10968000FFE7159A40F67021C2F200010020149005
:1096900041F82200159A40F65821C2F2000141F823
:1096A0002200159A40F64021C2F2000141F8220042
:1096B000159A4AF65011C2F2000141F82200159A9B
:1096C0004AF6E801C2F2000141F82200159A4AF672
:1096D0006001C2F2000121F81200159A49F290418E
:1096E000C2F2000121F81200159A4AF63001C2F2C6
:1096F000000121F81200159A49F2C041C2F200019E
:109700004FF6FF7021F81200FFE715980130159011
:10971000B3E740F63C21C2F200010020109008702F
:1097200040F616400FF0CEFF41F203000FF0CAFFE3
:1097300041F20A100FF0C6FF40F605400FF0C2FFDD
:10974000109A41F20040C4F20200019003210691F8
:1097500020230C9308F070F901980699109A0823B9
:109760000B9308F069F901980699109A4FF4007369
:1097700008F062F901980699109A4FF480730293E9
:1097800008F05AF901980699109A10230D9308F0E1
:1097900053F901980699109A4FF48063039308F0E7
:1097A0004BF9109942F20020C4F20100129007F028
:1097B00085F81099129806F095FF129801211391DF
:1097C0004FF0306207F044F81298139A114607F0F0
:1097D00013F802991298139A07F03AF9109A12980E
:1097E0000221099107F034F90399109A129807F0B1
:1097F0002FF9109A129804210F9106F093FF1298F6
:1098000013990622049206F015FF099B10991298ED
:109810000F2207F063F8099B12981399092207F0A9
:109820005DF8099B12980722194607F057F8049A29
:109830000699099B129807F051F8099B0F99129805
:109840000E2207F04BF8099B0B9A1298052107F09E
:1098500045F8129807F026F8129806F0B3FF129810
:1098600006F0A6FF40F6BC00C2F200000790C0213F
:109870000591F6F79CFF059940F67C10C2F20000B6
:109880000A90F6F794FF16A8089007F091FD139937
:1098900046F20040C4F202000E9007F015FA069A54
:1098A000392011460FF0B8FDDDF81CC0089A0E985B
:1098B000109B139942F24C2EC4F2010ECDF858E0E1
:1098C0004FF4006ECDF85CE01891CDF864C04FF411
:1098D000005CCDF868C01B931C931D931E911F91D3
:1098E0002093602321934FF40033229307F09AFCD6
:1098F000099A0E98139907F0B1F90E98139A114628
:1099000007F072FE0A9A0E98109B139907F040FE1A
:109910000E98139A114607F045FA0E980F9A13996C
:1099200007F040FA0B9A0E98139907F03BFA0D9A3C
:109930000E98139907F036FA0C9A0E98139907F0BF
:1099400031FA0D9A0E98139907F0A4FA0E9813990C
:10995000802207F09FFA0E98139907F06DF910987E
:109960002721ADF88C10ADF88E00ADF8900040F2D4
:10997000E7312591ADF892008DF8980040F600404F
:10998000C4F20000119023A911F008F8109A119860
:109990001399ADF8A020ADF89C1027AA10F0AAFCEE
:1099A0000F9A1198139910F04FFE11981399702285
:1099B00010F004FE109A1198139910F069FE119896
:1099C00010F0AAFF129806F007FF1398FEF792F81E
:1099D0002AB080BD80B582B040F27800C2F20000AB
:1099E000FEF780F94AF6B322C2F2000210600020AE
:1099F0001071012151710021C4F26001C2F80610FA
:109A00000190FFE7019807280DDCFFE701994AF66E
:109A1000B320C2F20000014400208872FFE70198E1
:109A200001300190EEE74AF6B321C2F200010020B6
:109A3000A1F8130040F22001C2F2000101200870D9
:109A400002B080BD80B582B04AF6C820C2F20000E4
:109A500000903C21F6F7ABFE009901200870002031
:109A60000190FFE70198022812DCFFE79DF804004F
:109A7000FCF730FE019A4AF6C821C2F2000101EB60
:109A80008201C1F82E00FFE7019801300190E9E75B
:109A900000200190FFE70198032813DCFFE7019AFB
:109AA0004AF6C820C2F200000430042100F8121067
:109AB000019900EB410101204870FFE70198013056
:109AC0000190E8E700200190FFE7019805280DDCF0
:109AD000FFE701994AF6C820C2F200000144FF20C6
:109AE0008873FFE7019801300190EEE74AF6C8223B
:109AF000C2F20002012010730021518740F22201BE
:109B0000C2F20001087002B080BD000080B590B0C4
:109B10008DF83F009DF83F000146099120B1FFE715
:109B20000998012828D051E04FF080400A904FF466
:109B300080500FF0C7FD40F601400FF0C3FD40F22A
:109B40000040C4F202000790012106914FF4807298
:109B5000089207F0D9FE069A0798089B022107F0A1
:109B60006BFF06990798089B002207F0B3FF079840
:109B7000089907F03BFF2AE040F20040C4F20000E1
:109B80000A9041F201000FF09DFD40F603400FF0F6
:109B900099FD40F60040C4F20200049002210291B7
:109BA0000422059207F0B0FE02990498059B012259
:109BB000039207F041FF03990498059B002207F0E8
:109BC00089FF0498059907F011FF00E021E00020CB
:109BD0000190ADF82C00ADF82E00ADF830004FF636
:109BE000FF710D91ADF832008DF838000A980BA97D
:109BF00010F0D4FE0A98702110F050FF01990A98D5
:109C00004FF400420F2310F091FE0A9810F084FEEA
:109C1000FFE710B080BD00004AF67011C2F20001EB
:109C20000020C1E90000704780B588B040F60440CC
:109C30000FF048FD40F605400FF044FD40F60640A9
:109C40000FF040FD41F20000C4F20200009001223A
:109C500004924FF4F0630193114607F0EDFE009873
:109C6000019B00220592114607F034FF00980199EC
:109C700007F0BCFE049A41F20040C4F202000290D8
:109C80004FF440430393114607F0D6FE0298039B1E
:109C9000059A114607F01EFF0298039907F0A6FEE9
:109CA000049A41F60000C4F20200069003230793D1
:109CB000114607F0C1FE059A0698079B114607F06A
:109CC00009FF0698079907F091FE08B080BD0000D3
:109CD00080B588B040F602400FF0F4FC40F6054035
:109CE0000FF0F0FC40F60000C4F2020001900122E7
:109CF00003924FF440430293114607F09DFE0198F2
:109D0000029B00220492114607F0E4FE019802999A
:109D100007F06CFE039A41F20040C4F20200059085
:109D200043F607030693114607F086FE049A05984A
:109D3000069B114607F0CEFE0598069907F056FEE1
:109D400007208DF81F00FFE79DF91F00002814D49D
:109D5000FFE79DF81F00012101F0BEF99DF81F20CB
:109D6000901C4AF66811C2F200018854FFE79DF882
:109D70001F0001388DF81F00E6E749F24441C2F2A6
:109D80000001002008704AF60111C2F20001FF2014
:109D900008704AF60011C2F20001087008B080BDD8
:109DA00080B596B015901491ADF84E20159845F2F7
:109DB0000001C4F20101884201D0FFE7C4E040F68F
:109DC00004400FF07FFC41F214100FF07BFC41F2D5
:109DD0000000C4F202000690062102914FF4805266
:109DE000039207F091FD029906984FF48042049285
:109DF00007F08AFD029906984FF40052089207F086
:109E000083FD039B0698022105910122079207F02A
:109E100013FE039B0698079A0021099107F05AFE4A
:109E2000049B05990698079A07F006FE049B06987E
:109E3000079A099907F04EFE05990698079A089B1C
:109E400007F0FAFD0698079A089B099907F042FE69
:109E500045F20000C4F2010010F01CF80CA810F04C
:109E6000F9F809984FF482710C910D900E904FF40F
:109E700000710F911090BDF84E0001460A91032821
:109E800010D80A99DFE801F00205080B00201190B4
:109E900008E00220119005E00120119002E003206B
:109EA0001190FFE703200FF05BFB0B9014990B98C8
:109EB000B0FBF1F00B900B98812803D3FFE738201B
:109EC000129032E00B98412803D3FFE73020129024
:109ED0002AE00B98212803D3FFE72820129022E0E4
:109EE0000B98112803D3FFE7202012901AE00B985B
:109EF000092803D3FFE71820129012E00B980528D9
:109F000003D3FFE7102012900AE00B98032803D335
:109F1000FFE70820129002E000201290FFE7FFE721
:109F2000FFE7FFE7FFE7FFE7FFE745F20000C4F2C6
:109F3000010001900CA910F031F8019810F068F8B8
:109F400001980FF00BFFFFE716B080BD80B588B019
:109F50008DF81F008DF81E1006920593FF208DF8D6
:109F60001300069801F060FF8DF812000698043087
:109F700001F05AFF03909DF81E00E238014601915E
:109F80000B2800F292800199DFE801F0068F8F26FE
:109F90008F8F2A8F8F438F5D059800680A2804D021
:109FA000FFE702208DF813007FE09DF9120003A95E
:109FB0000222FBF7C5FA8DF813009DF81300FF2865
:109FC00006D1FFE706980430039901F06DFFFFE723
:109FD00005990A20086068E008208DF8130064E005
:109FE00005980068062804D0FFE702208DF81300CA
:109FF0005BE09DF81F009DF91210069A0432059B44
:10A0000002F0A0FB8DF8130005990868063008607F
:10A010004BE005980068062804D0FFE702208DF881
:10A02000130042E09DF9120003A90022FBF788FA11
:10A030008DF8130006980430039901F035FF059957
:10A040000A20086031E005980068022804D0FFE784
:10A0500002208DF8130028E0059900200860029086
:10A06000FFE70298222818DCFFE79DF9080003A902
:10A070000022FBF765FA8DF8130006980299039AFF
:10A0800001F0A0FE9DF81300FF2801D0FFE704E0D7
:10A09000FFE7029801300290E3E705998C20086001
:10A0A0000599086802300860FFE79DF81300FF2853
:10A0B00004D0FFE7059900200860FFE79DF8130032
:10A0C00008B080BD80B584B08DF80F009DF80F00FA
:10A0D00049F28462C2F2000240F21C5110FB0120DE
:10A0E00002909DF80F00FEF7EDFB0190019840F201
:10A0F0000531C0F2050110F055FF70B3FFE701987C
:10A1000010F006FE8DF8030002980069FE2823D89F
:10A11000FFE79DF8030002994A6901EB820181F88B
:10A120001C0141F60040C4F2000010F0F7FA029959
:10A130004A6901EB8201A1F81E01BFF35F8F02990A
:10A140000869013008610299486901304861029943
:10A150004869C0B24861FFE7FFE7019840F2073164
:10A16000C0F2070110F01EFF20B3FFE7029840681D
:10A17000A0B1FFE701980299CA681144097F10F065
:10A18000CFFD02994868013848600299C8680130DB
:10A19000C8600299C868C0B2C8600AE0019840F27D
:10A1A000073110F0CBFE019840F2063110F0D8FED6
:10A1B000FFE7FFE7019840F20631C0F2060110F018
:10A1C000F1FEA8B1FFE7019840F2063110F0B6FEAB
:10A1D0000298406830B1FFE7019840F2073110F073
:10A1E000BFFE04E09DF80F0004F0DAFEFFE7FFE792
:10A1F000019840F20531C0F2030110F0D3FE40B1E6
:10A20000FFE7019840F20531C0F2030110F0BAFEF9
:10A21000FFE704B080BD000080B582B049F2604124
:10A22000C2F2000108684968FDF7C8FC40B3FFE7C7
:10A230004FF47A7004F0E0F90A4649F26041C2F244
:10A2400000014A60086000208DF80700FFE79DF9D3
:10A250000700072813DCFFE79DF807004AF6B32143
:10A26000C2F2000141FA80F191F90A1004F0C6F837
:10A27000FFE79DF8070001308DF80700E7E7FFE7EB
:10A2800002B080BD80B540F60000C4F202004FF479
:10A29000005107F0ABFB80BD80B540F60000C4F272
:10A2A00002004FF4005107F099FB80BD80B541F2E8
:10A2B0000000C4F20200402107F098FB80BD0000BE
:10A2C00080B541F20000C4F20200402107F086FB95
:10A2D00080BD000080B5AEB02D902D994AF6A43017
:10A2E000C2F20000016049F24841C2F200010123BC
:10A2F0000B6000211C911B911A911DAA1A921C91AE
:10A3000000686A461AA911604CF68412C0F6010270
:10A3100005A90CF0CBF804900498B0F1FF3F03DCE2
:10A32000FFE7FFF757FB3BE04AF6A430C2F200001C
:10A33000029000684AF6B322C2F2000205A9019118
:10A3400015230CF0E7FA019902460298039200687F
:10A350000BF07AFD04900398B0F1FF3F03DCFFE7B8
:10A36000FFF738FB1CE00398152803D0FFE7FFF741
:10A3700031FB15E00498B0F1FF3F03DCFFE7FFF786
:10A3800029FB0DE005F0CAFD18B9FFE7FFF722FB36
:10A3900006E040F22001C2F2000100200870FFE751
:10A3A0002EB080BD80B5AEB02D902D994AF6B0305C
:10A3B000C2F20000016049F25441C2F200010123DF
:10A3C0000B6000211C911B911A911DAA1A921C91DD
:10A3D00000686A461AA911604DF22372C0F60102A4
:10A3E00005A90CF063F804900498B0F1FF3F03DC7A
:10A3F000FFE7FFF727FB3BE04AF6B030C2F2000070
:10A40000029000684AF6C822C2F2000205A9019132
:10A410003C230CF07FFA01990246029803920068EF
:10A420000BF012FD04900398B0F1FF3F03DCFFE74F
:10A43000FFF708FB1CE003983C2803D0FFE7FFF779
:10A4400001FB15E00498B0F1FF3F03DCFFE7FFF7E5
:10A45000F9FA0DE005F0DAFD18B9FFE7FFF7F2FAB7
:10A4600006E040F22201C2F2000100200870FFE77E
:10A470002EB080BD84B0039002910020CFF6807092
:10A48000009000200190FFE701980299884219D2BC
:10A49000FFE70398019900EB810090ED000A9DED24
:10A4A000001AB4EE410AF1EE10FA06DDFFE7039858
:10A4B000019950F821000090FFE7FFE70198013073
:10A4C0000190E1E79DED000A04B0704784B08DF87B
:10A4D0000F00029101929DF80F104CF2E860C0F657
:10A4E000010000EB810090ED000AB5EE400AF1EEAC
:10A4F00010FA0BDAFFE702980068009001980068F4
:10A5000002990860009801990860FFE704B070475D
:10A5100084B08DF80F00029101929DF80F104CF25B
:10A52000F060C0F6010000EB810090ED000AB5EE8E
:10A53000400AF1EE10FA0BDAFFE70298006800908B
:10A540000198006802990860009801990860FFE787
:10A5500004B0704784B08DF80F00029101929DF80D
:10A560000F104CF23070C0F6010000EB810090ED4E
:10A57000000AB5EE400AF1EE10FA0BDAFFE7029896
:10A58000006800900198006802990860009801999D
:10A590000860FFE704B0704780B586B08DF81600FC
:10A5A00004910392049800788DF80B0003980068DA
:10A5B00001909DF80B00033801460091112800F22C
:10A5C0006B800099DFE801F0091C682F68686868F3
:10A5D000686868686842686868550198042804D803
:10A5E000FFE703208DF817005AE09DF816009DF84C
:10A5F0000B10049A039B02F07FFA8DF817004FE0CE
:10A600000198042804D8FFE703208DF8170047E0DD
:10A610009DF816009DF80B10049A039B02F02CFB8A
:10A620008DF817003CE00198062804D8FFE70320C6
:10A630008DF8170034E09DF816009DF80B10049A71
:10A64000039B05F06DFE8DF8170029E0019809289D
:10A6500004D8FFE703208DF8170021E09DF81600CD
:10A660009DF80B10049A039B05F076FD8DF81700FA
:10A6700016E00198082804D8FFE703208DF817009A
:10A680000EE09DF816009DF80B10049A039B02F053
:10A690008BF98DF8170003E001208DF81700FFE714
:10A6A0009DF8170006B080BD80B58CB08DF82F00E6
:10A6B0000A9109928DF8233009980068079007984D
:10A6C000032804D8FFE70999002008609BE00A9955
:10A6D0000798014411F8020C11F8011C40EA01200E
:10A6E000ADF81A000A9807990239FBF727FFADF871
:10A6F0001800BDF81A00BDF81810884204D0FFE712
:10A700000999002008607EE00A9800788DF817000B
:10A710009DF81700B0FA80F040098DF816009DF8FA
:10A7200017009DF82310884209D0FFE79DF8160016
:10A73000C00720B9FFE709990020086063E00A9884
:10A74000013004900798033803900398042804D834
:10A75000FFE709990020086055E0049800788DF81B
:10A760000B009DF82F00049903AAFFF715FF8DF841
:10A770000A009DF81600C00720B1FFE709990020E4
:10A78000086040E09DF80A00FF2820D0FFE79DF810
:10A7900023000A9908709DF80B0040F080000A9988
:10A7A00048709DF80A000A9988700A980321FBF7FF
:10A7B000C5FEADF80800BDF808000A99C8709DF8FC
:10A7C00009000A9908710999052008601BE09DF8A5
:10A7D00023000A9908700A980399013106F0ACF930
:10A7E000ADF80600BDF806000A9A039911444870B6
:10A7F0009DF807000A9A0399114488700398033062
:10A8000009990860FFE70CB080BD000080B592B0E8
:10A8100000208DF83F00FFE79DF83F00022800F37D
:10A82000E281FFE79DF83F0003F0A2FC1190119830
:10A83000002800F0E280FFE79DF83F104AF2366002
:10A84000C2F20000405C022800F0D780FFE7FFE77B
:10A850009DF83F0003F0DCFC0E900E9810909DF8E0
:10A860003F104AF23660C2F20000405C0146099196
:10A8700048B1FFE70998012831D0FFE7099802287D
:10A8800000F0B180B0E09DF83F204AF23661C2F29C
:10A890000001012088549DF83F104AF2246CC2F256
:10A8A000000C00204CF821009DF840009DF83FE08E
:10A8B00048F65871C2F2000101EB0E215CF82E201F
:10A8C000531C4CF82E308854BDF842009DF83F20B0
:10A8D0004AF23061C2F2000121F8120084E0BDF8B2
:10A8E00042009DF83F204AF23061C2F2000131F887
:10A8F0001210401AADF83600BDF836009DF83F2022
:10A900004AF24861C2F2000131F8121088423FDD7C
:10A91000FFE79DF83F204AF21861C2F2000151F8AA
:10A920002200013041F822009DF83F00BDF836209A
:10A930004AF24861C2F2000131F810304AF2246153
:10A94000C2F20001089151F820C06946C1F814C054
:10A950000B61CA6088604EF23F40C0F6010048605B
:10A96000C62008604AF6A820C2F200004EF2144247
:10A97000C0F601024EF22E43C0F6010302210EF092
:10A98000F3FA08999DF83F20002041F82200FFE7E4
:10A990009DF83F104AF22460C2F2000050F82100F6
:10A9A000FF2815D8FFE79DF840009DF83FE048F6E6
:10A9B0005871C2F2000101EB0E214AF2246CC2F27E
:10A9C000000C5CF82E20531C4CF82E308854FFE706
:10A9D000BDF842009DF83F204AF23061C2F200010A
:10A9E00021F8120000E0FFE7FFE71198013811900D
:10A9F00000287FF42DAFFFE7FFE79DF83F104AF2F4
:10AA00003660C2F20000405C012876D1FFE701F019
:10AA1000A5FB9DF83F204AF23061C2F2000131F8F7
:10AA20001210401AADF83400BDF834009DF83F20F4
:10AA30004AF24E61C2F2000131F8121088425BDB2B
:10AA4000FFE79DF83F104AF22460C2F2000050F880
:10AA500021004AF23C62C2F20002079242F8210051
:10AA60009DF83F104AF6C820C2F2000000EB4100FA
:10AA700040798DF833009DF83F0048F65871C2F2D6
:10AA8000000101EB002102EB80029DF83330FFF75B
:10AA90000BFE01F049FA07989DF83F1050F821008D
:10AAA00000B3FFE79DF83F204AF23661C2F2000191
:10AAB000022088549DF83F204AF22461C2F200012E
:10AAC000002041F8220003F097FD02469DF83FC0A8
:10AAD0004AF25863C2F2000303EBCC0043F83C2077
:10AAE000416008E09DF83F204AF23661C2F2000161
:10AAF00000208854FFE7FFE7FFE79DF83F104AF288
:10AB00003660C2F20000405C022865D1FFE79DF884
:10AB10003F204AF25860C2F2000000EBC20150F838
:10AB200032004968FDF74AF8002855D0FFE79DF844
:10AB30003F0003F045FB0B900B9820B1FFE70B980B
:10AB400001380B90FFE70B989DF83F204AF23C61DB
:10AB5000C2F2000151F822100EF084FB0A900A980C
:10AB6000C8B3FFE79DF83F0048F65871C2F20001F4
:10AB700001EB00214AF22462C2F20002069252F86E
:10AB8000202011440A9A03F06BFB06990A900A9B55
:10AB90009DF83F2051F82200184441F822000A9BFA
:10ABA0009DF83F204AF23C60C2F2000050F82210AB
:10ABB000C91A40F822109DF83F1050F8210048B9FA
:10ABC000FFE79DF83F204AF23661C2F20001002003
:10ABD0008854FFE7FFE7FFE7FFE79DF83F000130FC
:10ABE0008DF83F0018E612B080BD000080B582B03D
:10ABF00000200190FFE70198022856DCFFE7019949
:10AC00004AF6C820C2F2000000EB410000790FF0C4
:10AC10006FFF00909DF80400009901F0A9FA0098D8
:10AC2000FBF7D2FD019A4AF24E61C2F2000121F80F
:10AC300012000098FBF798FD019A4AF24861C2F2AF
:10AC4000000121F81200019A4AF23661C2F20001B5
:10AC500000208854019A4AF22461C2F2000141F8AE
:10AC60002200019A4AF23C61C2F2000141F822003E
:10AC7000019A4AF23061C2F2000121F81200019AF1
:10AC80004AF21861C2F2000141F82200019B4AF227
:10AC90005862C2F2000202EBC30142F8330048607E
:10ACA000FFE7019801300190A5E702B080BD0000E8
:10ACB00082B08DF807008DED000A9DED000A9FED32
:10ACC000181A20EE010A8DED000A9DF8070088B1E0
:10ACD000FFE79DF807104CF2E860C0F6010000EBBA
:10ACE000810090ED001A9DED000A20EE010A8DED25
:10ACF000000A10E09DED001A9FED0A0A30EE410AAD
:10AD00009FED091A20EE010AB3EE091A30EE010A8E
:10AD10008DED000AFFE79DED000A02B0704700BF0D
:10AD20000000403A9A99B93F06E7734382B08DF824
:10AD300007008DED000A9DED000A9FED0D1A20EE33
:10AD4000010A8DED000A9DF807104CF2F060C0F684
:10AD5000010000EB810090ED001A9DED000A20EE4D
:10AD6000010A8DED000A9DED000A02B0704700BF98
:10AD70000000403A82B08DF807008DED000A9DED8D
:10AD8000000A9FED0D1A20EE010A8DED000A9DF8D4
:10AD900007104CF23070C0F6010000EB810090ED1E
:10ADA000001A9DED000A20EE010A8DED000A9DEDCE
:10ADB000000A02B0704700BF0000403A49F2D84193
:10ADC000C2F2000148698B69CA69096A18441044D3
:10ADD0000844704780B582B049F2D840C2F2000002
:10ADE0000190FBF763FE01994FF07F30486200202D
:10ADF00048618861C8610862086144F60040C4F295
:10AE000000004FF4165104F057FC02B080BD000062
:10AE100049F2D840C2F200000069704780B549F29B
:10AE2000D041C2F2000108684968FCF7C7FE08B9C2
:10AE3000FFE70CE00A2003F0DFFB0A4649F2D041AD
:10AE4000C2F200014A60086000F0FCF9FFE780BD33
:10AE500080B582B08DF8070049F2BC51C2F2000102
:10AE6000012008709DF8070049F2C051C2F20001AC
:10AE700008704FF4FA7003F0BFFB0A464AF68011DF
:10AE8000C2F200014A60086002B080BD000000000C
:10AE900080B586B049F2C851C2F20001086849681D
:10AEA000FCF78CFE08B9FFE710E14FF47A7003F06D
:10AEB000A3FB0A4649F2C851C2F200014A60086089
:10AEC00007208DF81700FFE79DF91700002800F113
:10AED000FD80FFE749F24440C2F2000000789DF98E
:10AEE0001710C840C00700B3FFE79DF917100120F5
:10AEF00000FA01F34AF60012C2F200021178194377
:10AF000011709DF9171000FA01F24AF60111C2F210
:10AF100000010878104308709DF817204AF6681160
:10AF2000C2F2000105208854B2E09DF91700FDF738
:10AF30009BF910EE100A11F0F1F941EC100B8DEDB8
:10AF4000020B032002F02AF810EE100A11F0E6F9C5
:10AF500041EC100B9FED5E1B53EC112B51EC100BD1
:10AF600010F0F0FF9DED020B41EC110B53EC112B97
:10AF700051EC100B11F020FAF0B9FFE79DF9170022
:10AF8000FDF772F98DED010A9DF91700FDF726F91D
:10AF9000B0EE401A9DED010A30EE410A4AF6B320A8
:10AFA000C2F20000D0F8060001EE100AB4EE410A29
:10AFB000F1EE10FA56DAFFE79DF817104AF668101E
:10AFC000C2F20000405C002841D1FFE74AF60010C1
:10AFD000C2F2000000789DF91710C840C00700BBFE
:10AFE000FFE79DF91710012000FA01F34AF600125D
:10AFF000C2F200021178194311709DF9171000FA7E
:10B0000001F24AF60111C2F20001087810430870FB
:10B010009DF817204AF66811C2F2000137208854C3
:10B0200014E09DF91710012000FA01F24AF6001110
:10B03000C2F200010878904308709DF817204AF684
:10B040006811C2F2000105208854FFE709E09DF86D
:10B0500017204AF66811C2F20001885C0138885452
:10B06000FFE714E09DF817204AF66811C2F20001CC
:10B07000052088549DF91710012000FA01F24AF6C4
:10B080000111C2F20001087890430870FFE7FFE762
:10B090004AF60010C2F2000000789DF91710C8406F
:10B0A000C00730B9FFE79DF81700002100F014F841
:10B0B00005E09DF81700012100F00EF8FFE7FFE71B
:10B0C0009DF8170001388DF81700FDE606B080BD29
:10B0D000000000000000E03F80B584B08DF80F0054
:10B0E0008DF80E109DF80E00002854D1FFE79DF852
:10B0F0000F000146029107284BD80299DFE801F0C2
:10B10000040D161F272F374041F20040C4F2020001
:10B110004FF4005106F06AFC3CE041F20040C4F2FA
:10B1200002004FF4805106F061FC33E041F2004030
:10B13000C4F202004FF4006106F058FC2AE041F22C
:10B140000040C4F20200042106F050FC22E041F26B
:10B150000040C4F20200022106F048FC1AE041F26D
:10B160000040C4F20200012106F040FC12E040F66B
:10B170000000C4F202004FF4004106F037FC09E081
:10B1800040F60000C4F202004FF4804106F02EFCAD
:10B1900000E0FFE753E09DF80F000146019107280A
:10B1A0004BD80199DFE801F0040D161F272F374017
:10B1B00041F20040C4F202004FF4005106F00EFCD0
:10B1C0003CE041F20040C4F202004FF4805106F02E
:10B1D00005FC33E041F20040C4F202004FF400618C
:10B1E00006F0FCFB2AE041F20040C4F20200042118
:10B1F00006F0F4FB22E041F20040C4F2020002211A
:10B2000006F0ECFB1AE041F20040C4F2020001211A
:10B2100006F0E4FB12E040F60000C4F202004FF436
:10B22000004106F0DBFB09E040F60000C4F202003A
:10B230004FF4804106F0D2FB00E0FFE7FFE704B0E7
:10B2400080BD000080B586B049F2D840C2F200004F
:10B25000029002998868C968FCF7B0FCA0B1FFE7CA
:10B260000298FBF723FC40F6B83003F0C5F90A4614
:10B270000299CA6088600299002081F8E000029972
:10B28000086A01300862FFE7029908684968FCF71C
:10B2900095FC08B9FFE776E0322003F0ADF90A46E5
:10B2A00002994A600860FCF757FF0590FFE7059890
:10B2B000002868D0FFE7FCF757FF8DF813000598CA
:10B2C00001380590029890F8E0000146019120B104
:10B2D000FFE70198012837D000E0FFE79DF8130051
:10B2E00003909DF80C0003900299486A000248629E
:10B2F000039A0299486A104348620298406AB0F182
:10B30000803F20D1FFE70299012081F8E0000298F8
:10B31000FBF70AF9029890F8271000F0CBFE02988C
:10B3200090F8261000F0C6FE029890F8251000F064
:10B33000C1FE029890F8241000F0BCFE02994FF074
:10B340007F304862FFE71DE002989DF8131000F07F
:10B35000B1FE0298FCF722FC98B1FFE702990020A9
:10B3600081F8E000029800F0DBFC48B9FFE740F606
:10B37000B83003F041F90A460299CA608860FFE7D5
:10B38000FFE7FFE793E706B080BD000080B582B01D
:10B3900046F20000C4F202000190012105F094FC85
:10B3A0000198032105F090FC02B080BD80B592B0F9
:10B3B000119040F615400EF085F908A8019006F0AE
:10B3C000CFF846F20000C4F2020004900321059178
:10B3D00005F07AFC019A04980599402306930E9390
:10B3E0004AF6A843C2F200030A93002300930B938A
:10B3F0000C93119B0F9344F60403C4F200030893CB
:10B400000123039309934FF44033109305F0EEFFAB
:10B410000498059905F046FC0498059904220292C7
:10B4200005F01CFC0399049805F04EFC009B019A62
:10B43000039904980E934AF63443C2F200030A9328
:10B4400005F0D4FF0399049805F02CFC029A0399A7
:10B45000049805F003FC0399049805F0EDFB0498AB
:10B46000059905F0E9FB069944F60000C4F20000D6
:10B4700007900FF0FBFC079880210FF009FD12B038
:10B4800080BD000080B582B000208DF807004FF429
:10B49000E13000F07DFAFF20FCF7AAFBFF2804D181
:10B4A000FFE701208DF80700FFE79DF8070000F097
:10B4B000010002B080BD000080B586B00490039109
:10B4C00000F050F820B9FFE700208DF8170045E0A4
:10B4D000039820B9FFE701208DF817003EE003989C
:10B4E000C000612804D3FFE700208DF8170035E085
:10B4F00000200290FFE70298039988422AD2FFE7D2
:10B500000499029A002088540190FFE701980728C7
:10B510001BD8FFE70198029900EBC1014AF63440BD
:10B52000C2F20000405CFF280AD1FFE70199012028
:10B5300000FA01F30499029A885C18438854FFE7E3
:10B54000FFE7019801300190E0E7FFE70298013042
:10B550000290D0E701208DF81700FFE79DF8170053
:10B5600006B080BD80B582B046F20000C4F2020091
:10B570000321202205F04AFC20B9FFE700208DF8C6
:10B58000070011E046F20000C4F20200012120226F
:10B5900005F03CFC20B9FFE700208DF8070003E030
:10B5A00001208DF80700FFE79DF8070002B080BD7D
:10B5B00080B582B00090009900200870FFF7D2FF9C
:10B5C00020B9FFE700208DF807000FE04AF634406D
:10B5D000C2F200000078FF2804D1FFE700990120A3
:10B5E0000870FFE701208DF80700FFE79DF80700CE
:10B5F00002B080BD80B582B0009000990020087034
:10B60000FFF7B0FF20B9FFE700208DF807000FE03B
:10B610004AF63440C2F200000078F02804D0FFE778
:10B62000009901200870FFE701208DF80700FFE76F
:10B630009DF8070002B080BD80B582B000208DF873
:10B6400007004FF4165000F0A3F9F020FCF7D0FAF1
:10B65000F02804D0FFE701208DF80700FFE79DF8F0
:10B66000070000F0010002B080BD000081B049F287
:10B670006A41C2F200010020087049F26941C2F239
:10B680000001087049F26841C2F2000108708DF8AB
:10B690000300FFE79DF8030007280FDCFFE79DF894
:10B6A000032049F27C61C2F2000100208854FFE7C8
:10B6B0009DF8030001308DF80300EBE701B07047FF
:10B6C00080B586B0049001208DF80C008DF80F0035
:10B6D00000208DF80D008DF80E008DF80B0049F25A
:10B6E0006840C2F200000078C007002840F0DF8008
:10B6F000FFE7FFF7A1FF98B9FFE749F26A41C2F2FD
:10B7000000010020087049F26941C2F2000108708E
:10B7100049F26841C2F2000108708DF8170006E195
:10B72000F02000F0C7F9FFE7FFF7ACFE8DF80A0044
:10B73000FFF7A8FE8DF809009DF80A00C00730B198
:10B74000FFE79DF80900C00708B1FFE794E09DF806
:10B750000A0000F001009DF8091001F00101884283
:10B7600007D0FFE79DF80A0000F001008DF80800FF
:10B7700040E09DF80F0049F26941C2F200010978EA
:10B78000884211DAFFE79DF80D1049F27C60C2F2A1
:10B790000000405C9DF80C10014000200029C8BF4B
:10B7A00001208DF808000DE09DF80F0049F2694175
:10B7B000C2F200010978401AB0FA80F040098DF811
:10B7C0000800FFE79DF80800C00790B9FFE79DF863
:10B7D0000F008DF80E009DF80E00082808DCFFE72A
:10B7E0009DF80E0049F26A41C2F200010870FFE7BD
:10B7F000FFE7FFE79DF80800C00760B1FFE79DF88D
:10B800000C309DF80D2049F27C61C2F20001885C89
:10B81000184388540BE09DF80C309DF80D2049F238
:10B820007C61C2F20001885C98438854FFE79DF870
:10B83000080000F0010000F025F99DF80F0001302C
:10B840008DF80F009DF80C0040008DF80C009DF85D
:10B850000C0048B9FFE79DF80D0001308DF80D0090
:10B8600001208DF80C00FFE7FFE7FFE79DF80D00D2
:10B870000828FFF659AFFFE79DF80F00412815DBB8
:10B88000FFE79DF80E1049F26940C2F20000017016
:10B89000007838B9FFE749F26841C2F2000101209F
:10B8A0000870FFE701208DF80B00FFE7FFE79DF828
:10B8B0000B00C00738B1FFE749F27C60C2F200001C
:10B8C000007898B9FFE749F26941C2F2000100200F
:10B8D000087049F26A41C2F20001087049F26841F9
:10B8E000C2F2000108708DF80B0019E000208DF8FD
:10B8F0000700FFE79DF80700072810DCFFE79DF829
:10B90000072049F27C60C2F20000805C04998854F0
:10B91000FFE79DF8070001308DF80700EAE7FFE731
:10B920009DF80B0000F001008DF81700FFE79DF86F
:10B93000170006B080BD000080B582B0019044F6CB
:10B940000000C4F2000000900FF0F6F90098019991
:10B950000FF032F900980FF0E7FA009808210FF085
:10B9600067FB009804210FF04DFB00980FF0A2FA3E
:10B9700002B080BD80B582B0019000910198FFF7C0
:10B98000DBFF03F081FE0098FFF710FD02B080BDE1
:10B9900080B582B0019003F03DFE0198FFF7CCFF27
:10B9A000FFF7F4FC02B080BD80B586B0049003912F
:10B9B0000398C000612804D3FFE700208DF817002A
:10B9C00040E000200290FFE70298039988422FD2BE
:10B9D000FFE700200190FFE70198072823D8FFE741
:10B9E00001990498029A805CC840C00758B9FFE7E3
:10B9F0000198029900EBC1024AF6A841C2F2000187
:10BA0000002088540AE00198029900EBC1024AF62E
:10BA1000A841C2F20001FF208854FFE7FFE7019828
:10BA200001300190D8E7FFE7029801300290CBE7A0
:10BA30000398C1004FF4E130FFF79CFF01208DF81F
:10BA40001700FFE79DF8170006B080BD80B54AF6E5
:10BA5000A841C2F20001FF2008704FF4E13001213B
:10BA6000FFF788FF80BD000080B54AF6A841C2F20A
:10BA70000001F02008704FF416500121FFF77AFF03
:10BA800080BD000080B582B08DF807004FF4E13032
:10BA9000FFF77EFF9DF80700C00720B1FFE7FF20FA
:10BAA000FCF7A6F803E00020FCF7A2F8FFE702B0DD
:10BAB00080BD000080B582B08DF8070001208DF8B0
:10BAC0000600FFE79DF8060088B1FFE79DF8060035
:10BAD0009DF807100840002818BF0120FFF7D2FF8B
:10BAE000FFE79DF8060040008DF80600EAE702B087
:10BAF00080BD000082B001908DF8031000208DF809
:10BB00000200FFE79DF80300411E8DF80310C8B145
:10BB1000FFE70198411C019100789DF80210484010
:10BB20008DF802009DF8022002F00F004CF624115F
:10BB3000C0F60101085C01EB1211097C48408DF848
:10BB40000200DFE79DF8020002B0704780B584B0C4
:10BB500041F212000DF0B6FD40F601400DF0B2FDCD
:10BB600040F20040C4F20200019007214FF48062CD
:10BB7000039205F0C9FE0198039B02210022029264
:10BB800005F05AFF0198029A039B012105F0A2FFDC
:10BB90004FF41650FFF7FCFE04B080BD80B584B0B2
:10BBA000039002918DED010A0398029900EB810048
:10BBB0009DED010A00F058F904B080BD80B584B055
:10BBC000039002918DF80720029800684000013030
:10BBD00042F23511884204D3FFE702990020086041
:10BBE0003EE00298006801380090FFE700980028C6
:10BBF0000DD4FFE70399009A01EB42000130895C04
:10BC0000FAF7C8FEFFE7009801380090EEE70299C6
:10BC100008684000086002990868013008609DF8D3
:10BC2000070003990870039802990988FAF720FF22
:10BC30008DF8060003980299096808449DF80610DB
:10BC4000FAF7A8FE02990868023008600399029882
:10BC500002680D2088540299086801300860FFE7E7
:10BC600004B080BD80B584B000200390FFE7039846
:10BC700002281EDCFFE7039900914AF6C820C2F2B1
:10BC800000000430019010F811000EF031FF014661
:10BC90000098C0B200F06CFA0199039801EB4001E2
:10BCA0004978C0B200F01EF8FFE703980130039016
:10BCB000DDE703200290FFE7029803280FDCFFE78F
:10BCC000029800EBC00249F2E051C2F200010120EB
:10BCD00001F82200FFE7029801300290ECE704B07F
:10BCE00080BD000080B582B08DF807008DF8061089
:10BCF0009DF806009DF8071001EBC10249F2E051E2
:10BD0000C2F2000101F822009DF807109DF80620FC
:10BD10004DF2C760C0F60100F4F7FCFB02B080BD35
:10BD200080B584B002900298C06A5C2808D0FFE712
:10BD300002994869013048614FF0FF3003902EE0CE
:10BD40000298006BB0F1803F08D0FFE70299886944
:10BD5000013088616FF00100039020E002983030DC
:10BD60005A21FAF767FCADF80600BDF80600029903
:10BD7000B1F88A10884208D0FFE70299C8690130FB
:10BD8000C8616FF00200039009E00298FAF782FDA3
:10BD9000029908690130086100200390FFE70398C9
:10BDA00004B080BD80B584B0039002918DED010A8E
:10BDB0000398029900EB81009DED010A00F054F810
:10BDC00004B080BD80B584B00390029101920398C5
:10BDD000029900EB8100019900F066F804B080BD83
:10BDE00084B003900020019003208DF80B00FFE742
:10BDF0009DF90B00002811D4FFE701980002019083
:10BE000003989DF80B10415C019808430190FFE7EF
:10BE10009DF80B0001388DF80B00E9E701980090C0
:10BE20009DED000A04B0704783B00290002001909D
:10BE30008DF80300FFE79DF80300032811DCFFE7FE
:10BE400001980002019002989DF80310415C01984E
:10BE500008430190FFE79DF8030001308DF80300CF
:10BE6000E9E7019803B0704784B003908DED020AB2
:10BE70000298009000208DF80700FFE79DF9070069
:10BE800003280FDCFFE7009803999DF807208854EA
:10BE90000098000A0090FFE79DF8070001308DF838
:10BEA0000700EBE704B0704784B00390029102985A
:10BEB000019003208DF80300FFE79DF9030000289F
:10BEC0000FD4FFE7019803999DF803208854019847
:10BED00000120190FFE79DF8030001388DF8030080
:10BEE000EBE704B07047000084B003900291029821
:10BEF000019003208DF80300FFE79DF9030000285F
:10BF00000FD4FFE7019803999DF803208854019806
:10BF1000000A0190FFE79DF8030001388DF8030047
:10BF2000EBE704B07047000049F27361C2F2000110
:10BF3000012008707047000080B586B08DF81600AB
:10BF40009DF816000146009140B1FFE700980128D6
:10BF50000DD0FFE70098022812D01AE0002000F070
:10BF60008FFA03909DF80C008DF8170015E0012062
:10BF700000F086FA02909DF808008DF817000CE09A
:10BF8000022000F07DFA01909DF804008DF8170062
:10BF900003E000208DF81700FFE79DF8170006B0BA
:10BFA00080BD000080B5FBF7F5FD00F003F805F05B
:10BFB000F3FE80BD80B588B040F6044000900DF0DF
:10BFC00081FB00980DF07EFB40F602400DF07AFBFD
:10BFD00041F20000C4F202000290012204924023C8
:10BFE0000193114605F028FD019B02980499002257
:10BFF000059205F06FFD0199029805F0EFFC02989B
:10C00000049A20230393114605F016FD0298039B22
:10C010000499059A05F05EFD0298039905F0DEFC8F
:10C02000049A40F60000C4F2020006904FF4005358
:10C030000793114605F000FD0499059A0698079BA1
:10C0400005F048FD0698079905F0C8FC08B080BDCA
:10C0500080B588B08DF81B00059104920498029079
:10C060009DF81B000146019140B1FFE701980128AE
:10C070000AD0FFE7019802280CD011E00599049A34
:10C08000002000F037FA0EE00599049A012000F034
:10C0900031FA08E00599049A022000F02BFA02E038
:10C0A0000020079002E002980790FFE7079808B089
:10C0B00080BD000083B001908DF803100198C06A24
:10C0C0005C2804D3FFE74FF0FF30029011E00199A4
:10C0D000C86A0130C8629DF8030001998A6A114458
:10C0E00081F830000199886A01308862002002904E
:10C0F000FFE7029803B0704781B08DF803009DF808
:10C10000030049F28462C2F2000240F21C5110FBAB
:10C110000120006901B0704781B08DF803009DF8DF
:10C12000030049F28462C2F2000240F21C5110FB8B
:10C130000120406801B0704781B08DF803009DF880
:10C14000030049F28462C2F2000240F21C5110FB6B
:10C1500001204068C0F5807001B0704780B541F69D
:10C160000040C4F200000EF0D9FA80B280BD000099
:10C1700080B584B08DF80F0002919DF80F0040F259
:10C180001C51414349F28460C2F200004058032828
:10C1900001D1FFE739E002F0A7FE9DF80F0049F258
:10C1A0008463C2F20003019340F21C52009210FB20
:10C1B0000231002048609DF80F1011FB02318860A9
:10C1C0009DF80F1011FB0231C8609DF80F1011FB94
:10C1D000023108619DF80F1011FB023148619DF892
:10C1E0000F1011FB023188619DF80F0000F010F86C
:10C1F0009DF80F00029900F0F5F8009A01999DF85A
:10C200000F00424303208850FFE704B080BD0000C8
:10C2100080B59AB08DF867009DF8670001461891C7
:10C2200048B1FFE71898012850D0FFE71898022876
:10C2300000F09380D1E040F601400DF043FA40F663
:10C2400003400DF03FFA40F20040C4F202000F90AC
:10C25000012215924FF400531093114605F0ECFBA8
:10C260000F98109B159A0021169105F033FC0F983A
:10C27000109905F0B3FB40F60040C4F202001490A0
:10C28000072111912022129205F03EFB119914987A
:10C290004022179205F038FB129B1498159A022140
:10C2A000139105F0C9FB129B1498169A114605F0DC
:10C2B00011FC13991498159A179B05F0BDFB14985F
:10C2C0001599169A179B05F005FC88E040F6034087
:10C2D0000DF0F8F940F20040C4F20200069001228D
:10C2E0000C924FF480530793114605F0A5FB069876
:10C2F000079B0C9A00210D9105F0ECFB069807991D
:10C3000005F06CFB40F60000C4F202000B9008211F
:10C3100008914022099205F0F7FA08990B988022BB
:10C320000E9205F0F1FA099B0B980C9A02210A91E2
:10C3300005F082FB099B0B980D9A114605F0CAFB8C
:10C340000A990B980C9A0E9B05F076FB0B980C99AA
:10C350000D9A0E9B05F0BEFB41E040F604400DF047
:10C36000B1F941F20000C4F20200039001220592EB
:10C3700004230093114605F05FFB009B0398059A88
:10C380000021049105F0A6FB0099039805F026FB17
:10C390000398082101910222029205F0B5FA019951
:10C3A0000398059A05F0B0FA029B0398059A19467E
:10C3B00005F042FB029B0398049A114605F08AFBA4
:10C3C00002990398059B1A4605F036FB0398049AD8
:10C3D000059B194605F07EFB01E0FFE7FEE71AB07A
:10C3E00080BD000080B584B08DF80F0002919DF8EB
:10C3F0000F00FCF767FA01909DF80F0001460091CD
:10C4000040B1FFE7009801280ED0FFE7009802280E
:10C4100014D01DE02620002211460CF0FDFF41F251
:10C4200011000DF04FF915E04720002211460CF0E5
:10C43000F3FF41F205100DF045F90BE05320002207
:10C4400011460CF0E9FF41F21F000DF03BF901E04D
:10C45000FFE7FEE701980EF06FFC019808210EF04F
:10C46000E7FD019804210EF0CDFD0198029900F03E
:10C4700095F8019840F205310EF072FD04B080BDD0
:10C4800084B08DF80B009DF80B0049F28462C2F273
:10C49000000240F21C5110FB01200190002003908B
:10C4A0000198006910B3FFE7BFF35F8F01988169BE
:10C4B00000EB8100D0F81C010390FFE7019850E8E1
:10C4C000040F0090009801380090FFE70099019A4E
:10C4D00042E804100028F1D1FFE701998869013092
:10C4E000886101998869C0B28861FFE7039804B048
:10C4F0007047000080B588B08DF81F000691059246
:10C500009DF81F0049F28462C2F2000240F21C5101
:10C5100010FB01200490059801909DF81F00FFF783
:10C520000BFE014601980CF08BFE0290029890B32E
:10C53000FFE700200390FFE703980299884214D296
:10C54000FFE706980399405C04998A6811440877CC
:10C55000049988680130886004998868C0B288604E
:10C56000FFE7039801300390E6E7FFE7049850E8FF
:10C57000010F03900299039808440390FFE7039981
:10C58000049A42E801100028F0D1FFE79DF81F004F
:10C5900000F014F8FFE7029808B080BD80B582B0C3
:10C5A0000190009101980EF057FC019800990EF04F
:10C5B00003FB01980EF07EFC02B080BD80B582B016
:10C5C0008DF807009DF8070002F01AFD9DF807009E
:10C5D000FCF778F940F207310EF0C2FC02B080BDE2
:10C5E00080B5C6B08DF81701449143924293FF2065
:10C5F0008DF807010CA80B90D421F4F7FAF80B99E9
:10C600009DF91001F5F7DAFE8DF807014299002037
:10C6100008609DF80701FF2840F08F80FFE74398EE
:10C620004299096808444DF2B861C0F601010A91C7
:10C630000CAA0992F3F780FF099A0A99429B1860A5
:10C64000429B1868013018604398429B1B6818444D
:10C650008032F3F771FF099A0A998446429B186861
:10C6600060441860429B1868013018604398429BF0
:10C670001B6818449032F3F75FFF099A0A998446C1
:10C68000429B186860441860429B1868013018602B
:10C690004398429B1B681844A032F3F74DFF0246B3
:10C6A000429908681044086042990868013008609F
:10C6B000439842990968084407903C983D99029133
:10C6C0000FF02CFE0246029803920A46039942ECB0
:10C6D000101B8DED040B0FF021FE9DED040B0246A7
:10C6E000079808920A46089942EC111B694681EDA9
:10C6F000001B53EC102B4DF2BB61C0F60101F3F7A8
:10C700001BFF099A0A998446429B18686044186086
:10C71000429B1868013018604398429B1B6818447C
:10C72000D032F3F709FF02464299086810440860C6
:10C730004299086801300860FFE79DF8070146B09C
:10C7400080BD000080B5BEB08DF8F7003C913B92F3
:10C750003A93FF208DF8E70004A80390D421F4F762
:10C7600048F803999DF9F000F6F740FB8DF8E700D3
:10C770003A99002008609DF8E700FF2871D1FFE793
:10C780003B983A99096808444DF2B861C0F6010136
:10C79000029104AA0192F3F7CFFE019A02993A9B03
:10C7A00018603A9B1868013018603B983A9B1B68E8
:10C7B00018448032F3F7C0FE019A029984463A9BEE
:10C7C0001868604418603A9B1868013018603B98FC
:10C7D0003A9B1B6818449032F3F7AEFE019A029917
:10C7E00084463A9B1868604418603A9B1868013088
:10C7F00018603B983A9B1B681844A032F3F79CFEE4
:10C8000002463A990868104408603A99086801306D
:10C8100008603B983A9909680844369A379B4DF26C
:10C82000C161C0F60101F3F787FE019A02998446BF
:10C830003A9B1868604418603A9B18680130186089
:10C840003B983A9B1B681844D032F3F775FE0246BA
:10C850003A990868104408603A99086801300860FD
:10C86000FFE79DF8E7003EB080BD000080B5C6B090
:10C870008DF81701449143924293FF208DF80701F0
:10C880000CA80B90D421F3F7B4FF0B999DF910017C
:10C89000F7F700F88DF807014299002008609DF82D
:10C8A0000701FF287CD1FFE74398429909680844B3
:10C8B0004DF2B861C0F6010103910CAA0292F3F7A0
:10C8C0003BFE029A0399429B1860429B1868013014
:10C8D00018604398429B1B6818448032F3F72CFE83
:10C8E000029A03998446429B186860441860429BF0
:10C8F0001868013018604398429B1B6818449032B6
:10C90000F3F71AFE029A03998446429B1868604422
:10C910001860429B1868013018604398429B1B685E
:10C920001844A032F3F708FE024642990868104402
:10C930000860429908680130086043984299096884
:10C94000084409903C983D9904910FF0E7FC024699
:10C95000049805920A46059942EC101B8DED060BD2
:10C960000FF0DCFC9DED060B024609980A920A4680
:10C970000A9942EC111B694681ED001B53EC102B08
:10C980004DF2BB61C0F60101F3F7D6FD02464299B4
:10C990000868104408604299086801300860FFE7A1
:10C9A0009DF8070146B080BD80B58AB08DF826009D
:10C9B0008DF82510089207930898C178007940EA0D
:10C9C0000120ADF81A0008984179807940EA0120E9
:10C9D000ADF8180000200590BDF81A0005A9FBF776
:10C9E0008FFC0490049820B9FFE702208DF82700FF
:10C9F00048E0BDF81800F5214843039000208DF869
:10CA00000B0003980599884213D2FFE70598039914
:10CA1000401A01900198F62803D3FFE7F520009013
:10CA200003E09DF804000090FFE700988DF80B00EC
:10CA3000FFE79DF82500089908709DF80B0001306C
:10CA40000899887008990620C8709DF80B00012885
:10CA50000ADBFFE7089804300499039A11449DF813
:10CA60000B20F3F725FEFFE79DF80B000230089935
:10CA700048709DF80B00043007990860FF208DF87E
:10CA80002700FFE79DF827000AB080BD80B586B07B
:10CA90008DF8170004910392FF208DF80B009DF88C
:10CAA00017000146019120B1FFE7019801280DD040
:10CAB00019E00498039900F0A1F9B0F1FF3F04DCFC
:10CAC000FFE70A208DF80B00FFE710E004980399B8
:10CAD00000F062F9B0F1FF3F04DCFFE70A208DF8B7
:10CAE0000B00FFE703E005208DF80B00FFE79DF941
:10CAF0000B0006B080BD000080B58CB08DF82E0014
:10CB00008DF82D100A9209930A984178807840EAAE
:10CB10000120ADF822000A98C178007940EA01208E
:10CB2000ADF82000BDF82000012805DBFFE7BDF8C7
:10CB300020003D2804DBFFE703208DF82F0097E05D
:10CB4000BDF82200BDF8201008440090FBF76AFCF5
:10CB500001460098884204DDFFE702208DF82F008F
:10CB600086E0BDF8200080008DF81F009DF82D00A4
:10CB70000A9908709DF81F000A9948700020ADF8C6
:10CB80001C00FFE7BDF81C00BDF82010884266DAE3
:10CB9000FFE7BDF82200BDF81C10084480B20DF17B
:10CBA0001A01FBF741FC8DF819009DF8190020B916
:10CBB000FFE702208DF82F005AE0002005909DF835
:10CBC0001900012817D1FFE79DF91A0003A90022D7
:10CBD000F8F7B6FC8DF813009DF91300013038B159
:10CBE000FFE79DF81300FAF7C1F98DF82F003FE039
:10CBF0000398059016E09DF91A0002A90022F8F7A3
:10CC00000FFC8DF813009DF91300013038B1FFE7D8
:10CC10009DF81300FAF7AAF98DF82F0028E0029882
:10CC20000590FFE70A98BDF81C1000EB8100023068
:10CC300001909DF8170001990870BDF81600019940
:10CC400048700598000A0199887005980199C87084
:10CC5000FFE7BDF81C000130ADF81C0092E79DF81D
:10CC60001F00023009990860FF208DF82F00FFE7B0
:10CC70009DF82F000CB080BD80B58AB08DF82600DD
:10CC80008DF825100892079308984178807840EA3B
:10CC90000120ADF81A000898C178007940EA012017
:10CCA000ADF81800BDF81800012805DBFFE7BDF856
:10CCB00018003D2804DBFFE703208DF8270067E01C
:10CCC000BDF81A00BDF8181008440090FBF7DEFB11
:10CCD00001460098884204DDFFE702208DF8270016
:10CCE00056E0BDF8180080008DF817009DF825006B
:10CCF000089908709DF81700089948700020ADF851
:10CD00001400FFE7BDF81400BDF81810884236DAA9
:10CD1000FFE7BDF81A00BDF81410084440B204A99A
:10CD2000F8F758FE8DF80F009DF90F00013038B16B
:10CD3000FFE79DF80F00FAF719F98DF8270027E0B3
:10CD4000049802900898BDF8141000EB810002309E
:10CD500001909DF80B0001990870BDF80A00019937
:10CD600048700298000A0199887002980199C87069
:10CD7000FFE7BDF814000130ADF81400C2E79DF8DC
:10CD80001700023007990860FF208DF82700FFE7A1
:10CD90009DF827000AB080BD85B0039002910398EA
:10CDA000202804D3FFE76FF00100049023E00298ED
:10CDB00020B9FFE76FF0020004901CE003994FF0E8
:10CDC000006000EB0130009000200190FFE7019827
:10CDD000B0F5805F0CDAFFE70098411C0091007805
:10CDE0000299019A8854FFE7019801300190EEE71B
:10CDF00000200490FFE7049805B0704780B588B024
:10CE00000690059106980490FBF746FC01460498AD
:10CE1000884204D3FFE74FF0FF30079016E00698F2
:10CE20000190FBF73FFC01460198484302900598AA
:10CE30000390FBF737FC0299039A03464AF66C000D
:10CE4000C2F200000CF076FA0790FFE7079808B0EE
:10CE500080BD000080B584B08DF80F000291019272
:10CE6000FF208DF803009DF80F0000EBC00149F290
:10CE7000E050C2F2000000EB8101486801304860D8
:10CE8000029800783A2804D0FFE701990020086052
:10CE900040E09DF80F000299019A02F051FF8DF8D1
:10CEA00002009DF9020048B1FFE79DF90200012848
:10CEB00004D0FFE70199002008602BE09DF80F00E7
:10CEC00000EBC00149F2E050C2F2000000EB81012A
:10CED000886801308860FF208DF803009DF80F00FE
:10CEE0000299019AF9F750FE8DF80300FFF71CF83C
:10CEF0009DF80300FF2807D0FFE7029801999DF8ED
:10CF0000032000F099F805E0029801992122FEF72C
:10CF100055FEFFE704B080BD80B50020C4F20200DA
:10CF20004FF4007104F05AFD80BD000003F0F6FAE2
:10CF30007047000082B08DF803009DF803000228BE
:10CF400003DBFFE70020019009E09DF8031040F2A9
:10CF5000E030C2F2000050F821000190FFE79DEDA3
:10CF6000010A02B07047000082B08DF803009DF8FE
:10CF70000300102803DBFFE70020019009E09DF883
:10CF8000031040F2FC70C2F2000050F82100019042
:10CF9000FFE79DED010A02B07047000082B08DF8F6
:10CFA00003009DF80300062803DBFFE70020019043
:10CFB00009E09DF8031040F64020C2F2000050F84E
:10CFC00021000190FFE79DED010A02B070470000CB
:10CFD00082B08DF803009DF80300062803DBFFE70D
:10CFE0000020019009E09DF8031040F65820C2F29D
:10CFF000000050F821000190FFE79DED010A02B00A
:10D000007047000082B08DF803009DF803000628E9
:10D0100003DBFFE70020019009E09DF8031040F6D4
:10D020007020C2F2000050F821000190FFE79DED52
:10D03000010A02B07047000080B584B003900291ED
:10D040008DF807209DF80700039988700299032046
:10D0500008600298006801380090FFE700980028F7
:10D060000ED4FFE70399BDF8002001EB4200013028
:10D07000895CF9F78FFCFFE7009801380090EDE735
:10D080000299086840000860029908680130086049
:10D0900003993F200870039802990988F9F7E8FC82
:10D0A0008DF8060003980299096808449DF8061057
:10D0B000F9F770FC02990868023008600399029839
:10D0C00002680D208854029908680130086004B095
:10D0D00080BD000080B582B049F27360C2F20000EA
:10D0E000007808B9FFE71AE044F20000C4F201003A
:10D0F0000068C00708B1FFE711E049F27361C2F2AE
:10D1000000010020087044F20000C4F20100019008
:10D1100002210DF039FC01980DF0FEFBFFE702B093
:10D1200080BD000080B582B04AF2E851C2F2000131
:10D1300008684968FAF742FD002800F08C80FFE794
:10D140004AF2DA50C2F200000078C007A0B3FFE74D
:10D1500044F6206001F050FA0A464AF2E851C2F261
:10D1600000014A600860FDF753FE4AF2E451C2F242
:10D1700000010968401A092809D8FFE74AF6041196
:10D18000C2F20001087840F080000870FFE7FDF768
:10D1900015FE4AF2E051C2F200010968401A042863
:10D1A00009D3FFE74AF60411C2F20001087840F003
:10D1B00080000870FFE730E044F6846001F01CFA5C
:10D1C0000A464AF2E851C2F200014A6008604AF693
:10D1D0000412C2F20002107800F0800010701146B4
:10D1E00031F8010F019120F007000880088820F035
:10D1F00030000880088800F07F0000238B700880D2
:10D20000107800F07F001070088820F00800088077
:10D21000088820F040000880FFE74AF2DB50C2F2A5
:10D2200000000078C00738B1FFE74AF2DA51C2F2D5
:10D23000000101200870FFE7FDF7EAFD4AF2E45122
:10D24000C2F200010860FDF7B9FD4AF2E051C2F2F6
:10D2500000010860FFE74AF2F051C2F200010868DD
:10D260004968FAF7ABFC002855D0FFE74AF2DC50DA
:10D27000C2F200000078C00740B3FFE740F2A230DE
:10D2800001F0BAF90A464AF2F051C2F200014A60CE
:10D290000860F8F75FFE50B9FFE74AF60411C2F2E2
:10D2A000000131F8010F40F008000880FFE7F8F7AF
:10D2B00031FE50B9FFE74AF60411C2F2000131F81D
:10D2C000010F40F040000880FFE714E041F24230D7
:10D2D00001F092F90A464AF2F051C2F200014A60A6
:10D2E00008604AF60411C2F2000131F8010F20F083
:10D2F00008000880FFE74AF2DB50C2F20000007825
:10D30000C00738B1FFE74AF2DC51C2F20001012048
:10D310000870FFE7FFE74AF2DB51C2F2000101208B
:10D32000087002B080BD000080B586B005A80290EC
:10D33000F9F7E4FF029880ED000AFBF7BDFA0490CC
:10D3400000208DF80F0049F24C40C2F20000006846
:10D3500008B9FFE7E1E049F2D051C2F200010868E4
:10D360004968FAF72BFC08B9FFE7D6E04EF66020D3
:10D3700001F042F90A4649F2D051C2F200014A6076
:10D380000860002028B9FFE7059803F099F868B90C
:10D39000C3E005980EF0C2FF41EC100B51EC100BEE
:10D3A00003F066F8002800F0B880FFE7029890EDDF
:10D3B000000A49F21030C2F2000090ED021AB4EEF9
:10D3C000410AF1EE10FA0CDDFFE7059849F2103141
:10D3D000C2F2000188600498C86001208DF80F0037
:10D3E000FFE7029890ED000A9FED4D1AB4EE410A56
:10D3F000F1EE10FA0BDBFFE749F21031C2F2000147
:10D4000008690130086101208DF80F00FFE70298DC
:10D4100049F21031C2F2000191ED050A90ED001AB7
:10D42000B4EE410AF1EE10FA0ADAFFE7059849F284
:10D430001031C2F20001486101208DF80F00FFE7B2
:10D4400004984EF6EF61CEF6EE6148434FEAB00025
:10D4500044F24441C0F2444188424BD8FFE704986B
:10D4600044F6A571CAF2FA4148434FEA701048F2F7
:10D47000D821C0F22D0188422DD8FFE704984CF244
:10D480000B11C2F6215148434FEAB01048F25C41FB
:10D49000C0F2010188420FD8FFE749F21030C2F212
:10D4A0000000019074301D21FCF7E4FF0198E83082
:10D4B0000B2101F037F9FFE749F21030C2F200000A
:10D4C000009014301821FCF7D5FF009874301D210E
:10D4D00001F028F9FFE7029890ED000A49F21030B8
:10D4E000C2F200001430182101F01CF901208DF85F
:10D4F0000F00FFE79DF80F00C00768B1FFE701F0DC
:10D500000DFE40B1FFE749F23C41C2F2000108685C
:10D5100001300860FFE7FFE7FFE706B080BD00BF0E
:10D520000000AA4280B549F25040C2F200000068F3
:10D5300008B9FFE728E049F2D851C2F200010868B3
:10D540004968FAF73BFB08B9FFE71DE04EF660209B
:10D5500001F052F80A4649F2D851C2F200014A607D
:10D56000086049F22841C2F2000148680130486071
:10D5700001F03EFE40B1FFE749F24041C2F2000136
:10D58000086801300860FFE780BD000080B582B008
:10D590004AF2F850C2F200000190007800F014FD49
:10D5A00001980178013101700078022807DBFFE75C
:10D5B0004AF2F851C2F2000100200870FFE702B001
:10D5C00080BD000080B5FBF787FA48B9FFE749F254
:10D5D0003441C2F20001086840F001000860FFE732
:10D5E000FBF7E6F948B9FFE749F23441C2F200011E
:10D5F000086840F004000860FFE7FBF785FA48B9C7
:10D60000FFE749F23441C2F20001086840F020000F
:10D610000860FFE749F23441C2F20001086820F0D7
:10D6200002000860086820F018000860086800F030
:10D630003F00086080BD000080B582B049F25820EC
:10D64000C2F200000078C007D8B1FFE74AF20061DB
:10D65000C2F2000108684968FAF7B0FA88B1FFE73A
:10D6600040F20C00C2F20000007840F20D01C2F25C
:10D670000001087049F25821C2F200010020087030
:10D68000FFE740F20D00C2F2000000780146019170
:10D69000032804D80199DFE801F0030A3D5CFFE7A5
:10D6A0004AF2F951C2F20001002008706FE04AF21C
:10D6B0000061C2F2000108684968FAF77FFA40B3D6
:10D6C000FFE74AF2F950C2F200000078C00760B1EB
:10D6D000FFE740F26C7000F08FFF0A464AF20061EB
:10D6E000C2F200014A6008600AE0642000F084FF92
:10D6F0000A464AF20061C2F200014A600860FFE790
:10D700004AF2F951C2F200010A78012090430870F0
:10D71000FFE73CE04AF20061C2F200010868496894
:10D72000FAF74CFAA0B1FFE74FF47A7000F064FF0B
:10D730000A464AF20061C2F200014A6008604AF2F9
:10D74000F951C2F200010A78012090430870FFE706
:10D750001DE04AF20061C2F2000108684968FAF768
:10D760002DFA98B1FFE7642000F046FF0A464AF21E
:10D770000061C2F200014A6008604AF2F951C2F247
:10D7800000010A78012090430870FFE7FFE74AF2A2
:10D79000F950C2F200000078C00718B1FFE7FCF7AB
:10D7A0007BFD02E0FCF76EFDFFE702B080BD0000EC
:10D7B00080B582B049F25920C2F200000078C0075B
:10D7C000D8B1FFE74AF21061C2F200010868496867
:10D7D000FAF7F4F988B1FFE749F2CD40C2F2000050
:10D7E000007849F2CC41C2F20001087049F2592197
:10D7F000C2F2000100200870FFE749F2CC40C2F2FB
:10D800000000007801460191052805D80199DFE85C
:10D8100001F0040B12456382FFE74AF20961C2F28C
:10D8200000010020087012E14AF20961C2F2000111
:10D83000012008700BE14AF21061C2F20001086891
:10D840004968FAF7BBF940B3FFE74AF20960C2F250
:10D8500000000078C00760B1FFE74FF4617000F08E
:10D86000CBFE0A464AF21061C2F200014A6008602B
:10D870000AE0642000F0C0FE0A464AF21061C2F2DB
:10D8800000014A600860FFE74AF20961C2F2000144
:10D890000A78012090430870FFE7D8E04AF210614F
:10D8A000C2F2000108684968FAF788F998B1FFE701
:10D8B000642000F0A1FE0A464AF21061C2F20001A3
:10D8C0004A6008604AF20961C2F200010A78012048
:10D8D00090430870FFE7BAE04AF21061C2F200011B
:10D8E00008684968FAF76AF9A0B1FFE74FF4FA70DF
:10D8F00000F082FE0A464AF21061C2F200014A605C
:10D9000008604AF20961C2F200010A7801209043DE
:10D910000870FFE79BE04AF20860C2F2000000785E
:10D9200001460091032800F291800099DFE801F0A0
:10D930000225486B4AF20961C2F20001002008701A
:10D940004AF21061C2F2000108684968FAF736F934
:10D9500090B1FFE7642000F04FFE0A464AF21061E2
:10D96000C2F200014A6008604AF20861C2F2000196
:10D97000087801300870FFE768E04AF20961C2F2F6
:10D980000001012008704AF21061C2F2000108682B
:10D990004968FAF713F990B1FFE7642000F02CFE14
:10D9A0000A464AF21061C2F200014A6008604AF277
:10D9B0000861C2F20001087801300870FFE745E015
:10D9C0004AF20961C2F20001002008704AF21061B7
:10D9D000C2F2000108684968FAF7F0F890B1FFE771
:10D9E000642000F009FE0A464AF21061C2F200010A
:10D9F0004A6008604AF20861C2F20001087801300A
:10DA00000870FFE722E04AF20961C2F2000101203A
:10DA100008704AF21061C2F2000108684968FAF71A
:10DA2000CDF890B1FFE74FF4967000F0E5FD0A469F
:10DA30004AF21061C2F200014A6008604AF20861CD
:10DA4000C2F2000100200870FFE7FFE7FFE74AF29B
:10DA50000960C2F200000078C00718B1FFE7FCF7C8
:10DA60002FFC02E0FCF722FCFFE702B080BD0000C3
:10DA700080B5FFF72FFBFFF79BFEFFF7DDFD80BDB5
:10DA800080B586B040F2DC30C2F200000078C007FA
:10DA9000002800F0B580FFE74AF60400C2F200005B
:10DAA0000068039000200590FFE7059801283EDC00
:10DAB000FFE705994AF6A000C2F2000000EB8100E2
:10DAC00090ED000AB8EE400A40F2E030C2F20000E9
:10DAD00000EB810080ED000A05994AF60C00C2F2C5
:10DAE000000030F8110000EE100AB8EE400A40F2D3
:10DAF000E830C2F2000000EB810080ED000A0599D9
:10DB00004AF63C00C2F2000030F8110000EE100AA4
:10DB1000B8EE400A40F2F030C2F2000000EB8100A3
:10DB200080ED000AFFE7059801300590BDE740F25F
:10DB3000DC31C2F20001002008709DED030AB8EE4E
:10DB4000401AB7EE000A80EE010A8DED040A059036
:10DB5000FFE70598012852DCFFE79DED041A0598C0
:10DB600040F2E031C2F20001009101EB800090ED43
:10DB7000000A20EE010A80ED000A059801EB800101
:10DB800091ED000AC0B2FDF793F80098059900EBFB
:10DB9000810080ED000A059840F2E831C2F20001F0
:10DBA000029101EB800191ED000AC0B2FDF780F80F
:10DBB0000298059900EB810080ED000A059840F27B
:10DBC000F031C2F20001019101EB800191ED000AF8
:10DBD000C0B2FDF76DF80199029A059801EB80003B
:10DBE00080ED000A059801EB800102EB8002C0B2D3
:10DBF000FCF76CFCFFE7059801300590A9E7FFE70B
:10DC000006B080BD80B586B040F2F870C2F2000068
:10DC10000078C007002800F0B580FFE74AF608004A
:10DC2000C2F200000068039000200590FFE705980D
:10DC30000F283EDCFFE705994AF6A800C2F2000073
:10DC400000EB810090ED000AB8EE400A40F2FC7053
:10DC5000C2F2000000EB810080ED000A05994AF64F
:10DC60001000C2F2000030F8110000EE100AB8EE09
:10DC7000400A40F63C00C2F2000000EB810080ED5B
:10DC8000000A05994AF64000C2F2000030F811007F
:10DC900000EE100AB8EE400A40F67C00C2F2000026
:10DCA00000EB810080ED000AFFE705980130059048
:10DCB000BDE740F2F871C2F20001002008709DED4E
:10DCC000030AB8EE401AB7EE000A80EE010A8DEDA5
:10DCD000040A0590FFE705980F2852DCFFE79DED49
:10DCE000041A059840F2FC71C2F20001009101EBA8
:10DCF000800090ED000A20EE010A80ED000A0598F0
:10DD000001EB800191ED000AC0B2FDF70FF8009819
:10DD1000059900EB810080ED000A059840F63C0172
:10DD2000C2F20001029101EB800191ED000AC0B244
:10DD3000FCF7FCFF0298059900EB810080ED000ADA
:10DD4000059840F67C01C2F20001019101EB8001CF
:10DD500091ED000AC0B2FCF7E9FF0199029A05981B
:10DD600001EB800080ED000A059801EB800102EBD9
:10DD70008002C0B2FCF7CCFBFFE7059801300590AC
:10DD8000A9E7FFE706B080BD80B586B040F63C202D
:10DD9000C2F200000078C007002800F0B580FFE75D
:10DDA0004AF60000C2F200000068039000200490D0
:10DDB000FFE7049805283EDCFFE704994AF6E800EF
:10DDC000C2F2000000EB810090ED000AB8EE400ABC
:10DDD00040F64020C2F2000000EB810080ED000A16
:10DDE00004994AF63000C2F2000030F8110000EE4B
:10DDF000100AB8EE400A40F65820C2F2000000EBCC
:10DE0000810080ED000A04994AF66000C2F2000029
:10DE100030F8110000EE100AB8EE400A40F670200B
:10DE2000C2F2000000EB810080ED000AFFE70498D9
:10DE300001300490BDE740F63C21C2F20001002011
:10DE400008709DED030AB8EE401AB7EE000A80EEA6
:10DE5000010A8DED050A0490FFE70498052852DCBD
:10DE6000FFE79DED051A049840F64021C2F200013B
:10DE7000009101EB800090ED000A20EE010A80ED98
:10DE8000000A049801EB800191ED000AC0B2FCF792
:10DE900071FF0098049900EB810080ED000A04985E
:10DEA00040F65821C2F20001029101EB800191ED90
:10DEB000000AC0B2FCF75EFF0298049900EB8100F3
:10DEC00080ED000A049840F67021C2F20001019131
:10DED00001EB800191ED000AC0B2FCF74BFF019904
:10DEE000029A049801EB800080ED000A049801EB8F
:10DEF000800102EB8002C0B2FCF72CFBFFE7049824
:10DF000001300490A9E7FFE706B080BD80B582B07C
:10DF100049F24840C2F20000006838B9FFE74AF60B
:10DF2000A031C2F20001002008701CE04AF6A030C7
:10DF3000C2F200000078012815D1FFE74AF69841A7
:10DF4000C2F2000108684968F9F738FE58B1FFE7E6
:10DF5000012001F085F801904AF6A031C2F20001DB
:10DF600000200870FFE702B080BD000080B582B0DD
:10DF700049F25440C2F20000006838B9FFE74AF69F
:10DF8000A131C2F20001002008701BE04AF6A13066
:10DF9000C2F200000078012814D1FFE74AF6A04140
:10DFA000C2F2000108684968F9F708FE50B1FFE7BE
:10DFB00001F084F901904AF6A131C2F2000100207B
:10DFC0000870FFE702B080BD80B58AB08DF82700E9
:10DFD0009DF8271049F27020C2F2000000EB4110BA
:10DFE0000890089908684968F9F7E8FD08B9FFE75B
:10DFF000B3E00A2000F000FB0A4608994A60086076
:10E000000899887D00F00100C8759DF82700FAF78F
:10E0100003FB089988750898817DC07D00F0010098
:10E0200001F00101884204D0FFE708990120087639
:10E03000FFE708998868C968F9F7C0FD002800F073
:10E040008C80FFE7FFE7FAF7C9FB079106909DF880
:10E05000270000F08BFEADF80E00FAF7BFFB05912C
:10E060000490FFE706980799049A059BF9F766FD67
:10E0700010EE100A0EF052F941EC100B51EC100B9F
:10E080009FED370B53EC102B0EF081F90028DAD1FD
:10E09000FFE70898808AADF80C00BDF80E000899DB
:10E0A0008882BDF80E00BDF80C10884208DBFFE73F
:10E0B000BDF80C10BDF80E00401AADF80E0008E0D7
:10E0C000BDF80C00BDF80E10C0430844ADF80E00BA
:10E0D000FFE7BDF80E0000EE100AB8EE400A0898FF
:10E0E00080ED040A08998868C968069A079BF9F7C1
:10E0F00025FD10EE100A0EF011F941EC100B51EC59
:10E10000100B9FED190B53EC102B0DF059FC41EC4B
:10E11000100B8DED000B0898029000690EF0FEF8D0
:10E120009DED001B41EC100B53EC112B51EC100B2F
:10E130000DF0FAFC41EC100B51EC100B0DF00EFC45
:10E14000029908610698079942F2107200F030FABD
:10E150000A460899CA608860FFE70AB080BD00BF20
:10E160002D431CEBE2360A3F000000000000244073
:10E1700080B584B08DF80B009DF80B00014601912D
:10E1800040B1FFE70198012809D0FFE70198022874
:10E190000AD00EE00020FDF7AFFF03900CE0012055
:10E1A000FDF7AAFF039007E00220FDF7A5FF03900B
:10E1B00002E000200390FFE7039804B080BD000058
:10E1C00080B584B08DF80B009DF80B0001460191DD
:10E1D00040B1FFE70198012809D0FFE70198022824
:10E1E0000AD00EE00020FDF7A7FF03900CE001200D
:10E1F000FDF7A2FF039007E00220FDF79DFF0390CB
:10E2000002E000200390FFE7039804B080BD000007
:10E2100080B584B08DF80B009DF80B00014601918C
:10E2200040B1FFE70198012809D0FFE701980228D3
:10E230000AD00EE00020FEF723F903900CE0012045
:10E24000FEF71EF9039007E00220FEF719F903908C
:10E2500002E000200390FFE7039804B080BD0000B7
:10E2600080B586B08DF81300039102929DF81300DB
:10E270000146019140B1FFE7019801280BD0FFE76B
:10E28000019802280ED014E00399029A0020FEF7AC
:10E2900031F9059010E00399029A0120FEF72AF95E
:10E2A000059009E00399029A0220FEF723F90590F0
:10E2B00002E000200590FFE7059806B080BD000051
:10E2C00080B582B001908DF80310FFE7019802211C
:10E2D0000BF04EFE08B9FFE7F8E701989DF8031030
:10E2E0000BF0CEFDFFE7019880210BF041FE0128E5
:10E2F00001D1FFE7F7E701980BF0BAFDC0B202B019
:10E3000080BD000080B549F24840C2F200000068BC
:10E3100008B9FFE711E04FF47A7000F06DF90A4692
:10E320004AF69841C2F200014A6008604AF6A031FC
:10E33000C2F2000101200870FFE780BD80B549F2FC
:10E340005440C2F20000006808B9FFE711E04FF442
:10E350007A7000F051F90A464AF6A041C2F2000173
:10E360004A6008604AF6A131C2F20001012008703B
:10E37000FFE780BD80B582B08DF807008DF80610EC
:10E380009DF80700032801DBFFE71FE09DF8071059
:10E390009DF806204DF2C760C0F60100F2F7BAF80A
:10E3A0009DF806009DF807204AF6C821C2F2000138
:10E3B00001EB42014871FFF7C1FF9DF8072049F2C8
:10E3C0007061C2F2000101208854FFE702B080BDF5
:10E3D00081B08DF803009DF8030049F24441C2F278
:10E3E0000001087001B0704780B50020C4F202003F
:10E3F0004FF4007103F0FAFA80BD000080B584B0DC
:10E400008DF80F008DF80E109DF90E0001300028D8
:10E4100054D0FFE79DF80F000146029107284BD822
:10E420000299DFE801F0040D161F272F374041F253
:10E430000000C4F202004FF4806103F0CFFA3CE028
:10E4400041F20000C4F202004FF4007103F0C6FA7A
:10E4500033E041F20000C4F202004FF4807103F097
:10E46000BDFA2AE041F20000C4F20200802103F06C
:10E47000B5FA22E041F60000C4F20200022103F0E6
:10E48000ADFA1AE041F60000C4F20200012103F0E7
:10E49000A5FA12E041F20040C4F202004FF400413C
:10E4A00003F09CFA09E041F20040C4F202004FF48C
:10E4B000804103F093FA00E0FFE753E09DF80F007E
:10E4C0000146019107284BD80199DFE801F0040DBE
:10E4D000161F272F374041F20000C4F202004FF40C
:10E4E000806103F083FA3CE041F20000C4F20200D4
:10E4F0004FF4007103F07AFA33E041F20000C4F205
:10E5000002004FF4807103F071FA2AE041F200003A
:10E51000C4F20200802103F069FA22E041F6000013
:10E52000C4F20200022103F061FA1AE041F6000091
:10E53000C4F20200012103F059FA12E041F2004056
:10E54000C4F202004FF4004103F050FA09E041F236
:10E550000040C4F202004FF4804103F047FA00E0AB
:10E56000FFE7FFE704B080BD81B08DF803009DF8A0
:10E57000030040F20C01C2F20001087049F2582178
:10E58000C2F200010120087001B0704781B08DF81F
:10E5900003009DF8030049F2CD41C2F2000108706A
:10E5A00049F25921C2F200010120087001B0704700
:10E5B00080B586B005910490039200F0C1FB002362
:10E5C00001930090039A00990198A1FB021C00FBA3
:10E5D00002C000910190009801994FF47A72F1F70E
:10E5E00012FF0191009004980599009B019AC018B0
:10E5F000514106B080BD000080B586B00590FAF7A5
:10E60000EDF80391029000F09BFB00230193009032
:10E61000059A00990198A1FB021C00FB02C0009121
:10E620000190009801994FF47A72F1F7ECFE019194
:10E630000090009B019A02990398C91850410291D9
:10E6400003900298039906B080BD000080B588B0A1
:10E650000790FAF7C3F80591049000F071FB0023CE
:10E66000019303930290079A02990398A1FB021C5D
:10E6700000FB02C002910390029803994FF47A7252
:10E680000092F1F7C0FE009A019B0391029002985C
:10E690000399F1F7B8FE03910290029B039A049943
:10E6A0000598C9185041049105900498059908B03F
:10E6B00080BD000080B582B08DF807008DF806108F
:10E6C0009DF80700032801DBFFE729E09DF807100C
:10E6D0009DF806204DF2DC60C0F60100F1F71AFF4C
:10E6E0009DF806009DF807204AF6C821C2F20001F5
:10E6F00001EB42010871FFF721FE9DF8072049F266
:10E70000BD51C2F20001012088546420FFF774FF5C
:10E710000A464AF68011C2F200014A600860FFE72B
:10E7200002B080BD84B0039002918DED010A029881
:10E7300001380090FFE7009801280DDBFFE70399FF
:10E74000009A01EB820050F8040C41F82200FFE728
:10E75000009801380090EEE701980399086004B032
:10E760007047000080B588B006900698007C01389C
:10E7700001460191132800F2FC810199DFE811F0B4
:10E78000F8011D002600E9003201E000430082008C
:10E790009800AF00C00089010101B7010A014A01D8
:10E7A0007A017300C60114000699C8680130C86078
:10E7B00006994FF0FF408860FFE7FDF755F906998D
:10E7C0000320087400208DF81F00D6E10DF10B0026
:10E7D000FCF710FF98B1FFE79DF80B00C00738B1B8
:10E7E000FFE706990720087400208DF81F00C4E198
:10E7F00006990220087401208DF81F00BDE1002059
:10E800008DF81F00B9E100200490069A04990A448B
:10E8100001310491552151760390FFE703980728B1
:10E820000ED8FFE7069903980844407C049A1144E7
:10E83000013204924876FFE7039801300390EDE738
:10E84000069819300499FDF7AFF820B1FFE7069953
:10E850001220087403E0069902200874FFE70020E4
:10E860008DF81F0089E1069819300021FCF724FE7D
:10E8700020B1FFE7069908200874FFE700208DF813
:10E880001F007AE106994420487606981930012144
:10E89000FDF78AF820B1FFE706990920087403E024
:10E8A000069902200874FFE700208DF81F0064E13C
:10E8B000069819300021FCF7FFFD60B1FFE740F238
:10E8C0008A20FFF799FE0A4606994A600860069971
:10E8D0000A200874FFE700208DF81F004DE106991B
:10E8E00008684968F9F76AF930B1FFE7FDF7AEF853
:10E8F00006990B200874FFE700208DF81F003CE10B
:10E900000DF10A00FCF754FEB0B1FFE79DF80A00D4
:10E91000C00720B1FFE70699062008740BE04FF40A
:10E92000AF70FFF769FE0A4606994A6008600699CB
:10E930000A200874FFE7FFE700208DF81F001CE1A4
:10E94000FDF792F806990420087400208DF81F0046
:10E9500013E10DF10B00FCF74DFE70B1FFE79DF8E0
:10E960000B00C00720B1FFE706991020087403E0F0
:10E97000069914200874FFE7FFE700208DF81F00B8
:10E98000FBE0FDF763F806990F20087400208DF86E
:10E990001F00F2E00DF10A00FCF70AFEF0B1FFE7FC
:10E9A0009DF80A00C00748B1FFE7FDF75DF806993A
:10E9B0000520087400208DF81F00DEE00699086825
:10E9C0004968F9F7FBF838B1FFE706991420087495
:10E9D00001208DF81F00D0E0FFE7FFE700208DF851
:10E9E0001F00CAE00DF10B00FCF704FE70B1FFE759
:10E9F0009DF80B00C00720B1FFE7069910200874AE
:10EA000003E0069914200874FFE7FFE700208DF863
:10EA10001F00B2E000200490069A04990A440131D4
:10EA20000491552151760390FFE7039807280ED8EB
:10EA3000FFE7069903980844407C049A1144013288
:10EA400004924876FFE7039801300390EDE70698BB
:10EA500019300499FCF7A8FF20B1FFE706991120AF
:10EA6000087403E0069902200874FFE700208DF87F
:10EA70001F0082E0069819300021FCF71DFD20B12F
:10EA8000FFE706990C200874FFE700208DF81F00AF
:10EA900073E000200490069A04990A44013104911D
:10EAA000BE2151760390FFE7039808280CD8FFE7B2
:10EAB00006990498014401300490FF204876FFE74E
:10EAC000039801300390EFE7069819300499FCF79A
:10EAD0006BFF20B1FFE706990E20087403E006994A
:10EAE00002200874FFE700208DF81F0045E006981B
:10EAF00019300A21FCF7E0FC20B1FFE7069913204A
:10EB00000874FFE700208DF81F0036E006981A30E1
:10EB10000821FCF7EFFF069991F82210884207D0F0
:10EB2000FFE706991420087401208DF81F0024E0E7
:10EB30000699887EC97E40EA0120ADF81600BDF92D
:10EB4000160000EE100AB8EEC00A069880ED020A20
:10EB5000069890ED020A9FED0B1A20EE010A80ED57
:10EB6000020A06990220087401208DF81F0004E0B3
:10EB7000FFE701208DF81F00FFE79DF81F0008B098
:10EB800080BD00BF0000803D80B584B0039002913D
:10EB900000208DF80700039800780DF1070100911F
:10EBA000F7F78EFE00990001029A107003984078E2
:10EBB000F7F786FE024602990878104308709DF91F
:10EBC000070004B080BD000080B582B000900098BE
:10EBD0000138B0F1807F03D3FFE70120019019E0F5
:10EBE000009801384EF21401CEF2000108604FF097
:10EBF000FF300F2101F070FC4EF21801CEF200013F
:10EC0000002008604EF21002CEF2000207211160CF
:10EC10000190FFE7019802B080BD00004AF6701233
:10EC2000C2F20002D2E90001013041F10001C2E963
:10EC30000001704780B582B04EF68851CEF20001D7
:10EC4000086840F47000086043F60001C4F2020155
:10EC5000086840F001000860FFE743F60000C4F2D6
:10EC6000020000688007002801D4FFE7F5E7FFE70E
:10EC700043F60801C4F20201086840F08000086011
:10EC800000200190FFE701984F2805D8FFE7FFE734
:10EC9000019801300190F6E743F60801C4F2020141
:10ECA000086840F09000086000200190FFE701989C
:10ECB0004F2805D8FFE7FFE7019801300190F6E7FC
:10ECC000FFE743F60801C4F20201086820F00300E0
:10ECD000086043F60002C4F2020210684FF6FF73A8
:10ECE000CFF6F66318401060106820F480201060A2
:10ECF00000200860FFE743F60800C4F20200006845
:10ED0000012008B9FFE7F6E743F60401C4F2020167
:10ED100043F21000C2F20040086043F60C01C4F256
:10ED20000201002008600BF0D7FA02B080BD00009D
:10ED30004EF21400CEF2000000680130704700006F
:10ED400080B582B001200AF00BFC01904EF2100059
:10ED5000CEF2000000684007002804D4FFE70198C5
:10ED6000C0080190FFE7019802B080BD80B582B075
:10ED70008DF805009DF805000146009120B1FFE7E0
:10ED80000098012807D00FE04FF080400BF0C6FC40
:10ED9000ADF806000CE040F20040C4F200000BF0B9
:10EDA000BDFCADF8060003E00020ADF80600FFE76B
:10EDB000BDF8060002B080BD80B588B08DF81F0098
:10EDC0008DF81E1006920593FF208DF8130006980B
:10EDD000FDF72AF88DF8120006980430FDF700F8C8
:10EDE0008DED030A9DF81E0001460191E32821D014
:10EDF000FFE70198E62837D0FFE70198E92866D1B8
:10EE0000FFE705980068062804D0FFE702208DF888
:10EE100013005CE09DF81F009DF91210069A043261
:10EE2000059BFDF723FD8DF8130005990868063052
:10EE300008604CE005980068062804D0FFE702202F
:10EE40008DF8130043E09DF9120003A9F6F7C2FD07
:10EE50008DF81300069804309DED030AFDF704F8C1
:10EE600005990A20086032E005980068022804D05D
:10EE7000FFE702208DF8130029E0059900200860C3
:10EE80000290FFE70298522818DCFFE79DF908007E
:10EE900003A9F6F79FFD8DF81300069802999DEDE2
:10EEA000030AFCF77BFE9DF81300FF2801D0FFE763
:10EEB00004E0FFE7029801300290E3E705994FF480
:10EEC000A67008600599086802300860FFE79DF8A1
:10EED0001300FF2804D0FFE7059900200860FFE732
:10EEE0009DF8130008B080BD80B588B04AF6781050
:10EEF000C2F20000007808B1FFE745E041F20700E8
:10EF00000AF0E0FB41F60040C4F200000BF010FCF8
:10EF100002200AF025FB039001200AF021FB03994F
:10EF2000884204D0FFE7039840000390FFE703986E
:10EF30004DF68361C4F21B31A0FB01014FF0FF309D
:10EF400000EB914002900298ADF810000020ADF85F
:10EF50001200ADF814004FF6FF710691ADF81600DF
:10EF60008DF81C0041F60040C4F20000019004A995
:10EF70000BF014FD01980BF0CFFC4AF67811C2F2A9
:10EF8000000101200870FFE708B080BD80B50020B7
:10EF9000C4F202004FF4806102F030FD80BD000039
:10EFA00080B582B08DF807009DF8070001460091FA
:10EFB00040B1FFE7009801280DD0FFE70098022834
:10EFC00012D019E040F20040C4F202004FF40051A8
:10EFD00002F004FD12E040F20040C4F202004FF4DF
:10EFE000805102F0FBFC09E041F20000C4F2020093
:10EFF000042102F0F3FC01E0FFE7FEE702B080BD70
:10F0000080B582B08DF807009DF807000146009199
:10F0100040B1FFE7009801280DD0FFE700980228D3
:10F0200012D019E040F20040C4F202004FF4005147
:10F0300002F0DCFC12E040F20040C4F202004FF4A7
:10F04000805102F0D3FC09E041F20000C4F202005A
:10F05000042102F0CBFC01E0FFE7FEE702B080BD37
:10F0600080B5B0B02E9000201D901C901B901EA962
:10F070001B911D904AF6A430C2F2000000686A4657
:10F080001BA911604CF68412C0F6010206A940F2D9
:10F09000031307F00BFA05900598B0F1FF3F04DC6D
:10F0A000FFE74FF0FF302F9035E001F09BF94AF673
:10F0B000A430C2F20000039000684AF6B322C2F204
:10F0C000000206A90291152307F014FE02990246D8
:10F0D00003980492006806F0B7FE05900498B0F11A
:10F0E000FF3F04DCFFE76FF001002F9013E004986E
:10F0F000152804D0FFE76FF002002F900BE0059871
:10F10000B0F1FF3F04DCFFE76FF003002F9002E057
:10F1100000202F90FFE72F9830B080BD80B5B0B0B1
:10F120004AF68810C2F200000078C00720B1FFE75D
:10F130006FF002002F9058E000201E901D901C9050
:10F140001FA91C911E904AF6A830C2F20000006868
:10F150006A461CA911604CF6B312C0F6010207A959
:10F1600040F2031307F0A2F906900698B0F1FF3FB2
:10F1700004DCFFE74FF0FF302F9036E049F210310A
:10F18000C2F200010291486801304860F7F784FA42
:10F19000029AA2F814014AF6A830C2F200000490C4
:10F1A000006807A903914FF48B7307F0A3FD03993F
:10F1B000024604980692006806F046FE05900698FE
:10F1C000B0F58B7F07D1FFE70598002803D4FFE750
:10F1D00000202F9009E04AF68811C2F200010120B8
:10F1E00008706FF001002F90FFE72F9830B080BDBE
:10F1F00080B5B0B04AF68910C2F200000078C007AE
:10F2000020B1FFE76FF002002F9054E000201E9025
:10F210001D901C901FA91C911E904AF6AC30C2F2A2
:10F22000000000686A461CA911604DF2EF62C0F64A
:10F23000010207A940F2031307F038F90690069877
:10F24000B0F1FF3F04DCFFE74FF0FF302F9032E0DA
:10F2500049F22841C2F20001029105200870F7F737
:10F2600025FA029A50814AF6AC30C2F200000490AE
:10F27000006807A903910C2307F03CFD039902469F
:10F2800004980692006806F0DFFD059006980C28A9
:10F2900007D1FFE70598002803D4FFE700202F904F
:10F2A00009E04AF68911C2F20001012008706FF0EE
:10F2B00001002F90FFE72F9830B080BD80B5AEB031
:10F2C00000201C901B901A901DA91A911C904AF6C0
:10F2D000B030C2F2000000686A461AA911604DF20F
:10F2E0002372C0F6010205A940F2031307F0DEF80D
:10F2F00004900498B0F1FF3F04DCFFE74FF0FF30CB
:10F300002D9035E001F084F84AF6B030C2F20000EA
:10F31000029000684AF6C822C2F2000205A90191D3
:10F320003C2307F0E7FC019902460298039200682B
:10F3300006F08AFD04900398B0F1FF3F04DCFFE77C
:10F340006FF001002D9013E003983C2804D0FFE7F4
:10F350006FF002002D900BE00498B0F1FF3F04DC49
:10F36000FFE76FF003002D9002E000202D90FFE7F3
:10F370002D982EB080BD000080B582B044F60040CC
:10F38000C4F200000190F8F7F7FE0146019800F082
:10F39000A7F802B080BD000080B50220FAF792FE07
:10F3A00080BD000080B582B001900198F8F7E4FEBE
:10F3B0000090009949F2C450C2F2000050F82100B8
:10F3C00002B080BD80B586B00590002001908DF818
:10F3D00013000598F8F7D0FE014601980291E8BBAA
:10F3E000FFE7029A4AF20070C2F2000000EB02202E
:10F3F00049F27461C2F2000151F82210405C8DF8AC
:10F400001300FFE7029949F2C450C2F2000000EB7A
:10F41000810050E8000F0390039801380390FFE744
:10F420000399029A49F2C450C2F2000000EB820232
:10F4300042E800100028E5D1FFE7029A49F2746122
:10F44000C2F2000151F82200013041F82200029A74
:10F4500051F82200C0B241F82200FFE79DF81300E6
:10F4600006B080BD80B586B08DF817008DF81610F7
:10F470009DF817000146049140B1FFE70498012868
:10F4800011D0FFE7049802281AD026E00020F9F7EF
:10F4900019FA03909DF816000BF02AFB0146039819
:10F4A000FDF77CF81AE00120F9F70CFA02909DF8BC
:10F4B00016000BF01DFB01460298FDF76FF80DE0FA
:10F4C0000220F9F7FFF901909DF816000BF010FBF0
:10F4D00001460198FDF762F800E0FFE706B080BD45
:10F4E00080B584B003900291039840F20531C0F2D8
:10F4F00005010BF057FDB8B3FFE703980BF008FCCC
:10F500008DF80700029949F2C450C2F2000050F889
:10F510002100FE2827D8FFE79DF80700029B4AF24A
:10F520000071C2F2000101EB032249F27861C2F2DC
:10F53000000151F82330D054029B49F2C452C2F268
:10F54000000252F82300013042F82300029A51F8D9
:10F550002200013041F82200029A51F82200C0B284
:10F5600041F82200FFE7FFE7039840F20731C0F2BD
:10F5700007010BF017FD30B1FFE7039840F20731A8
:10F580000BF0DCFCFFE7039840F20531C0F2030109
:10F590000BF008FD40B1FFE7039840F20531C0F2DF
:10F5A00003010BF0EFFCFFE704B080BD80B582B033
:10F5B00001900091019844F60041C4F20001884294
:10F5C00001D0FFE713E001980BF0B6FB019800991A
:10F5D0000BF0F2FA019804210BF014FD01980BF0E6
:10F5E00069FC019840F205310BF0BAFCFFE702B06C
:10F5F00080BD000080B50020FAF764FD80BD0000EA
:10F6000080B5F6F7E7FE80BD80B50120FAF75AFD18
:10F6100080BD000080B582B044F60000C4F2000056
:10F6200001904FF442710BF089FC019840F20731D0
:10F630000BF084FC019840F206310BF07FFC01983E
:10F6400040F205310BF07AFC01984FF441710BF058
:10F6500075FC019840F206410BF070FC019840F2F5
:10F660000A510BF06BFC01984FF4A0610BF066FCA3
:10F67000019842F205010BF061FC019842F204018D
:10F680000BF05CFC02B080BD80B582B044F6000097
:10F69000C4F2000001904FF442710BF061FC01983C
:10F6A0004FF441710BF05CFC01984FF4A0610BF03A
:10F6B00057FC02B080BD000080B584B00390029179
:10F6C00049F2C451C2F200010020086049F2786199
:10F6D000C2F20001086049F27461C2F200010860E0
:10F6E000039844F60041C4F2000188421FD1FFE7AD
:10F6F00034200022114609F08FFE40F6024009F046
:10F70000E1FF41F2130009F0DDFF40F60000C4F212
:10F710000200009007214FF40062019202F0F4F819
:10F720000098019B0221012202F086F9FFE703986D
:10F730000299FFF73BFF04B080BD000010B58AB00E
:10F740004AF6AC10C2F200000068D8BBFFE74AF6E8
:10F75000AC11C2F200010120086000200990FFE70F
:10F76000099803282DD8FFE7099A4AF6B011C2F28A
:10F77000000100208854099A4AF69C11C2F2000147
:10F7800041F82200099A4AF6B411C2F2000141F888
:10F79000220009990A014AF6E811C2F200018850D4
:10F7A000099A01EB02125060099A01EB0212906073
:10F7B000099A01EB0211C860FFE70998013009902E
:10F7C000CEE7FFE74AF68A11C2F200010020087076
:10F7D000FFE74AF68A10C2F200000078032800F31F
:10F7E0007982FFE74AF68A10C2F200000078F8F743
:10F7F00095FE09900998002800F05081FFE74AF62D
:10F800008A10C2F2000001784AF6B010C2F200007D
:10F81000405C022800F04181FFE7FFE74AF68A10CA
:10F82000C2F2000006900078FCF786FB01460698BD
:10F830008DF8231001780B014AF6E812C2F200029B
:10F84000D1580131D15001784AF6B010C2F200000F
:10F85000405C0146079148B1FFE70798012842D074
:10F86000FFE70798022800F00E810DE19DF82300C4
:10F870003A2837D1FFE74AF68A11C2F200010A7826
:10F880004AF6E810C2F2000000EB02129068013064
:10F8900090600B784AF6B012C2F200020120D054F8
:10F8A0000B784AF69C1CC2F2000C00224CF8232074
:10F8B0000B784AF6B412C2F2000242F823009DF817
:10F8C000230091F800E040F68822C2F2000242F2E2
:10F8D00034111EFB01215CF82E20531C4CF82E30F5
:10F8E0008854FFE7D0E09DF823000D2859D1FFE7A9
:10F8F0004AF68A10C2F20000049002784AF6E81133
:10F90000C2F2000101EB0212D1680131D16000782E
:10F9100040F68822C2F2000242F2341110FB0121AB
:10F920004AF6B412C2F20002059202EB8002FDF721
:10F9300091FA04990598097850F8210020B3FFE75F
:10F940004AF68A10C2F20000039003784AF6B01219
:10F95000C2F200020221D15402784AF69C11C2F28E
:10F960000001002041F82200FEF746FE02460398FF
:10F9700090F800C04AF6C813C2F2000303EBCC00B3
:10F9800043F83C2041600BE04AF68A10C2F20000C6
:10F9900002784AF6B011C2F2000100208854FFE755
:10F9A00072E09DF823003A2837D1FFE74AF68A1122
:10F9B000C2F200010A784AF6E810C2F2000000EB39
:10F9C00002129068013090600B784AF6B012C2F2D1
:10F9D00000020120D0540B784AF69C1CC2F2000CA5
:10F9E00000224CF823200B784AF6B412C2F200022F
:10F9F00042F823009DF8230091F800E040F68822A9
:10FA0000C2F2000242F234111EFB01215CF82E20EA
:10FA1000531C4CF82E30885436E04AF68A10C2F255
:10FA2000000001784AF6B410C2F2000050F821003C
:10FA300042F23311884225D8FFE79DF823104AF699
:10FA40008A10C2F20000047840F68823C2F2000354
:10FA500042F2341214FB02324AF69C1EC2F2000E2D
:10FA60005EF8243003F1010C4EF824C0D154027822
:10FA70004AF6B411C2F2000151F82200013041F8F7
:10FA80002200FFE700E0FFE7FFE70998013809904F
:10FA900000287FF4C3AEFFE7FFE7FFE74AF68A10CE
:10FAA000C2F2000001784AF6B010C2F20000405CD9
:10FAB000022840F08580FFE74AF68A10C2F2000073
:10FAC00002784AF6C810C2F2000000EBC20150F8FA
:10FAD00032004968F8F772F8002871D0FFE74AF65B
:10FAE0008A10C2F200000078F8F768FD09900998C2
:10FAF00020B1FFE7099801380990FFE709984AF615
:10FB00008A11C2F200010A784AF6B411C2F2000169
:10FB100051F8221009F0B8FB0990099800284ED03E
:10FB2000FFE74AF68A10C2F200000290007840F621
:10FB30008822C2F2000242F2341110FB01214AF67F
:10FB40009C12C2F20002019252F820201144099A3C
:10FB5000FCF77EFA019A02990990DDF824C00B782F
:10FB600052F82300604442F82300099B0A784AF6C1
:10FB7000E810C2F2000000EB021250681844506016
:10FB8000DDF824C00B784AF6B410C2F2000050F839
:10FB90002320A2EB0C0240F82320097850F8210022
:10FBA00060B9FFE74AF68A10C2F2000002784AF60E
:10FBB000B011C2F2000100208854FFE7FFE7FFE721
:10FBC0004AF68A10C2F200000078022879DCFFE7CA
:10FBD0004AF68A10C2F20000017849F2BD50C2F222
:10FBE0000000405CA8B3FFE74AF68A10C2F20000AA
:10FBF00001784AF6B010C2F20000405C48BBFFE753
:10FC00004AF68A10C2F200000078F8F7AFFC00BB99
:10FC1000FFE74AF68011C2F2000108684968F7F769
:10FC2000CDFFB0B1FFE74AF68A10C2F200000378B8
:10FC300049F2BD52C2F200020021D15400784AF6C6
:10FC4000C821C2F2000101EB40010979FFF70AFC6B
:10FC5000FFE74AF68A10C2F20000017849F27060AC
:10FC6000C2F20000405C58B3FFE74AF68A10C2F2C5
:10FC7000000001784AF6B010C2F20000405CF8B90A
:10FC8000FFE74AF68A10C2F200000078F8F76EFC2F
:10FC9000B0B9FFE74AF68A10C2F20000037849F2D1
:10FCA0007062C2F200020021D15400784AF6C821E5
:10FCB000C2F2000101EB40014979FCF713F8FFE7BC
:10FCC000FFE7FFE74AF68A11C2F200010878013027
:10FCD00008707EE549F2BC50C2F20000007860B3C3
:10FCE000FFE749F2C050C2F2000001784AF6B010B6
:10FCF000C2F20000405C00BBFFE749F2C050C2F214
:10FD000000000078F8F732FCB8B9FFE74AF6801136
:10FD1000C2F2000108684968F7F750FF68B1FFE7D1
:10FD200049F2BC51C2F20001002008704AF2D951D8
:10FD3000C2F2000101200870FFE70AB010BD000008
:10FD400080B586B08DF8160004910392049903984B
:10FD50000068084402380DF10B01FEF715FFA0B151
:10FD6000FFE70399002008609DF8160000EBC00132
:10FD700049F2E050C2F2000000EB81010869013055
:10FD80000861FE208DF81700C3E004980399096804
:10FD9000023989B2F6F76CFE9DF80B10884214D038
:10FDA000FFE70399002008609DF8160000EBC001F2
:10FDB00049F2E050C2F2000000EB810148690130D5
:10FDC0004861FD208DF81700A3E003990868023808
:10FDD00008600399086801380860039908684008BA
:10FDE000086000200190FFE70198039909688842A4
:10FDF00029D2FFE70498019900EB410001300DF191
:10FE00000B01FEF7C1FEA0B1FFE7039900200860D7
:10FE10009DF8160000EBC00149F2E050C2F200006C
:10FE200000EB8101C8680130C860FC208DF8170024
:10FE30006FE09DF80B000499019A8854FFE7019840
:10FE400001300190D0E7049800789DF8161001EB7E
:10FE5000C10249F2E051C2F2000111F822108842B9
:10FE60001ED0FFE704980078FF2805D1FFE704982B
:10FE70004078FF2814D0FFE70399002008609DF820
:10FE8000160000EBC00149F2E050C2F2000000EBA6
:10FE90008101886901308861FB208DF8170038E006
:10FEA000049800789DF8161001EBC10249F2E05168
:10FEB000C2F2000111F82210884211D1FFE79DF82B
:10FEC000160000EBC00149F2E050C2F2000000EB66
:10FED0008101C8690130C86100208DF8170018E061
:10FEE0009DF8160000EBC00149F2E050C2F200009C
:10FEF00010F82110049A11709DF8161001EBC10141
:10FF000000EB8101086A0130086201208DF81700BA
:10FF1000FFE79DF9170006B080BD000080B584B0F2
:10FF20004AF6B320C2F200000068019040F2780067
:10FF3000C2F20000F7F7D6FE01460198884203D0CE
:10FF4000FFE70020039014E0F6F79CFBADF80A00F1
:10FF5000BDF80A004AF6B321C2F20001B1F813104D
:10FF6000884203D0FFE70020039002E001200390C5
:10FF7000FFE7039804B080BD80B582B0F6F78CFB34
:10FF8000ADF80200BDF8020049F21031C2F20001E2
:10FF9000B1F81411884203D0FFE7002001900DE072
:10FFA00049F21030C2F200000078012803D0FFE7C8
:10FFB0000020019002E001200190FFE7019802B0CB
:10FFC00080BD000080B582B0F6F770FBADF802008E
:10FFD000BDF8020049F22841C2F200014989884275
:10FFE00003D0FFE7002001900DE049F22840C2F263
:10FFF00000000078052803D0FFE70020019002E010
:020000040801F1
:1000000001200190FFE7019802B080BD80B582B069
:10001000F6F756FBADF80200BDF802004AF6C8211B
:10002000C2F20001498F884203D0FFE7002001900F
:1000300002E001200190FFE7019802B080BD0000BE
:1000400080B586B08DF8170004910392FF208DF8DB
:100050000B00022001F060FF48B3FFE79DF8170096
:100060000146019120B1FFE7019801280DD019E068
:100070000498039900F028F9B0F1FF3F04DCFFE792
:100080000A208DF80B00FFE710E00498039900F0B8
:1000900017F8B0F1FF3F04DCFFE70A208DF80B00F2
:1000A000FFE703E005208DF80B00FFE703E00B20DE
:1000B0008DF80B00FFE79DF90B0006B080BD000036
:1000C00080B586B0049003910498202804D3FFE7FC
:1000D0006FF0010005903CE0039820B9FFE76FF056
:1000E0000200059035E004994FF0006000EB01300C
:1000F000019001F0F1FB019801F028FB00900098BD
:10010000D8B9FFE700200290FFE70298B0F5805FC2
:1001100012DAFFE70198411C01910399029A895C68
:1001200001F0D4FA0090009808B1FFE704E0FFE77F
:10013000029801300290E8E7FFE701F0FDFA00982D
:1001400020B1FFE74FF0FF30059002E0002005905E
:10015000FFE7059806B080BD80B590B08DF83E00F1
:100160008DF83D100E920D930D9800680C900E982E
:100170004178807840EA0120ADF82E000E98C178D1
:10018000007940EA0120ADF82C000E9840798DF8F6
:100190002B000E9806300990BDF82C0001280EDBCC
:1001A000FFE7BDF82C003C2809DCFFE79DF82B0099
:1001B000BDF82C108900C9B2884204D0FFE70320A3
:1001C0008DF83F007CE00C989DF82B10063188429A
:1001D00004D2FFE703208DF83F0071E0BDF82E0048
:1001E000BDF82C1008440190F8F71CF9014601985D
:1001F000884204DDFFE702208DF83F0060E0002028
:10020000ADF82200FFE7BDF82200BDF82C108842AF
:100210004BDAFFE7BDF82E00BDF82210084480B28B
:1002200008A9F8F701F98DF81F009DF81F0020B903
:10023000FFE702208DF83F0042E00998BDF8221048
:1002400000EB810006900698006800BA05909DF8C2
:100250001F0001280BD1FFE7059803909DF92000AE
:1002600003A90122F5F76CF98DF813000AE005984F
:1002700002909DF9200002A90122F5F7D1F88DF82E
:100280001300FFE79DF91300013038B1FFE79DF837
:100290001300F6F76BFE8DF83F0011E0FFE7BDF8A5
:1002A00022000130ADF82200ADE79DF83D000E9927
:1002B00008700D9905200860FF208DF83F00FFE7CA
:1002C0009DF83F0010B080BD80B588B006900591C4
:1002D00006980490F8F7E0F901460498884204D3A0
:1002E000FFE74FF0FF30079016E006980190F8F70F
:1002F000D9F9014601984843029005980390F8F710
:10030000D1F90299039A03464AF66C00C2F2000042
:1003100009F046F80790FFE7079808B080BD000095
:1003200080B588B08DF81E008DF81D1006920593DB
:1003300006984178807840EA0120ADF812000698CE
:10034000D0F8030000BA0390BDF812000DF10A01C5
:10035000F8F76AF88DF809009DF8090020B9FFE761
:1003600002208DF81F0039E09DF80900012817D1FF
:10037000FFE7039801909DF90A0001A90122F5F712
:10038000DFF88DF808009DF90800013038B1FFE76B
:100390009DF80800F6F7EAFD8DF81F001EE016E054
:1003A000039800909DF90A0069460122F5F738F894
:1003B0008DF808009DF90800013038B1FFE79DF87D
:1003C0000800F6F7D3FD8DF81F0007E0FFE7059959
:1003D00007200860FF208DF81F00FFE79DF81F0031
:1003E00008B080BD80B582B040F27800C2F2000053
:1003F000F7F778FC4AF6B321C2F2000101910860D8
:10040000F6F740F90199A1F8130002B080BD000091
:1004100080B582B04AF6C821C2F2000101910120E4
:100420000870F6F74DF90199488702B080BD0000C9
:1004300082B041EC100B8DED000B0198C0F30A5017
:1004400040F2FF71401A18BF012002B0704700004F
:1004500082B041EC100B8DED000B0198C0F30A50F7
:1004600040F2FF71401A18BF012002B0704700002F
:1004700082B041EC100B8DED000B0198C0F30A50D7
:1004800040F2FF71401A18BF012002B0704700000F
:1004900081B000EE100A00900098C0F3C750FF38FA
:1004A00018BF012001B0704781B000EE100A009023
:1004B0000098C0F3C750FF3818BF012001B0704743
:1004C00081B000EE100A00900098C0F3C750FF38CA
:1004D00018BF012001B0704782B08DF8070000916D
:1004E0009DF9070000280AD4FFE7009800019DF954
:1004F00007104EF20042CEF2000288540BE0009842
:1005000000019DF8071001F00F014EF61452CEF2D3
:1005100000028854FFE702B070470000BFF34F8F1E
:100520004EF60C51CEF20001086800F4E06004229F
:10053000C0F2FA5210430860BFF34F8FFFE700BFCD
:10054000FDE7000081B00090002001B0704700007E
:1005500081B00090FFE7FEE781B000904FF0FF30E0
:1005600001B0704781B00090002001B070470000DA
:1005700082B001900091012002B0704782B00190DA
:1005800000914FF0FF3002B07047000084B003903C
:10059000029101920093002004B0704781B0009056
:1005A00001B0704782B001908DF803109DF80300F0
:1005B000F8B1FFE79DF806004006002809D5FFE7DF
:1005C00042F20431C4F20101086840F4800008607E
:1005D000FFE79DF806000006002809D5FFE742F274
:1005E0000431C4F20101086840F400000860FFE72C
:1005F0001EE09DF806004006002809D5FFE742F2FC
:100600000431C4F20101086820F480000860FFE7AB
:100610009DF806000006002809D5FFE742F20431E4
:10062000C4F20101086820F400000860FFE7FFE75A
:1006300002B0704784B003908DF80B1001929DF8C2
:100640000B0001460091012804D0FFE70098022822
:100650001AD033E00198B0B1FFE70198102812D802
:10066000FFE70399C86A20F47000C862019900206E
:10067000CFF6F07000EB01503FFA80F20399C86AA0
:100680001043C862FFE71AE00198B0B1FFE7019894
:10069000042812D8FFE70399886B20F44010886380
:1006A00001990020CFF6F07000EB015000F44012E9
:1006B0000399886B10438863FFE700E0FFE704B00D
:1006C0007047000081B0009042F20431C4F2010191
:1006D000086820F4E0200860009A08681043086069
:1006E00001B0704782B001900091009830B1FFE7EF
:1006F0000199886840F40060886005E00199886885
:1007000020F400608860FFE702B0704780B582B0D7
:1007100040F60810019008F0FDFF019808F0E6FF90
:1007200002B080BD83B002908DF807108DF80620CE
:100730000299486820F4C05048609DF807000146BF
:100740000091012808D0FFE70098022826D0FFE793
:100750000098042828D028E00299486820F46040D6
:1007600048609DF80600082812D8FFE79DF80600AB
:1007700070B1FFE79DF806104EF20000CFF6FF7053
:1007800000EB413082B20299486810434860FFE7AD
:100790000299486840F40060486007E002994868A0
:1007A00040F48050486001E0FFE7FFE703B0704786
:1007B00081B000900099886840F48070886001B032
:1007C0007047000081B000900099886840F4007084
:1007D000886001B07047000081B000900098806888
:1007E000C00730B9FFE70099886840F001008860D1
:1007F000FFE701B07047000084B003908DF80B1044
:1008000001929DF80B0001460091012804D0FFE7FA
:10081000009802280CD017E00399886820F0405017
:100820008860019A0399886840EA027088600CE049
:100830000399886820F440108860019A03998868B9
:1008400040EA0250886000E0FFE704B07047000013
:1008500084B003908DF80B1001929DF80B000146B7
:100860000091012804D0FFE7009802280BD015E082
:100870000399886820F070608860019A03998868FD
:10088000104388600BE00399886820F4702088602A
:10089000019A039988681043886000E0FFE704B07C
:1008A0007047000081B000900099D1F8800020F0DE
:1008B0000100C1F8800001B07047000082B00190D3
:1008C00000910199486820F040704860009A0199B1
:1008D00048681043486002B07047000085B004903B
:1008E0008DF80F108DF80E2002939DF80F0005284B
:1008F0001CDCFFE70498406B01909DF80F0000EBB3
:1009000080011F2000FA01F10198884301909DF8B1
:100910000E009DF80F1001EB810100FA01F1019822
:10092000084301900198049948634AE09DF80F003C
:100930000B281FDCFFE70498006B01909DF80F0067
:1009400000EB8000A0F11E011F2000FA01F10198C8
:10095000884301909DF80E009DF80F1001EB810176
:100960001E3900FA01F10198084301900198049999
:10097000086325E09DF80F000F281FDCFFE70498AF
:10098000C06A01909DF80F0000EB8000A0F13C01CF
:100990001F2000FA01F10198884301909DF80E0094
:1009A0009DF80F1001EB81013C3900FA01F101982B
:1009B0000843019001980499C86200E0FFE7FFE74F
:1009C000FFE79DF80E0009281BDCFFE7049800698B
:1009D00000909DF80E0000EB4001072000FA01F1A5
:1009E00000988843009002989DF80E1001EB410199
:1009F00000FA01F1009808430090009804990861FA
:100A000024E09DF80E0012281EDCFFE70498C06861
:100A100000909DF80E0000EB4000A0F11E010720A1
:100A200000FA01F100988843009002989DF80E109A
:100A300001EB41011E3900FA01F1009808430090D2
:100A400000980499C86000E0FFE7FFE705B0704731
:100A500083B0029001918DF803209DF8030020B32C
:100A6000FFE79DF80500C00730B1FFE7029948682D
:100A700040F480704860FFE79DF8050040070028BB
:100A800006D5FFE70299486840F480604860FFE7B8
:100A90009DF804008007002806D5FFE702998868C2
:100AA00040F002008860FFE723E09DF80500C007E2
:100AB00030B1FFE70299486820F480704860FFE792
:100AC0009DF805004007002806D5FFE70299486811
:100AD00020F480604860FFE79DF80400800700284C
:100AE00006D5FFE70299886820F002008860FFE7DA
:100AF000FFE703B07047000081B0009042F204317C
:100B0000C4F20101086820F440400860009A0868B7
:100B10001043086001B0704781B0009042F2043188
:100B2000C4F20101086820F01F000860009A0868FC
:100B30001043086001B0704783B00290ADF8061012
:100B40004FF6FF70ADF804000020ADF80200FFE79B
:100B5000BDF80200BDF80610884238DAFFE70298B7
:100B6000BDF80210415CBDF804004840ADF8040037
:100B700000208DF80100FFE79DF8010007281FDC29
:100B8000FFE7BDF80400C00768B1FFE7BDF8040047
:100B90004008ADF80400BDF804004AF201014840E5
:100BA000ADF8040005E0BDF804004008ADF804000D
:100BB000FFE7FFE79DF8010001308DF80100DBE75A
:100BC000FFE7BDF802000130ADF80200C0E7BDF854
:100BD000040003B07047000080B596B014901391E4
:100BE000119310921098049004A805A9EFF754FEF1
:100BF00018B9FFE7002015901AE014980390139895
:100C0000019009980A9901F26C71029108F04EFB6B
:100C10000199029B02460398EC46CCF800204DF265
:100C2000B562C0F60102EFF79DFC14981590FFE73E
:100C3000159816B080BD000082B001908DF80310A9
:100C400001989DF8031001EB410100EBC101086917
:100C500040F00100086102B07047000083B00290CC
:100C60008DF807108DF8062002989DF8071001EB0B
:100C7000410100EBC10000690090009820F0606025
:100C800000909DF80610009840EA4160009000989E
:100C900002999DF8072002EB420201EBC2010861B4
:100CA00003B0704782B001908DF8031001989DF851
:100CB000031001EB410100EBC101086920F48070D1
:100CC000086102B07047000082B001908DF80310F7
:100CD00001989DF8031001EB410100EBC101086987
:100CE00020F00100086101989DF8031001EB41011B
:100CF00000EBC1010020086101999DF8032002EB7F
:100D0000420201EBC201486101999DF8032002EB08
:100D1000420201EBC201886101999DF8032002EBB8
:100D2000420201EBC201C86101999DF8032002EB68
:100D3000420201EBC201086201999DF8032002EB17
:100D4000420201EBC20148629DF80300032811DC56
:100D5000FFE79DF8031001EB4100400001F00201A4
:100D600000EB41013D2000FA01F20199886810432F
:100D7000886015E09DF8030004388DF803009DF8A5
:100D8000031001EB4100400001F0020100EB4101C2
:100D90003D2000FA01F20199C8681043C860FFE7DE
:100DA00002B0704783B002908DF8071000929DF852
:100DB0000700032811DCFFE700989DF8072002EBED
:100DC0004201490002F0020201EB420100FA01F285
:100DD000029988681043886015E09DF80700043880
:100DE0008DF8070000989DF8072002EB42014900AA
:100DF00002F0020201EB420100FA01F20299C86816
:100E00001043C860FFE703B07047000084B0029051
:100E10008DF8071000929DF80700032818DCFFE703
:100E20000298006800999DF8073003EB43025200D6
:100E300003F0020302EB43029140084204D0FFE7B3
:100E400001208DF80F0020E000208DF80F001CE03D
:100E50009DF8070004388DF8070002984068009953
:100E60009DF8073003EB4302520003F0020302EB4C
:100E700043029140084204D0FFE701208DF80F00A3
:100E800003E000208DF80F00FFE79DF80F0004B08D
:100E90007047000083B002908DF807100092009810
:100EA00080280CD0FFE7009A02989DF8071001EB0C
:100EB000410100EBC1010869104308610BE0009A91
:100EC00002989DF8071001EB410100EBC101486A4F
:100ED00010434862FFE703B07047000083B0029000
:100EE0008DF8071000929DF80700032811DCFFE73A
:100EF00000989DF8072002EB4201490002F002022F
:100F000001EB420100FA01F20299886810438860FF
:100F100015E09DF8070004388DF8070000989DF84B
:100F2000072002EB4201490002F0020201EB4201FC
:100F300000FA01F20299C8681043C860FFE703B0E5
:100F40007047000089B007908DF81B1005920020B3
:100F5000049003909DF81B008DF80B009DF81B007A
:100F6000032800F3A480FFE70598013801460191AA
:100F70001F2800F29A800199DFE801F01097972B63
:100F80009797974697979797979797619797979778
:100F900097979797979797979797977C0798006851
:100FA00005999DF81B3003EB4302520003F0020346
:100FB00002EB430291400840039007989DF81B10F4
:100FC00001EB410100EBC100406A00F08000049099
:100FD0006CE00798006805999DF81B3003EB43020D
:100FE000520003F0020302EB4302914008400390D9
:100FF00007989DF81B1001EB410100EBC10000694F
:1010000000F00200049051E00798006805999DF8EF
:101010001B3003EB4302520003F0020302EB4302D6
:1010200091400840039007989DF81B1001EB410187
:1010300000EBC100006900F00400049036E007985E
:10104000006805999DF81B3003EB4302520003F042
:10105000020302EB430291400840039007989DF879
:101060001B1001EB410100EBC100006900F008001A
:1010700004901BE00798006805999DF81B3003EB6E
:101080004302520003F0020302EB43029140084086
:10109000039007989DF81B1001EB410100EBC10084
:1010A000006900F01000049000E0FFE7A7E09DF861
:1010B0000B0004388DF80B000598013801460091AB
:1010C0001F2800F29A800099DFE801F01097972B13
:1010D0009797974697979797979797619797979727
:1010E00097979797979797979797977C07984068C0
:1010F00005999DF80B3003EB4302520003F0020305
:1011000002EB430291400840039007989DF81B10A2
:1011100001EB410100EBC100406A00F08000049047
:101120006CE00798406805999DF80B3003EB43028B
:10113000520003F0020302EB430291400840039087
:1011400007989DF81B1001EB410100EBC1000069FD
:1011500000F00200049051E00798406805999DF85E
:101160000B3003EB4302520003F0020302EB430295
:1011700091400840039007989DF81B1001EB410136
:1011800000EBC100006900F00400049036E007980D
:10119000406805999DF80B3003EB4302520003F0C1
:1011A000020302EB430291400840039007989DF828
:1011B0001B1001EB410100EBC100006900F00800C9
:1011C00004901BE00798406805999DF80B3003EBED
:1011D0004302520003F0020302EB43029140084035
:1011E000039007989DF81B1001EB410100EBC10033
:1011F000006900F01000049000E0FFE7FFE70398AB
:1012000038B1FFE7049820B1FFE701208DF82300F3
:1012100003E000208DF82300FFE79DF8230009B0CC
:101220007047000084B003908DF80B100192019874
:10123000006A03999DF80B2002EB420201EBC20108
:101240004A6A104340F0040048620198006803991C
:101250009DF80B2002EB420201EBC201886101986C
:10126000C06803999DF80B2002EB420201EBC2011A
:10127000C8610198C06A03999DF80B2002EB4202F5
:1012800001EBC201486103989DF80B1001EB41018D
:1012900000EBC10000690090009848F23F71CFF662
:1012A0001C6108400090019B5868D3F810C09A69EF
:1012B000D96940EA0C00D3F830C040EA0C009B6AC0
:1012C0001843104301430098084300900098039985
:1012D0009DF80B2002EB420201EBC201086101986C
:1012E000806860B9FFE703989DF80B1001EB41019E
:1012F00000EBC101086940F4007008611DE001982D
:10130000806801280CD1FFE703989DF80B1001EBD2
:10131000410100EBC101086920F4007008610BE095
:1013200003989DF80B1001EB410100EBC101086926
:1013300040F400400861FFE7FFE70198406960B9A9
:10134000FFE703989DF80B1001EB410100EBC10191
:10135000086940F4806008610BE003989DF80B1069
:1013600001EB410100EBC101086920F480600861D4
:10137000FFE70198406A60B9FFE703989DF80B10FA
:1013800001EB410100EBC101086940F48070086184
:101390000BE003989DF80B1001EB410100EBC1013C
:1013A000086920F480700861FFE704B0704700000E
:1013B00081B0009000990020086000994860009A70
:1013C00001219160009AD060009A1061009A5161E9
:1013D000009A9061009AD061009A516200998862E7
:1013E0000099C8620099086301B0704784B0039007
:1013F0008DF80B10019203989DF80B1001EB410141
:1014000000EBC101486A20F00400486201980068BE
:1014100003999DF80B2002EB420201EBC2018861A7
:101420000198806803999DF80B2002EB420201EBC2
:10143000C201C8610198C06903999DF80B2002EBB5
:10144000420201EBC201486103989DF80B1001EBC9
:10145000410100EBC10000690090009848F23F7123
:10146000CFF6FC7108400090019A10699169126AE8
:1014700040EA800010430143009808430090009820
:1014800003999DF80B2002EB420201EBC2010861B7
:101490000198406860B9FFE703989DF80B1001EBD5
:1014A000410100EBC101086940F4007008611DE0D2
:1014B0000198406801280CD1FFE703989DF80B10B4
:1014C00001EB410100EBC101086920F400700861E3
:1014D0000BE003989DF80B1001EB410100EBC101FB
:1014E000086940F400400861FFE7FFE70198C06821
:1014F00060B9FFE703989DF80B1001EB410100EB89
:10150000C101086940F4806008610BE003989DF810
:101510000B1001EB410100EBC101086920F4806070
:101520000861FFE70198406960B9FFE703989DF8FB
:101530000B1001EB410100EBC101086940F4807020
:1015400008610BE003989DF80B1001EB410100EBE3
:10155000C101086920F480700861FFE704B070479A
:1015600081B00090009900200860009A012151602C
:10157000009A9060009AD160009A1061009A5161BF
:10158000009988610099C8610099086201B07047AC
:1015900084B003908DF80B10019200930198039989
:1015A0009DF80B2002EB420201EBC2010862009899
:1015B00060B9FFE703989DF80B1001EB410100EBC8
:1015C000C101086920F4002008610BE003989DF830
:1015D0000B1001EB410100EBC101086940F4002050
:1015E0000861FFE704B0704782B001908DF80310E6
:1015F0008DF802209DF8020001280CD1FFE7019828
:101600009DF8031001EB410100EBC101086940F4B2
:10161000802008610BE001989DF8031001EB410167
:1016200000EBC101086920F480200861FFE702B0E7
:101630007047000083B001908DF8031001989DF869
:10164000031001EB410100EBC10000690003002819
:1016500003D5FFE70120029002E000200290FFE79F
:10166000029803B07047000080B582B001900198E5
:10167000407808F07DFB01980078062108F0DAFB3D
:101680000198407808F056FB0120F6F745FA02B0C1
:1016900080BD000080B584B0F7F7A0F803910290F8
:1016A000029803990AF08FFE0190FDF749FB00EEC6
:1016B000100AB8EE401A9DED010A80EE010A8DED88
:1016C000010A9DED010A04B080BD000080B584B020
:1016D00003908DF80B1000208DF80A006FF0304059
:1016E00000F07CF88DF80A009DF80A00F8B9FFE7D1
:1016F00043F61041C4F202010191086820F44070E1
:10170000086008680860086840F0010008609DF8FB
:101710000B00039908706FF0304000F05FF80199FA
:101720008DF80A00086820F001000860FFE79DF8C6
:101730000A0004B080BD000043F61041C4F202016B
:10174000086840F0004008607047000080B584B031
:10175000039000208DF80B006FF0304000F03EF851
:101760008DF80B009DF80B00A0BBFFE743F624416A
:10177000C4F202014CF2D670CAF6B81008600398A1
:1017800040F0004043F62041C4F20201009108609D
:1017900043F61041C4F202010191086820F0F800FC
:1017A0000860086840F002000860086840F4803073
:1017B00008606FF0304000F011F8009A01998DF840
:1017C0000B00106820F000401060086820F0020054
:1017D0000860FFE79DF80B0004B080BD80B584B0C1
:1017E000039001208DF80B00FFE700F023F88DF83F
:1017F0000B00039801380390FFE79DF80B100020C1
:101800000129019006D1FFE70398002818BF0120A5
:101810000190FFE70198C0070028E6D1FFE7039891
:1018200020B9FFE707208DF80B00FFE79DF80B00BC
:1018300004B080BD82B000208DF8070043F60C4054
:10184000C4F20200006800909DF80200C00720B1B9
:10185000FFE701208DF8070039E09DF80100C0077F
:1018600020B1FFE702208DF807002FE09DF800006F
:101870000006002804D5FFE703208DF8070024E0C8
:101880009DF800004006002804D5FFE704208DF8ED
:10189000070019E09DF80000C006002804D5FFE706
:1018A00005208DF807000EE09DF800008007002855
:1018B00004D5FFE706208DF8070003E000208DF82F
:1018C0000700FFE7FFE7FFE7FFE7FFE7FFE79DF818
:1018D000070002B07047000043F61040C4F2020057
:1018E0000068C00F78B1FFE743F60441C4F202017B
:1018F00040F22310C4F26750086048F6AB10CCF6F3
:10190000EF500860FFE7704786B00590049103929E
:101910000598006A01900598406A00900020ADF893
:101920000A00FFE7BDF80A00072821D8FFE7BDF845
:101930000A100398C840C00798B1FFE7BDF80A0035
:1019400081000F2000FA01F101988843019004986A
:10195000BDF80A10890000FA01F1019808430190CE
:10196000FFE7FFE7BDF80A000130ADF80A00D9E74C
:101970000820ADF80A00FFE7BDF80A000F2825D8B7
:10198000FFE7BDF80A100398C840C007B8B1FFE7E9
:10199000BDF80A006FF01F0101EB80020F2000FA72
:1019A00002F20098904300900498BDF80A2001EBE1
:1019B000820100FA01F1009808430090FFE7FFE779
:1019C000BDF80A000130ADF80A00D5E70198059985
:1019D000086200980599486206B0704782B001908D
:1019E000009100980199886202B0704782B001901E
:1019F000009100980199886102B0704782B001900F
:101A0000009100980199C86202B0704783B00190BC
:101A10000091019800690099084204D0FFE7012075
:101A20008DF80B0003E000208DF80B00FFE79DF818
:101A30000B0003B07047000087B006900591049238
:101A400003930698006801900698C06800900020F3
:101A5000ADF80A00FFE7BDF80A000F2832D8FFE70B
:101A6000BDF80A100398C840C00720B3FFE7BDF8CF
:101A70000A004100032000FA01F20199914301910B
:101A80000599BDF80A20520001FA02F201991143AA
:101A90000191BDF80A10490000FA01F1009888434D
:101AA00000900498BDF80A10490000FA01F100986E
:101AB00008430090FFE7FFE7BDF80A000130ADF8EA
:101AC0000A00C8E701980699086000980699C8605E
:101AD00007B0704786B005908DF8131003920293FB
:101AE0009DF81300012806D1FFE7029A059948687E
:101AF0001043486005E0029A0599486890434860A1
:101B0000FFE70598806800900020ADF80600FFE729
:101B1000BDF806000F2821D8FFE7BDF8061002988F
:101B2000C840C00798B1FFE7BDF806004100032098
:101B300000FA01F10098884300900398BDF8061060
:101B4000490000FA01F1009808430090FFE7FFE721
:101B5000BDF806000130ADF80600D9E700980599F8
:101B6000886006B07047000010B586B08C46864687
:101B700009980899CDF814E08DF813C08DF812205B
:101B800003938DF80B108DF80A009DF80A0000EB06
:101B900040014CF29470C0F6010000EB011001907E
:101BA0009DF81300059908709DF81200059948707A
:101BB0009DF80B00059988700198C068039907F09B
:101BC0002DFB059948600598407808F08DF801983C
:101BD0000068059908620198406805994862019972
:101BE0000868496848430599C861019890F8200041
:101BF000059900F0010008740198406A0599486150
:101C00000198806A05998861019890F82C000599DF
:101C100081F831000198007A059981F83200059821
:101C2000002380F833300198006805998862019894
:101C300000680599C86205994FF0FF3088600598E3
:101C400001211A4607F0BAFD06B010BD80B590B06C
:101C500040F6044007F036FD41F2101007F032FD67
:101C60004FF0807007F06AFD41F20000C4F20200FC
:101C7000019001220592402300931146FFF7DCFEFC
:101C8000009B0198059900220892FFF723FF009915
:101C90000198FFF7A3FE0198032120220292FFF78B
:101CA00033FE0198029B059A02210791FFF7C4FEBB
:101CB0000198029B0599089AFFF70CFF059A40F6D8
:101CC0000000C4F2020003904FF400530493114645
:101CD000FFF7B2FE0398049B0599089AFFF7FAFEF6
:101CE00003980499FFF77AFE44F20000C4F2010061
:101CF000069008F01DFD0698089940F69F72ADF811
:101D00002420ADF82610ADF828104FF4FA620B929B
:101D1000ADF82A108DF8301009A908F03FFE059A99
:101D20000698079B0899ADF83830ADF83420ADF827
:101D30003A10ADF836104FF48072ADF83C20ADF893
:101D40003E200DAA08F0D6FA069808994FF47A7248
:101D500008F07AFC06980899702208F02FFC069883
:101D6000089A114608F094FC069808F0B9FA06980B
:101D7000089908F0A3FE0599069808F005FE069854
:101D8000079908F001FE089849F27361C2F2000158
:101D9000087010B080BD000080B592B040F60540DC
:101DA00007F090FC41F2111007F08CFC41F2121088
:101DB00007F088FC4FF0807007F0C0FC41F2004053
:101DC000C4F2020001900321C0220292FFF79CFDA1
:101DD0000198029B0221059100220792FFF72CFE39
:101DE0000198029B079A1146FFF774FE44F20040E7
:101DF000C4F20100099008F09BFC44F60000C4F214
:101E000001000A9008F094FC07990998ADF82C108D
:101E1000ADF82E10ADF8301063220D92ADF83210EF
:101E20008DF838100BA9039108F0B8FD03990A98B2
:101E300031220D9208F0B2FD059A07990998ADF884
:101E4000402001220892ADF83C20ADF84210ADF8D8
:101E50003E104FF48072ADF84420ADF846200FAA32
:101E6000049208F047FA049A07990A9808F042FA8F
:101E7000059A0799099808F0E7FB07990A9805223F
:101E800008F0E2FB079909987022069208F096FB89
:101E9000069A07990A9808F091FB079A0998114643
:101EA00008F0F6FB079A0A98114608F0F1FB09982A
:101EB00008F016FA0A9808F013FA0899099808F039
:101EC000FDFD08990A9808F0F9FD099808F024FD2D
:101ED0000A9808F021FD12B080BD000080B582B0E4
:101EE0004FF4406007F0EEFB0020C4F202000090C7
:101EF00001224FF4C06301931146FFF79DFD009846
:101F0000019B00221146FFF7E5FD00980199FFF7BC
:101F100065FD02B080BD000082B08DF807009DF81D
:101F20000700022801D8FFE70AE04DF24870C0F62A
:101F300001004DF23471C0F601019022EEF72EFB44
:101F40009DF8071049F25840C2F20000405C00F0D2
:101F5000010002B07047000082B00190009101982A
:101F60000099B0FBF1F0484302B0704780B582B0F1
:101F7000019000910198009908440138FFF7ECFFA7
:101F800002B080BD80B586B004900391FFE7FFE703
:101F90000498816DC06D88423DD2FFE70498C16D01
:101FA000406ECA08805C01F00701C840C00748BB0A
:101FB000FFE70499486DCA6DC96E0244B2FBF1F0A7
:101FC00000FB112003990860FFE70499C86D0130F8
:101FD000C8650499086E013808660498816DC06D63
:101FE00088420BD2FFE70498C16D406ECA08805C3E
:101FF00001F00701C840C00718B9FFE700200590AD
:1020000037E0E2E70499C86D0130C8650499086EAD
:1020100001380866BCE70498006EF8B9FFE7049938
:10202000486DCA6DC96E0244B2FBF1F000FB11238A
:102030004CF6AC70C0F60100694608604DF604200D
:10204000C0F601004EF25D11C0F6010140F2BF2260
:10205000EEF760FA6FF01B0005900AE0049800F0BC
:1020600047F80290029818B1FFE70298059000E047
:102070008DE7059806B080BD81B000900099C86ECC
:10208000086601B07047000080B582B001900199E8
:10209000002088650199C8650198FFF7EDFF02B03F
:1020A00080BD000084B003900291039801900298D3
:1020B00001994A6DC96E801A4218B2FBF1F000FB1B
:1020C0001120009000980199896D88420DD2FFE798
:1020D0000098C208A0EBC201012000FA01F30198A8
:1020E000416E885C18438854FFE7002004B07047B5
:1020F00080B584B002900299486DCB6DCA6E0344DE
:10210000B3FBF2F000FB1230486502990020C8656D
:102110000298016E806EC06AC00006F031FA029922
:1021200088650299486E896EC96AEEF740FB029A8B
:1021300042F2A501C0F601010123104605F00CFC96
:102140000190019830B1FFE70298FFF79DFF0198D9
:10215000039002E000200390FFE7039804B080BDE5
:10216000B0B590B0DDF85CC0DDF858C0DDF854C003
:10217000DDF850C00E900D910C920B9316980A90BA
:10218000002009900890FFE70898179988423ED2EE
:10219000FFE717980899401A082106F0F1F909900D
:1021A0000E980D990C9A0B9B089C1B1BDDF850C0D8
:1021B000DDF854E07444099DEE46CEF80C5006ADAF
:1021C000CEF80850CEF80440CEF800C000F00EFA69
:1021D0000590059818B1FFE705980F901AE00A9846
:1021E00008990144099A06A8EEF736FA0490049873
:1021F00038B1FFE704990220002948BF01200F9061
:1022000008E0FFE70999089808440890BCE7002017
:102210000F90FFE70F9810B0B0BD0000B0B58EB0C2
:10222000DDF854C0DDF850C0DDF84CC0DDF848C022
:102230000C900B910A920993002008900790FFE7F9
:1022400007981499884234D2FFE714980799401AE6
:10225000082106F095F908900C980B990A9A099BA9
:10226000079C1B1BDDF848C0DDF84CE07444089D5A
:10227000EE46CEF80C5005ADCEF80850CEF804402E
:10228000CEF800C000F0B2F90490049818B1FFE74E
:1022900004980D9010E015980068089A05A900F0C0
:1022A00059FB15990860FFE70899079808440790BB
:1022B000C6E700200D90FFE70D980EB0B0BD0000FE
:1022C00080B584B00390029102980399C96E884248
:1022D00001D2FFE70BE04EF23B30C0F601004EF2B8
:1022E0005D11C0F601014FF48A72EEF757F90299B9
:1022F0000398806EC268904701900198002801DC25
:10230000FFE70BE04DF63650C0F601004EF25D11CE
:10231000C0F601014FF48B72EEF740F9019804B05A
:1023200080BD000010B58CB00A90099108928DF81C
:102330001F3009980068013000287CD0FFE7099819
:1023400000680230002876D0FFE7099800680A99F3
:10235000C96E884201D2FFE70AE04EF23330C0F680
:1023600001004EF25D11C0F60101B322EEF716F93D
:1023700009980A998068896E8969FFF7F7FD0690C8
:102380000A98806ED0F808C0099B19685A68DB6803
:10239000DDF818E06C46C4F800E0E04705900598C9
:1023A000002801DCFFE70AE04DF63650C0F60100D8
:1023B0004EF25D11C0F60101B722EEF7EFF8059875
:1023C00018B1FFE705980B9038E09DF81F00C00793
:1023D00060B3FFE70A98089900F0A0FA0A98089AF3
:1023E000069BDDF824C0DCF80010DCF804E0DCF823
:1023F0000C40EC46CCF80C30CCF80840CCF804E0AB
:10240000CCF800100021FFF7ABFE04900498B0F167
:10241000FF3F03DCFFE704980B900FE0049820B126
:10242000FFE76FF053000B9008E0FFE70A98099967
:1024300000F07EFAFFE700200B90FFE70B980CB04E
:1024400010BD000080B58AB0DDF83CC0DDF838C0B2
:10245000DDF834C0DDF830C00890079106928DF8A1
:1024600017300E9804900C98023030B1FFE70C98AA
:102470000899C96E884201D2FFE70AE04EF2CE20E9
:10248000C0F601004EF25D11C0F60101E822EEF740
:1024900085F80C9901200231019049B1FFE70C99B0
:1024A0000898C26E0020914238BF01200190FFE7DA
:1024B00001980D980F9908440899896EC969884256
:1024C00001D8FFE70AE04EF20F20C0F601004EF2FD
:1024D0005D11C0F60101E922EEF760F8FFE70F9801
:1024E00000287CD0FFE70C9807990968884255D1ED
:1024F000FFE70D980799496888424FD3FFE70D9889
:1025000007994968089A926E926A1144884245D2A6
:10251000FFE70F980899896E896A0D9B079A5268A0
:10252000D21A114406F02CF8039007984268C0684C
:102530000D99891A08440499039AEEF7B9F803999A
:1025400004980844049003990D9808440D90039949
:102550000F98401A0F900798426880680D99891A61
:1025600005F0FCFF07998860079880680899896ED4
:10257000896A884211D1FFE708980799069A9DF861
:10258000173003F00103FFF7CDFE0290029818B157
:10259000FFE70298099025E0FFE7A0E707980068A9
:1025A000013008B9FFE70BE04DF6E430C0F601005A
:1025B0004EF25D11C0F601014FF48372EDF7EEFFAC
:1025C00007990C9808600D980899896E8969FFF73A
:1025D000C3FC079948600799002088607FE70020C6
:1025E0000990FFE709980AB080BD000010B58CB0D3
:1025F000DDF844C0DDF840C0DDF83CC0DDF838C08F
:102600000A90099108920793109806900F981199D3
:1026100008440A99896EC96988420AD8FFE70A986E
:10262000C06E50B1FFE70E980A99C96E884204D374
:10263000FFE76FF053000B9036E1FFE71198002899
:1026400000F02F81FFE711980590099800283ED0EF
:10265000FFE70E9809990968884238D1FFE70F987B
:10266000099A516892681144884230D2FFE70F9866
:1026700009994968884221D3FFE7059809994A6872
:1026800089680F9BD21A114405F07AFF05900698CD
:1026900009994B68C9680F9AD21A1144059AEEF746
:1026A00007F8059906980844069005990F9808447C
:1026B0000F9005991198401A1190BFE70598099954
:1026C00049680F9A891A05F05BFF0590FFE70E989D
:1026D00008990968884238D1FFE70F98089A51682D
:1026E00092681144884230D2FFE70F9808994968F0
:1026F000884221D3FFE7059808994A6889680F9BAB
:10270000D21A114405F03CFF0590069808994B68D1
:10271000C9680F9AD21A1144059AEDF7C9FF0599B5
:1027200006980844069005990F9808440F9005995B
:102730001198401A119081E70598089949680F9AF5
:10274000891A05F01DFF0590FFE711980799884247
:1027500039D3FFE70F9A0A98806E4169B2FBF1F016
:1027600000FB112078BBFFE711980A99896E49692F
:10277000884228D3FFE705980A99896E4969FFF7CF
:10278000EBFB05900A98806ED0F804C00E990F9A62
:10279000069BDDF814E06C46C4F800E0E0470490C6
:1027A000049818B1FFE704980B907DE0059906980E
:1027B0000844069005990F9808440F9005991198C0
:1027C000401A11903AE70A98C06E30B1FFE70E98B0
:1027D0000A99C96E884201D2FFE70AE04EF205303D
:1027E000C0F601004EF25D11C0F601016B22EDF75B
:1027F000D5FE0A98C16E0120029049B1FFE70E99FB
:102800000A98C26E0020914238BF01200290FFE773
:1028100002980E98089908600F980A99896E49697C
:10282000FFF79AFB089948600F98079908440A999E
:10283000896E4969FFF79AFB0A99896EC96905F0A3
:102840009FFE08994968401A0A99896E896A05F0BD
:1028500097FE089988600A98806ED0F804C0089B9B
:1028600019685A68D3F808E0DB686C46C4F800E0E1
:10287000E04703900398002801DCFFE70AE04DF6EB
:102880003650C0F601004EF25D11C0F6010176220D
:10289000EDF784FE039818B1FFE703980B9003E06F
:1028A000CCE600200B90FFE70B980CB010BD0000A9
:1028B00080B586B00490039102928DF80730049899
:1028C000029900F02BF804980399029A9DF80730BA
:1028D00003F00103FFF726FD0090009818B1FFE711
:1028E0000098059017E00498806E01698847009071
:1028F0000098002801DCFFE70AE04DF63650C0F6EC
:1029000001004EF25D11C0F60101DD22EDF746FE39
:1029100000980590FFE7059806B080BD82B0019051
:10292000009100994FF0FF30086002B0704700003E
:1029300080B582B0019000910098C0680199896EBD
:10294000896AFF22EDF72BFF00994FF0FF300860F6
:1029500002B080BD85B0049003910292039801906B
:1029600000200090FFE700980299884222D2FFE7FA
:10297000049A01980099405C504000F00F014CF619
:102980004410C0F6010050F8211081EA12110491A0
:102990000499019A009BD25C81EA121202F00F02A4
:1029A00050F8220080EA11100490FFE700980130EF
:1029B0000090D8E7049805B07047000081B00090FF
:1029C000009890FAA0F0B0FA80F001B070470000D3
:1029D000B0B592B0DDF860C0DDF85CC0DDF858C07D
:1029E00010900F910E920D93FFE710980CA9FFF72E
:1029F000C9FA0B900B9818B1FFE70B98119009E1F9
:102A000010980C99FFF75CFC0B900B9840B1FFE716
:102A10000B98543008B9FFE7E4E00B981190F9E007
:102A2000169840B9FFE70C9817990860189900208C
:102A300008601190EEE0169801380A9010980AA9E3
:102A400000F06EF909900A9801300A900A981099DE
:102A5000896EC969884254D0FFE700200890FFE7DB
:102A600008980A99884243D2FFE710980E9A0A996B
:102A7000DDF820E0A1EB0E030D99EC460124CCF823
:102A80000C400DF11F04CCF80840CCF804E0CCF861
:102A900000100021FFF7AAFD0B900B9818B1FFE77B
:102AA0000B981190B6E010980F990E9ADDF830C08F
:102AB000089CEE460123CEF80C300DF11F05CEF830
:102AC0000850CEF80440CEF800C0FFF7BBFC0B90D6
:102AD0000B9840B1FFE70B98543008B9FFE781E04D
:102AE0000B98119096E0FFE7089801300890B7E73F
:102AF0000C98179908600A9818990860002011909E
:102B000088E00998013009900998FFF757FF0130D4
:102B100006900D98059000200490FFE70498069910
:102B2000884255D2FFE7059806F0ACF90590109859
:102B30000F990E9A0C9BDDF810C04FEA8C0EEC46F4
:102B40000424CCF80C4005ACCCF80840CCF804E0E8
:102B5000CCF800300123FFF775FC0B90059804F0CA
:102B600055FA05900B9840B1FFE70B98543008B91F
:102B7000FFE737E00B9811904CE004980699013973
:102B8000884220D0FFE710980E9A0599049B4FEADF
:102B9000830EEC460423CCF80C3005ACCCF808408E
:102BA000CCF804E0CCF800100021FFF71FFD0B90DB
:102BB000059804F02BFA05900B9818B1FFE70B98D5
:102BC000119027E0FFE7FFE7049801300490A5E7A4
:102BD0000C981799086006988000189908600020E2
:102BE000119017E00C9B4CF6AC70C0F601006946E2
:102BF00008604DF62C20C0F601004EF25D11C0F6C3
:102C0000010140F6C332EDF785FC10980F99FFF7EC
:102C100085FEEAE6119812B0B0BD0000B0B590B0E4
:102C2000DDF85CC0DDF858C0DDF854C0DDF850C0F8
:102C30000E900D910C920B93149848B9FFE71699DA
:102C40004FF0FF3008601799002008600F9052E0A5
:102C50000E9814990139099109A900F061F80A90B8
:102C60000E9815A900F05CF80890FFE70A980899FB
:102C7000884237D9FFE70A980899401A013005F0D1
:102C80003DFF013805900A98FFF798FE0146059828
:102C900005F076FC07900E980D990C9ADDF82CC083
:102CA000079B9C00EE460423CEF80C300BADCEF80B
:102CB0000850CEF80440CEF800C0FFF797FC06900D
:102CC0000B9804F0A3F90B90069818B1FFE706984B
:102CD0000F9010E00799012000FA01F10A98401ABC
:102CE0000A90C3E70B981699086015981799086021
:102CF00000200F90FFE70F9810B0B0BD80B582B0F4
:102D000001900198006804F081F901990860019828
:102D1000406804F07BF90199486002B080BD000072
:102D200080B588B0069005910598006804900698D3
:102D3000806EC0690838039004980399B0FBF1F0E5
:102D40000290029818B9FFE7002007901FE004984E
:102D500000900298013805F0B7FF01460098A0EBFB
:102D6000810008380399B0FBF1F00290049A0399AE
:102D7000029801FB1021019105F0A6FF0146019880
:102D8000A0EB81000599086002980790FFE707987B
:102D900008B080BD80B582B001900198006806F04F
:102DA00071F8019908600198406806F06BF8019984
:102DB000486002B080BD000010B590B0DDF850C092
:102DC000DDF84CC0DDF848C00E900D910C920B93CD
:102DD000129818B9FFE700200F906AE00E98129938
:102DE0000139099109A9FFF79BFF0A90FFE7139AA0
:102DF00014980B9990470890089818B1FFE7089825
:102E00000F9056E00A9818B9FFE700200F9050E0A5
:102E10000A9800F00100C0F1020005900E980D998B
:102E20000C9A059B9B00DDF82CC0EE46CEF80C30CA
:102E300006ACCEF808400024CEF80440CEF800C01E
:102E4000FFF7D4FB0890069804F0E0F80690079886
:102E500004F0DCF80790089818B1FFE708980F9085
:102E600027E000200490FFE7049805990139884283
:102E700013DAFFE7139A1498049B06A951F823105C
:102E800090470890089818B1FFE708980F9010E055
:102E9000FFE7049801300490E6E7059906A800EBE7
:102EA000810050F8040C0B9005990A98401A0A907A
:102EB0009DE70F9810B010BD80B582B001900198C9
:102EC000806E406B28B9FFE70198C06804F090F865
:102ED000FFE70198806E806B28B9FFE70198C06911
:102EE00004F086F8FFE70198806EC06B28B9FFE711
:102EF0000198406E04F07CF8FFE7002002B080BD2E
:102F000082B001900091002002B0704780B586B079
:102F1000DDF820C00590049103920293059A04996C
:102F20001068D269039B01FB0231029A089B06F0EC
:102F300037FA01900198012803DBFFE70020019098
:102F4000FFE7002006B080BD80B586B0DDF820C068
:102F50000590049103920293059A04991068D2692E
:102F6000039B01FB0231029A089B06F0E3F90190F2
:102F70000198012803DBFFE700200190FFE701989B
:102F800006B080BD81B00090002001B07047000005
:102F900080B58AB00890079100200690FFE7069858
:102FA000012819DCFFE708980799069A013202EB1D
:102FB000D27323F00103D21A01EB8201FEF7E2FF84
:102FC0000590059818B1FFE70598099051E0FFE7D3
:102FD000069801300690E2E7079800218160089A80
:102FE000DDF81CE05EF8080BEC460423CCF80C304E
:102FF000CCF808E0CCF80410CCF800001046FFF73D
:10300000F5FA04900798806804F000F80799886042
:10301000049838B1FFE70498543018B1FFE70498DA
:10302000099026E00898806E406A01280DDBFFE7D2
:10303000079880680899896E496A013141F0010159
:10304000FEF794FF07998860FFE707990420C8609E
:1030500007984FF0FF310161079A00209082079A8C
:103060009161079AD161079988750799C875099088
:10307000FFE709980AB080BD80B588B00690059139
:103080000492039306980599049A039B01F0FEFBB2
:1030900002900298B0F1FF3F03DCFFE7029807902F
:1030A00011E0029860B1FFE70698002104F02EF8C5
:1030B0000190019818B1FFE70198079003E0FFE73E
:1030C00000200790FFE7079808B080BD80B584B066
:1030D0000390029101920398009000990868496852
:1030E000029A019B00F014F804B080BD80B584B052
:1030F00003900291019203980090029805F062FEFD
:1031000002460099086810440860002004B080BDA1
:1031100080B590B00E900D910C920B930C9805F029
:1031200051FE0A900D990A9A4868496910448842EC
:1031300004D9FFE76FF01B000F9073E00C9820F0AC
:1031400000400D998968484005F094FE09900E985A
:103150000D9909AA042300F0DDF90890089818B128
:10316000FFE708980F905DE09DF833000006002807
:103170000FD4FFE70E980D990B9A0A9B043B00F0C1
:10318000C9F90890089818B1FFE708980F9049E02E
:1031900040E00B98079000200690FFE706980A99F8
:1031A0000439884235D2FFE70E9A0A98DDF818C034
:1031B000A0EB0C00031F0799086849688C44694616
:1031C0004FF0010EC1F80CE00DF1170EC1F808E048
:1031D000C1F804C0086000211046FFF707FA089004
:1031E000089818B1FFE708980F901BE00E980D990A
:1031F0000DF11702012300F08DF90890089818B11D
:10320000FFE708980F900DE0FFE706980130069061
:10321000C4E7FFE70C9820F000400D99886000207B
:103220000F90FFE70F9810B080BD000010B59AB066
:10323000189017911798406814301899896EC969C9
:1032400005F09EF91899896E8969FEF78FFE169030
:10325000002015901490FFE717984068169988424F
:1032600080F00881FFE7169817994968401A0438DA
:1032700040F2FE3105F084F9014617984068084491
:103280000430139013981699884207D2FFE71398D9
:103290001699143905F074F91390FFE7FF208DF8A3
:1032A0004B0013981699884268D3FFE71398189932
:1032B000896E8A69C969891A88425FD8FFE7189AB6
:1032C000906E836917980068DDF84CC069464FF02E
:1032D000010EC1F80CE00DF14B0EC1F808E0C1F889
:1032E00004C0086000211046FFF780F91190119882
:1032F00038B1FFE71198543018B1FFE711981990D1
:1033000005E11898806E80690F900FA8041D4FF09A
:10331000FF301090189A906E836917980068DDF856
:103320004CC0DDF83CE06946CC60C1F808E0C1F86B
:1033300004C0086000211046FEF770FF119011983C
:1033400038B1FFE71198543018B1FFE71198199080
:10335000DDE00FA8069002F065FD069B189817990E
:103360004FF60842C5F6FF72FFF7D2FE1190119892
:1033700018B1FFE711981990C9E0FFE79DF84B10CD
:10338000802020EA01011398179A5268801A0438A5
:1033900040EA41304FF60041C5F20F0108430C905E
:1033A0000C9817998968484005F064FD0D901798AE
:1033B000C0680DA905910422FFF7CCFA1799C860DF
:1033C0001798C06805F05EFDDDF814E00E90189ABD
:1033D00002F11001179B1868D3F804C06B4608244B
:1033E000DC60C3F808E0C3F804C01860002310468E
:1033F000FFF728F80B900B9818B1FFE70B9819907E
:1034000085E0159840B9FFE717984068043015909B
:103410001798C0681490FFE71398179948600C98A4
:103420009DF84B208021914380EA016017998860C4
:1034300017994FF0FF30C86013981699884209D247
:10344000FFE71398189A5169926E926A1144884264
:103450000FD3FFE7189A02F1100100231046FFF77F
:1034600027FA0A900A9818B1FFE70A9819904EE0D7
:10347000FFE7F1E61798006909904FF0FF300890D8
:10348000189A15990B1D17980068DDF824C0A1EB58
:103490000C0E694608ACCC60C1F808E0C1F804C065
:1034A000086000211046FEF7B9FE0790079818B192
:1034B000FFE7079819902AE008981499884204D0E9
:1034C000FFE76FF05300199021E0189A17980068F1
:1034D000DDF854C0694608ABCB6004238B60C1F8AB
:1034E00004C0086000211046FEF798FE0790079878
:1034F00018B1FFE70798199009E0089820B1FFE795
:103500006FF05300199002E000201990FFE719981E
:103510001AB010BD10B58AB00890079106920593B5
:10352000089A02F11001079B1868D3F804C0DDF86F
:1035300018E0059C6B46DC60C3F808E0C3F804C0E3
:10354000186000231046FEF77DFF0490049818B120
:10355000FFE7049809900FE00798C0680699059A5C
:10356000FFF7F8F90799C860059A07994868104469
:10357000486000200990FFE709980AB010BD0000DC
:1035800070B5AAB08C46864630982F992E9CCDF8FF
:10359000A0E0CDF89CC026922593ADF89210ADF82E
:1035A000900000208DF88F002898279901F04CF9A1
:1035B0008DF88E0027998868013088609DF88E000C
:1035C000C00758B1FFE727980021219101212291DE
:1035D00021A905F09DFA08B1FFE758E1FFE7279818
:1035E00040681B9000201C904FF0FF311D911E91F0
:1035F0001F901BA814300E902898806EC06C28B1C4
:10360000FFE72898806EC06C0D9004E02898806ECB
:10361000C0690D90FFE70E990D980838086028984A
:1036200027994968FEF74CFE1A901A9840B1FFE7B7
:103630001A98543008B9FFE729E11A98299089E1CE
:103640002798806805F01EFC27998860289827999C
:1036500001F108021BA90423FFF75CFF1A902798C9
:10366000806803F0D3FC279988601A9840B1FFE77F
:103670001A98543008B9FFE709E11A98299069E1CE
:1036800028982E99269BDDF894E0BDF89220BDF88D
:103690009040554218900DF16C0CCDF864C0EC468A
:1036A000CDF830C018AECCF8206043F2CD06C0F69D
:1036B0000106CCF81C602DB2CCF81850CCF81440A0
:1036C000CCF810200022CCF80C204FF60044C4F2B5
:1036D0000F04CCF80840CCF804E0CCF800304FF0F0
:1036E000FF3302F06FF81A901A9840B1FFE71A986A
:1036F000543008B9FFE7CAE01A9829902AE12798C0
:10370000183005F045FA28BBFFE72798183005F078
:1037100091FA28982799CA7D02F001034FF60842D2
:10372000C6F20F0242EA035201F118031BA9FFF788
:10373000EFFC1A902798183005F018FA1A9840B143
:10374000FFE71A98543008B9FFE7A0E01A982990CB
:1037500000E1FFE700201790169015909DF88F006C
:10376000C00768B9FFE7289800F13C0115A80B9045
:1037700004F0E0FA0B982899303104F0DBFAFFE707
:10378000289800F1480115A80A9004F0D3FA0A9A83
:10379000159840F2FF31884315902898279900F03A
:1037A0003BFE1A901A9818B1FFE71A982990D1E0B9
:1037B00015A804F07DFAD0B9FFE715A8099004F028
:1037C000A1FA099B28981BA94FF60C42C7F6FF7275
:1037D000FFF79EFC1A901A9840B1FFE71A985430F0
:1037E00008B9FFE753E01A982990B3E0FFE728985B
:1037F0001BA9FFF71BFD1A901A9840B1FFE71A9812
:10380000543008B9FFE742E01A982990A2E01C9AC8
:103810002898806E8169B2FBF1F000FB112008B995
:10382000FFE70BE04DF65360C0F601004EF25D116C
:10383000C0F6010140F62102ECF7B0FE279805F032
:10384000EBF9BDF89000BDF89210401A27998882D4
:103850001C982799C8601D9827990861289900200D
:103860001290149013901298139A149B0B65CA64CB
:1038700088649DF88F00C00740B9FFE72899086B5E
:103880004A6B8B6B4B640A64C863FFE75CE0012002
:103890008DF88F00289800F11001FFF73FF89DF890
:1038A0008E00C007A8B9FFE7279843684CF6AC70B4
:1038B000C0F60100694608604DF62C20C0F60100F4
:1038C0004EF25D11C0F6010140F63302ECF722FE24
:1038D000FFE72798002110910121119110A905F00F
:1038E00017F9C0B9FFE7279843684CF6AC70C0F6EB
:1038F0000100694608604DF64A10C0F601004EF21C
:103900005D11C0F6010140F63902ECF703FE6FF0DD
:103910001B0029901EE0289827990431FEF732FBFE
:103920000F900F9860B1FFE70F981C3028B9FFE7A0
:103930009DF88E00C00718B9FFE70F98299009E09D
:1039400000208DF88E004AE69DF88F0000F00100FF
:103950002990FFE729982AB070BD000080B588B093
:1039600007900691059207980699059AEC46002360
:10397000CCF80C30CCF80830CCF804304FF0FF33E2
:10398000CCF8003000F002F808B080BD10B5B0B03F
:10399000DDF8D4C0DDF8D0C0DDF8CCC0DDF8C8C09B
:1039A0002E902D912C922B934FF0FF302A902E9831
:1039B000C06E90B1FFE72C9800682E99C96E8842BE
:1039C00007D2FFE72C9840682E99C96E884204D32D
:1039D000FFE76FF053002F9072E3002029902890AA
:1039E00027902690FFE7269801284ADCFFE72E9AC9
:1039F0002C98269B50F8230028A9109101EB8301F5
:103A0000EC460423CCF80C30CCF808100021CCF89C
:103A10000410CCF800001046FEF7E8FD01461098AF
:103A20002591269950F8210003F0F0FA1099269A72
:103A300041F82200259838B1FFE72598543018B195
:103A4000FFE725982F903BE325985430A0B1FFE77E
:103A5000269A28A951F82200013202EBD27323F0F2
:103A60000103D21A51F8221005F048F9012803DBAE
:103A7000FFE726982790FFE7FFE72698013026907A
:103A8000B1E72C98279901EBD17222F00102891A33
:103A900050F821002D9908602C982799013101EBED
:103AA000D17222F00102891A50F821002D99486044
:103AB000279800EBD07121F00101411A28A850F895
:103AC00021002D9988602D990020C8602490FFE77F
:103AD0002498012800F3DA82FFE7002023904FF0BA
:103AE000FF310F912291ADF886004CF61C12C0F602
:103AF00001021168526820921F918DF87B002A996B
:103B00001D918DF873008DF872002D98806805F076
:103B1000B9F901460F982D9A91602D990831042228
:103B2000FEF718FF19902D98806803F06FFA2D9911
:103B30008860FFE7229805F045F90146239808447C
:103B400023902E9A906EC3692D980068DDF88CC082
:103B500069464FF0040EC1F80CE00DF1600EC1F89B
:103B600008E0C1F804C0086000211046FEF73EFDE1
:103B70001790179840B1FFE71798543008B9FFE73E
:103B8000D2E117982F909BE2199818A90422FEF70A
:103B9000E1FE1990189803F033FA229948401890E2
:103BA000189805F033F958B9FFE7229805F052F953
:103BB000A0F5A060B0FA80F040098DF87300B3E181
:103BC00023980E90189805F0FDF801460E980844C9
:103BD0002E99896EC969884201D9FFE7A4E1FFE700
:103BE00018982290189805F035F9B0F5A06F61D1BA
:103BF000FFE72E9A906EC3692D980068239901F112
:103C0000040C69464FF0040EC1F80CE00DF1580E9B
:103C1000C1F808E0C1F804C0086000211046FEF7B2
:103C2000E5FC1790179840B1FFE71798543008B992
:103C3000FFE779E117982F9042E2169803F0E6F932
:103C4000169019981699884201D0FFE76CE11898F0
:103C500005F0B0F80146229880EAC17022902E98B3
:103C6000C06A19A90422FEF775FE2E99C8621D9834
:103C70002A9023980D90189805F0A4F801460D9805
:103C800008442D99C86022982D990861BDF88600D6
:103C90002D9988821F982D99886120982D99C86147
:103CA0009DF87B002D9900F00100C8754FF0FF30A2
:103CB00019903FE72E980A90806EC0690B902D985E
:103CC00000680C90239804300990189805F07AF851
:103CD000DDF824C00A9A0B9B01460C98A1F1040E52
:103CE000694619ACCC60C1F808E0C1F804C00860AE
:103CF00000211046FEF792FA1790179840B1FFE79F
:103D00001798543008B9FFE70EE117982F90D7E1C4
:103D1000189805F097F880B9FFE7189805F062F851
:103D2000BDF88610884207DBFFE7189805F05AF8BF
:103D30000130ADF88600FFE7A7E0189805F082F89B
:103D4000B0F5806F37D1FFE7189805F071F801469C
:103D5000BDF886000844ADF8860018981D994FF606
:103D60000042C0F20F0211400022C4F6F07211436B
:103D7000884205D1FFE71D9840F000401D9019E0F2
:103D80001D980130A8B1FFE7189805F02BF80890AE
:103D90001D9805F027F801460898884209DCFFE7DE
:103DA000189805F045F801461D9800EB81201D90FC
:103DB000FFE7FFE768E0189805F044F8B0F5C06F3A
:103DC0002FD1FFE7189804F0F5FF00F001008DF8FF
:103DD0007B002E9A906EC3692D980068239901F19B
:103DE000040C69464FF0080EC1F80CE00DF17C0E92
:103DF000C1F808E0C1F804C0086000211046FEF7D1
:103E0000F5FB1790179840B1FFE71798543008B9A1
:103E1000FFE789E017982F9052E11FA804F0A6FE53
:103E200031E0189805F01EF840F2FF51884229D180
:103E3000FFE72E9A906EC3692D980068239901F1CF
:103E4000040C69464FF0080EC1F80CE00DF1680E45
:103E5000C1F808E0C1F804C0086000211046FEF770
:103E6000C5FB1790179830B1FFE71798543008B981
:103E7000FFE759E0FFE71AA801F0C2FF01208DF823
:103E80007200FFE7FFE7FFE7FFE72B99189808406C
:103E9000329A1140884246D1FFE7349B35981899F1
:103EA0002D9A12681392239A0432149213AA9847F7
:103EB00015901598B0F1FF3F08DCFFE715985430D6
:103EC00008B9FFE730E015982F90F9E0159818B978
:103ED000FFE718981D9025E018984FF60042C7F6A6
:103EE000FF7210401D991140884204D1FFE74FF046
:103EF000FF301D9015E01598022811D1FFE71898A2
:103F000004F070FF07901D9804F06CFF01460798BD
:103F1000884205DCFFE7189840F000401D90FFE75D
:103F2000FFE7FFE7FFE705E62D98C06880B9FFE7E8
:103F30002D9804F071FE2798013000EBD07121F02C
:103F40000101411A28A850F821002D99886099E0B4
:103F50002D99002088759DF87300C007E8B3FFE72E
:103F60002D98C2682E98806E8169B2FBF1F000FB3B
:103F7000112090BBFFE79DF87200C00760B3FFE718
:103F80004FF0FF3012902E9A906EC3692D990868F9
:103F9000D1F80CC0DDF868E0694612ACCC60C1F81D
:103FA00008E0C1F804C0086000211046FEF736F9A9
:103FB0001190119838B1FFE71198543018B1FFE70C
:103FC00011982F907CE012981B99401AB0FA80F05B
:103FD00040092D998875FFE7FFE72E983C302D9911
:103FE00003F03EFE50B3FFE72E98C06B04F0FAFEDC
:103FF00006902A9804F0F6FE01460698884205D1FC
:10400000FFE72A9840F000402A9016E02A980130F5
:1040100090B1FFE72E98C06B04F0E4FE05902A985B
:1040200004F0E0FE01460598884205DAFFE72A9889
:10403000A0F580602A90FFE7FFE7FFE7339850B1D3
:10404000FFE72A9804F0CEFE2D99898A04F098FAA9
:1040500033990880FFE72A9804F0D8FE18B1FFE7EB
:104060002A982F902CE02A9804F0BCFE2D99898A7A
:10407000884204DAFFE76FF001002F9020E0002073
:104080002F901DE024980130249021E52D9803689D
:1040900040684CF6AC72C0F6010269464A6008609E
:1040A0004DF68530C0F601004EF25D11C0F60101FB
:1040B00040F26652ECF72EFA6FF053002F90FFE7B4
:1040C0002F9830B010BD000010B596B01490139129
:1040D000129211931298006810904FF60040C0F2AF
:1040E0002F000F901498006A139988611498406A01
:1040F0001399C8611098007820B9FFE76FF0150098
:1041000015900CE1FFE7FFE70F9804F0ABFE0228E3
:104110000CD1FFE710984DF66541C0F60101ECF7B0
:104120008DFA0146109808441090FFE710984DF65C
:104130006541C0F60101ECF771FA0E900E98012866
:104140000FD1FFE710984DF66341C0F6010101223F
:10415000ECF782FA28B9FFE70E99109808441090FE
:10416000D2E70E9802280BD1FFE71098008842F69C
:104170002E61884204D1FFE76FF015001590CEE064
:1041800010980E9908440D9001200B90FFE70D98B0
:104190004DF66541C0F601010691ECF74FFA06991C
:1041A00002460D9810440D900D98ECF737FA0C90DC
:1041B0000C9808B9FFE72FE00C9801280BD1FFE716
:1041C0000D984DF66341C0F601010122ECF744FA67
:1041D00008B9FFE71BE00C98022813D1FFE70D9800
:1041E000008842F62E6188420CD1FFE70B98013817
:1041F0000B900B9828B9FFE70D980C990844109084
:1042000082E703E00B9801300B90FFE7FFE70C9982
:104210000D9808440D90BAE71098007818B9FFE798
:104220000F9815907BE01098129908600F9804F091
:1042300019FE022804D0FFE76FF0130015906EE01E
:104240000F9804F0CFFD40F2FF31884228D0FFE7FD
:1042500014980590139804900F9804F0C3FD0499E6
:10426000034605980822C2F2000242EA8323139A09
:104270001832EC46CCF800204FF60042C7F20F028D
:1042800000F0A2F80A900A98B0F1FF3F03DCFFE7C4
:104290000A98159043E01398183004F067FCFFE784
:1042A000FFE71498139901F118020E9BDDF844E022
:1042B0000790DDF840C0CDF820C0DDF838C0CDF85B
:1042C00024C0EC4607ACCCF80C4044F22534C0F6D0
:1042D0000104CCF80840CCF804E0CCF800304FF0F2
:1042E000F043FFF753FB0F900F98B0F1FF3F03DC53
:1042F000FFE70F98159012E00F9808B1FFE709E06B
:104300001398C07DC00720B9FFE76FF0010015903A
:1043100005E0C6E70E99109808441090F3E615984A
:1043200016B010BD80B590B00E900D910C920E9805
:104330000B900B9800680A900C9809900B98806875
:1043400006900D9804F06CFD0146069804F018F9EB
:1043500008900A9A089B09990868D1F804C00B993B
:10436000D1F804E06946CB60C1F808E0C1F804C0A8
:10437000086000211046FDF7F3FE0790079818B17A
:10438000FFE707980F901BE00B98806805900D9849
:1043900004F046FD0146059888420ED0FFE70B98D1
:1043A000806804900D9804F03BFD049902460220B9
:1043B000914238BF01200F9002E000200F90FFE7EC
:1043C0000F9810B080BD000010B58CB0DDF838C07B
:1043D0000B900A91099208930B9807900A98049001
:1043E00009980590089806900E99039104F018FD1D
:1043F000DDF80CC00499059A069B04460798EE4622
:10440000CEF80840CEF804C04FF0000CCEF800C043
:1044100000F01AF90CB010BD80B58AB00890079171
:104420000692089807996B4603AA1A600022C7F6FD
:10443000F0720C23C7F6F073FFF7C6FF02900298E4
:10444000B0F1FF3F07DCFFE70298023018B1FFE749
:10445000029809900FE00298023048B1FFE703A8E4
:10446000019003F0CFFB0199069803F063FCFFE78E
:1044700000200990FFE709980AB080BDB0B58CB064
:10448000DDF854C0DDF850C0DDF84CC0DDF848C0A0
:10449000DDF844C0DDF840C00A9009910892079306
:1044A000149806901398159908440A99896EC96959
:1044B000884204D9FFE76FF053000B90C1E0FFE79B
:1044C0001598002800F0BA80FFE715980590089825
:1044D000E8B3FFE7089800680230C0BBFFE7139815
:1044E000089A516892681144884230D2FFE71398C5
:1044F00008994968884221D3FFE7059808994A68D6
:104500008968139BD21A114404F03AF80590069872
:1045100008994B68C968139AD21A1144059AECF7A6
:10452000C7F8059906980844069005991398084419
:10453000139005991598401A1590C1E705980899A8
:104540004968139A891A04F01BF80590FFE7079849
:1045500000680230C0BBFFE71398079A5168926861
:104560001144884230D2FFE713980799496888427E
:1045700021D3FFE7059807994A688968139BD21AE7
:10458000114403F0FDFF0590069807994B68C96830
:10459000139AD21A1144059AECF78AF805990698ED
:1045A00008440690059913980844139005991598A6
:1045B000401A159084E7059807994968139A891A53
:1045C00003F0DEFF0590FFE707996FF00100086038
:1045D00013980A99896E4969FDF7BEFC07994860EE
:1045E0001398109908440A99896E4969FDF7BEFC31
:1045F0000A99896E896A03F0C3FF079988600A984F
:104600000999119A129BDDF81CE0DEF804C0DEF86F
:104610000850DEF80C40EE46CEF80850CEF80440C4
:10462000CEF800C000F010F804900498B0F1FF3FFD
:1046300003DCFFE704980B9003E041E700200B90B8
:10464000FFE70B980CB0B0BD80B594B0DDF860C04A
:10465000DDF85CC0DDF858C01290119110920F93F4
:104660001198C0680E90119800690D9000200C9070
:1046700012983C30119903F0F3FA50B3FFE7109809
:1046800004F0B0FB28B3FFE71298C06B04F0AAFB5C
:1046900008900F9804F0A6FB01460898884204D1C0
:1046A000FFE76FF001001390CBE01298C06B04F0AD
:1046B00099FB07900F9804F095FB014607988842F4
:1046C00005DAFFE70C98A0F580600C90FFE7FFE7A4
:1046D000FFE7FFE70E9806900D9804F073FB014684
:1046E000069804318842C0F0A880FFE70D9804F0D6
:1046F00069FB01460E98401A0E900D980B90129A85
:1047000011980068DDF838C069460423CB600DF1CC
:10471000340EC1F808E0C1F804C00860002110465A
:10472000FDF764FF0A900A9818B1FFE70A98139002
:1047300087E00D9802F064FC0B99484020F000409F
:104740000D90109804F04EFB90B3FFE70B9804F027
:1047500079FBB0F5806F2BD1FFE70B9804F042FB9B
:1047600005900F980C99401A04F03CFB01460598FF
:1047700088421DDCFFE70B980F990C9A891A4FF6B7
:104780000042C0F20F0211400022C4F21002114395
:10479000884204D1FFE76FF00100139051E00B98BD
:1047A00004F046FB01460C9800EB81200C90FFE7DB
:1047B00010990B9808400F9A0C9BD21A114088420E
:1047C0003AD1FFE70B9804F015FB20B1FFE76FF03B
:1047D0000100139035E00B9804F022FB189903F0C8
:1047E000CFFE0990129A099B119800680E99DDF886
:1047F00058C0614401F1040CDDF85CE06946CB600F
:10480000C1F808E0C1F804C0086000211046FDF7B7
:10481000EDFE0A900A9818B1FFE70A98139010E08D
:104820001798099A10441899891AEBF7C0FF0B984A
:104830000C990844139004E04CE76FF001001390CA
:10484000FFE7139814B080BD83B0029001910298E5
:10485000806E416A00200129009012DBFFE7019879
:104860008068421C0298806E406A013040F001016D
:10487000B2FBF1F000FB1120B0FA80F0400900908B
:10488000FFE7009800F0010003B0704710B5C4B016
:104890004290419140923F934298806A3E90FFE758
:1048A0003E98E8B3FFE741983E990831884232D0FC
:1048B000FFE73E980830419904F02AF958BBFFE71A
:1048C0003E988079012826D1FFE73E9890F8320083
:1048D000C00600281FD5FFE73E98C06A4299896E3E
:1048E000896A884217D9FFE742983E9901F0F2FFA2
:1048F0003D903D9818B1FFE73D984390E0E2429823
:104900003E9901F0E7FA3D903D9818B1FFE73D98D8
:104910004390D5E2FFE7FFE73E9800683E90BFE78F
:10492000419800683B90419840683C9041991491AF
:1049300008684A688B68D1F80CC0D1F810E04C695F
:104940003894CDF8DCE0CDF8D8C03593349233906C
:104950008869C9693A9139904298419A409B3F9938
:10496000EC460DF1AC0ECCF804E0CCF8001033A905
:1049700000F0AAFA2A902A98B0F1FF3F03DCFFE783
:104980002A9843909CE241983BA904F0C1F8B8B939
:10499000FFE7419913913398349A359BDDF8D8C0DD
:1049A000DDF8DCE0389C4C61C1F810E0C1F80CC0C7
:1049B0008B604A60086039983A9ACA618861FFE75B
:1049C0002A98022850D1FFE74298419900F1480205
:1049D000FFF722FD2990299818B1FFE72998439005
:1049E0006EE22B983B902C983C904198183004F044
:1049F00021F942984199C97D01F001024FF6084121
:104A0000C6F20F0141EA02512791419918312891CC
:104A10006A4600215160012111602BA93BAA27ABF6
:104A200000F052FA2A904198183004F09FF82A9822
:104A3000B0F1FF3F03DCFFE72A98439040E22B9858
:104A40002C992D9A2E9BDDF8BCC0DDF8C0E0CDF886
:104A5000E0E0CDF8DCC03693359234913390319854
:104A600032993A913990FFE700208DF89B00FFE7DB
:104A70002A98012840F01B82FFE73B9B3C98339A21
:104A8000DDF8D0C04CF6AC7EC0F6010E6946C1F828
:104A90000CE0C1F808C04A6008604DF6B020C0F6CE
:104AA00001004EF25D11C0F6010140F6AB12EBF7CA
:104AB00031FD00202A90429800F120013BA804F02B
:104AC00027F838B9FFE73398429908623498429939
:104AD0004862FFE74298806A2590FFE7259840B337
:104AE000FFE7259800F108013BA804F011F838B958
:104AF000FFE733982599886034982599C860FFE7C7
:104B00002598807902280FD1FFE7259800F12C0124
:104B10003BA803F0FDFF38B9FFE733982599C86239
:104B2000349825990863FFE7FFE7259800682590EA
:104B3000D4E742983BA92BAA02F04AFD249024987E
:104B4000B0F1FF3F07DCFFE72498023018B1FFE720
:104B500024984390B4E124986FF00101401A18BFE3
:104B600001208DF88F0024980230002800F0B680D4
:104B7000FFE74298012102F069FE2290229818B1C5
:104B8000FFE7229843909BE140F2FF30ADF88600AA
:104B9000429830302BA903F063F8B0B3FFE7429896
:104BA000006B04F01FF9ADF886002B9B2C98BDF824
:104BB00086204CF6AC7CC0F6010C6946C1F808C0F2
:104BC0004A6008604DF27170C0F601004EF25D114E
:104BD000C0F6010140F6D812EBF79CFC429840F277
:104BE000FF31002202F0ECFDBDF8860012902498FF
:104BF00004F0F8F801461298884205DAFFE7249895
:104C0000A0F580602490FFE7FFE72B981F902C9879
:104C1000209033A804F00EF842980E901FA80F9031
:104C20001BA8014610911190BDF8860040F2FF319B
:104C3000884209D0FFE7BDF886100020C4F6F07066
:104C400040EA81200D9002E000200D90FFE70F9ACE
:104C50000E98DDF840C0119B0D9919600021CCF829
:104C60000410249BCCF8083033AB0C93CCF80C30F8
:104C70006B465960022119602BA91BAB00F024F987
:104C800001460C982A9103F071FF2A98B0F1FF3F7A
:104C900003DCFFE72A98439012E12A9801281CD1EF
:104CA000FFE71F983B9020983C902B982C992D9AC9
:104CB0002E9BDDF8BCC0DDF8C0E0CDF8E0E0CDF81B
:104CC000DCC03693359234913390319832993A91D1
:104CD000399001208DF89B00CAE6FFE742983BA976
:104CE0002BAA02F01BFD1A901A9838B1FFE71A9808
:104CF000023018B1FFE71A984390E1E09DF88F0069
:104D0000C00720B1FFE71A98023008B1FFE70BE0B7
:104D10004DF60740C0F601004EF25D11C0F60101EC
:104D200040F6F912EBF73AFC9DF88F100020C90706
:104D30000B9039B1FFE71A980230B0FA80F04009C1
:104D40000B90FFE70B981A980230002800F0AE8015
:104D5000FFE74298303002F09FFF80B1FFE74298B2
:104D60009DF88F1001F00101494202F06FFD1A9089
:104D70001A9818B1FFE71A984390A1E0FFE740F2B4
:104D8000FF30ADF86600429830302BA902F068FF82
:104D900030B3FFE74298006B04F024F8ADF86600EA
:104DA0002B9B2C98BDF866204CF6AC7CC0F6010C11
:104DB0006946C1F808C04A6008604DF27170C0F6DB
:104DC00001004EF25D11C0F6010140F60C22EBF736
:104DD000A1FB429840F2FF31002202F0F1FCFFE714
:104DE0002B983B902C983C9033A803F023FF4298DB
:104DF00007903BA8089015A8014609910A90BDF8B4
:104E0000660040F2FF31884209D0FFE7BDF8661026
:104E10000020C4F6F07040EA8120069002E00020F5
:104E20000690FFE7089A0798DDF824C00A9B0699C8
:104E300019600021CCF804109DF8C33003F0010E76
:104E40004FF60843C6F20F0343EA0E53CCF808307E
:104E500033AB0593CCF80C306B46596002211960D6
:104E60002BA915AB00F030F8014605982A9103F004
:104E70007DFE2A98B0F1FF3F03DCFFE72A984390BC
:104E80001EE02B982C992D9A2E9BDDF8BCC0DDF8E6
:104E9000C0E0CDF8E0E0CDF8DCC036933592349137
:104EA0003390319832993A913990FFE7E0E59DF8D7
:104EB0009B0000F00100002818BF03204390FFE78B
:104EC000439844B010BD0000B0B5B2B0DDF8DCC00E
:104ED000DDF8D8C030902F912E922D9300202C9089
:104EE0008DF8AF002A90FFE72A983699884265DA54
:104EF000FFE72D982A9950F8310003F0B3FF40F2F4
:104F00000141884205D1FFE72F99888A01308882C4
:104F10004FE02D982A9950F8310003F0A3FF40F29A
:104F2000FF4188421AD1FFE72F98808A012801DBD0
:104F3000FFE70BE04DF66770C0F601004EF25D1121
:104F4000C0F6010140F6C502EBF728FB2F99888ACD
:104F50000138888201208DF8AF0029E02D982A9928
:104F600050F8310003F06EFFB0F5C06F1FD1FFE7BE
:104F70002D982A9900EBC100406800682F9988613C
:104F80002D982A9900EBC100406840682F99C861AC
:104F90002D982A9950F8310003F00CFF00F0010021
:104FA0002F99C8752F98183003F0E0FDFFE7FFE751
:104FB000FFE7FFE72A9801302A9095E79DF8AF00B8
:104FC000C00788B3FFE72F98808A68BBFFE7379850
:104FD00008B1FFE70BE04EF2C020C0F601004EF230
:104FE0005D11C0F6010140F6D202EBF7D7FA379A0D
:104FF00030982F9902F092FB2990299838B1FFE759
:105000002998023018B1FFE7299831901AE22998BF
:10501000023040B1FFE73798C07DC00718B1FFE705
:1050200002202C901BE1FFE72F98807DC00700280D
:1050300000F0F480FFE72F98006823902F98C06855
:1050400024902F98006925904FF0FF3026902F98DC
:10505000C068279023A8143014903098806EC06CDC
:1050600028B1FFE73098806EC06C139004E0309850
:10507000806EC0691390FFE7149913980838086090
:105080002F98183003F0D6FD30982F99CA680B6915
:10509000DDF8B4C0369C20900DF18C0ECDF884E084
:1050A000EE46CDF848E020ADCEF8205043F2CD05D5
:1050B000C0F60105CEF81C500025CEF81850CEF8E9
:1050C0001450CEF81050CEF80C50CEF80850CEF850
:1050D0000440CEF800C000F075FB22902F981830E5
:1050E00003F044FD229860B1FFE722981C3020B104
:1050F000FFE72298543008B9FFE790E022983190FA
:10510000A0E100201F901E901D90309800F130010A
:105110001DA8119002F00EFE119830993C3102F05A
:1051200009FE11983099483102F004FE11981D993A
:1051300040F2FF3291431D9102F0BAFD50BBFFE7F0
:1051400030982F991DAAFFF767F92290229818B17D
:10515000FFE72298319075E11DA8109002F0D2FD72
:10516000109B309823A94FF60C42C7F6FF72FDF74B
:10517000CFFF2290229860B1FFE722981C3020B127
:10518000FFE72298543008B9FFE748E022983190B1
:1051900058E1FFE7309823A9FEF748F822902298BB
:1051A00060B1FFE722981C3020B1FFE7229854300D
:1051B00008B9FFE733E02298319043E1249A309810
:1051C000806E8169B2FBF1F000FB112008B9FFE7A6
:1051D0000BE04DF65360C0F601004EF25D11C0F6D3
:1051E000010140F61C12EBF7D9F924982F99C860F9
:1051F00025982F9908613099086B4A6B8B6B4B642B
:105200000A64C863309900201A901C901B901A9869
:105210001B9A1C9B0B65CA64886420E0FFE73098EA
:1052200000F11001FDF77AFB30982F992D9A369BEB
:10523000B1F814E0EC46CCF808E04FF0000ECCF8E2
:1052400004E0CCF8001000F065F92C902C98B0F137
:10525000FF3F03DCFFE72C983190F3E0FFE72E9847
:10526000006818902E98406819903098806A1790BE
:10527000FFE71798002800F0E280FFE71798083052
:1052800018A903F045FC002840F0D480FFE71799E7
:105290000E912F9A0F9210685368D2F808C0D2F876
:1052A0000CE014695569CD618C61C1F814E0C1F856
:1052B00010C0CB6088609069D2694A620862179812
:1052C00008302E99884200F08680FFE70020169073
:1052D000FFE71698369988427CDAFFE72D981699F1
:1052E00050F8310003F0BEFD40F2FF4188421AD170
:1052F000FFE7179880880D902D98169950F8310087
:1053000003F070FD01460D9888420CD1FFE7179815
:105310008079022807D0FFE717994FF0FF308860A7
:105320001799C86051E02D98169950F8310003F094
:1053300099FD40F2FF4188421DD1FFE71798808810
:105340000C902D98169950F8310003F04BFD014652
:105350000C9888420FDDFFE717998888013888800C
:1053600017988079022805D1FFE71799886A0138D4
:105370008862FFE728E02D98169950F8310003F075
:1053800071FD40F2014188421DD1FFE717988088E6
:105390000B902D98169950F8310003F023FD01462B
:1053A0000B9888420FDBFFE71799888801308880C7
:1053B00017988079022805D1FFE71799886A01308C
:1053C0008862FFE7FFE7FFE7FFE7FFE71698013096
:1053D00016907EE7FFE7FFE717988188828B002011
:1053E00091420A9004DBFFE71798C07F0A90FFE71D
:1053F0000A98C007E8B1FFE71798203030992031AC
:1054000003F086FB30B1FFE717998A8B8888801AF2
:105410008880FFE73098179A02F108012032FEF7E2
:105420009DFA1590159818B1FFE71598319009E08D
:10543000D2E7FFE7FFE717980068179019E72C9865
:105440003190FFE7319832B0B0BD000010B594B094
:105450008C46864618981799169CCDF848E0CDF8EA
:1054600044C010920F93ADF83A10ADF8380012987E
:1054700006A9FDF78DFD0590059818B1FFE7059881
:10548000139044E01198C07D00F001008DF82F00CA
:10549000119880690C901198C0690D901298109A1B
:1054A0000F9B1699BDF83AE0BDF83840EC46CCF8B1
:1054B0000840CCF804E0CCF8001006A9FEF760F82C
:1054C00004900498B0F1FF3F03DCFFE704981390C9
:1054D0001DE006981199886107981199C861119982
:1054E0000120C87511981299203103F011FB58B9A9
:1054F000FFE7BDF83A0038B9FFE70698129908624D
:10550000079812994862FFE700201390FFE713986D
:1055100014B010BDF0B59DB08C46864624982399F2
:10552000229CCDF86CE0CDF868C019921893ADF8C4
:105530005E10ADF85C00FFE7BDF85E001690FFE777
:10554000BDF85C001699401A02286CD3FFE70022D0
:1055500015921B982299199BDDF860E0169CBDF806
:105560005C506642EC46CDF834C015AFCCF82070E4
:1055700043F2ED07C0F60107CCF81C7036B2CCF848
:105580001860CCF81450A4B2CCF81040CCF80C2021
:105590004FF60044C4F20F04CCF80840CCF804E005
:1055A000CCF800304FF0FF3300F00CF91490149851
:1055B00018B1FFE714981C9000E11B98806EC06C36
:1055C00028B1FFE71B98806EC06C0C9004E01B981C
:1055D000806EC0690C90FFE70C981390BDF85C00DA
:1055E0001699401AFE2816D8FFE715980B901398C5
:1055F000A0F128010A9140081B99896E8969FCF77E
:10560000B5FC01460A9802F0BBFF01460B988842A0
:1056100001D8FFE707E01698BDF85C10091A00EB07
:10562000510016908CE71698BDF85E10884201D1A3
:10563000FFE73CE01B981A99199A189BDDF888C07F
:10564000BDF85840BDF85C50EE46CEF80850CEF894
:105650000440CEF800C0FFF7F9FE1290129838B15E
:10566000FFE712981C3018B1FFE712981C90A5E0D4
:105670001298B8B1FFE71A98036840684CF6AC720C
:10568000C0F6010269464A6008604DF6B830C0F6BF
:1056900001004EF25D11C0F6010140F68D02EAF7FD
:1056A00039FF04E01698ADF85C00FFE744E71B986B
:1056B0001A99FFF7C9F800286BD0FFE71A98002164
:1056C00010910121119110A903F022FA002860D154
:1056D000FFE71B9802F01AF90F900F98B0F1FF3F07
:1056E00003DCFFE70F981C9068E01B98C16E0F98D1
:1056F000081AB0EBD10F4BD9FFE71A9883684CF624
:10570000AC70C0F60100694608604DF6D510C0F6D1
:1057100001004EF25D11C0F6010140F6A202EAF767
:10572000F9FE1B981A99199A189BDDF888C0BDF8E4
:105730005E40BDF85C50EE46CEF80850CEF804400E
:10574000CEF800C0FFF782FE0E900E9838B1FFE74A
:105750000E981C3018B1FFE70E981C902EE00E98A2
:1057600088B1FFE74DF67F10C0F601004EF25D11E3
:10577000C0F601014CF6AC73C0F6010340F6AC0272
:10578000EAF7C8FE03E00120ADF85C00FFE7FFE7A1
:10579000FFE71B981A99199A189BDDF888C0BDF885
:1057A0005E40BDF85C50EE46CEF80850CEF804409E
:1057B000CEF800C0FDF7E4FE1C90FFE71C981DB07A
:1057C000F0BD000070B5DCB094468E460446689883
:1057D000679866986599649A639D629D619D609DD6
:1057E0005A94CDF864E1CDF860C15793ADF85A21D1
:1057F000ADF85811ADF85601002036903290319036
:10580000FFE758980D90579803F0DCFA01460D9881
:1058100008445999C968884234D2FFE7579803F081
:10582000D1FA01465898084458905A9A59980068F5
:10583000DDF860C169460423CB600DF1D00EC1F8DC
:1058400008E0C1F804C0086000211046FCF7CEFE55
:105850003090309818B1FFE730985B9068E2349848
:1058600001F0CEFB5799484040F0004034905998E1
:105870000068319058980430329031A833903498B1
:10588000579014E0619801280DDBFFE760980068ED
:1058900034906098406833906098083060906198C8
:1058A0000138619002E000203590B5E1FFE700206B
:1058B000C7F6F0702F902F986299014034980840F5
:1058C000639A1140884201D0FFE79AE7629803F09B
:1058D00089FA002800F08180FFE73698022801D875
:1058E000FFE70BE04DF6E570C0F601004EF25D11EA
:1058F000C0F6010140F2C232EAF750FE3698C0EB22
:10590000001637A800EB86020C92599920915899FD
:1059100021915799229160992391619924916299DB
:10592000259163992691BDF85A11ADF89C10BDF8E8
:105930005811ADF89E10BDF85611ADF8A01067993A
:10594000299168992A9134992B9133992C91319905
:10595000329B2E932D91DDF890E0259C209D21997E
:10596000229BDDF88CC040F826505461C2F810E04C
:10597000C2F80CC0936051602699279BDDF8A0C047
:10598000DDF8A4E02A9C2B9DD5629462C2F824E045
:10599000C2F820C0D36191612C992D9BDDF8B8C06D
:1059A000C2F838C053631163369901313691002132
:1059B00062916391ADF85A11ADF85811ADF85611D6
:1059C00045F63951C0F6010167913699C1EB0111D5
:1059D00000EB81001038689013E7FFE7629803F04E
:1059E00001FA88B1FFE7349803F0FCF9BDF85A11C9
:1059F000884208DBFFE7349803F0F4F9BDF858114A
:105A0000884201DBFFE7FCE6349803F02BFA08B983
:105A1000FFE700E1349803F025FA40F201118842D3
:105A200040F08F80FFE7679845F63951C0F60101D5
:105A3000884201D1FFE7E4E63698C0EB001637ADA7
:105A400005EB86010A915998119058981290579831
:105A500013906098149061981590629816906398CE
:105A60001790BDF85A01ADF86000BDF85801ADF8C7
:105A70006200BDF85601ADF8640067981A90689806
:105A80001B9000200B901C901D901F901E90DDF825
:105A900054C0DDF858E0119C1298139A149B45F8F5
:105AA0002640C1F814E0C1F810C0CB608A6048609D
:105AB0001798189A199BDDF868C0DDF86CE01C9CFB
:105AC000CC62C1F828E0C1F824C00B62CA618861C9
:105AD0001D981E9A1F9B8B634A630863369801309A
:105AE0003690349803F09CF9ADF84200349803F0F6
:105AF00079F901460B98ADF84010339959915890B7
:105B00004FF0FF315791609061904FF60040C6F220
:105B10000F0062904FF000506390BDF84200ADF866
:105B20005A01BDF842000130ADF85801BDF84000FF
:105B3000BDF84210401ABDF856110844ADF85601A0
:105B400068E0349803F08EF9B0F5817F4AD1FFE721
:105B500000200F90FFE70F980990349803F060F948
:105B60000146099888423CD2FFE733980E90679827
:105B70000790689808900E980F9901EB410110F872
:105B8000210000050690349803F02CF90699079B34
:105B900002460898BDF956C1624441EA82210E9A34
:105BA000DDF83CC00CEB4C0C02EB8C0CDCF8042058
:105BB000DCF808C041EA0C0141F0405198473590AB
:105BC0003598B0F1FF3F03DCFFE735985B90AFE01D
:105BD000359808B1FFE704E0FFE70F9801300F9018
:105BE000B9E716E0679B68983499BDF9562101EB37
:105BF0008221339A984735903598B0F1FF3F03DC06
:105C0000FFE735985B9093E0359808B1FFE703E034
:105C1000FFE7FFE7FFE7F4E53698002800F085800E
:105C2000FFE73698C0EB001137A8059000EB810123
:105C300051F83C1C59913699C1EB011100EB8101DF
:105C400051F8381C58913699C1EB011100EB8101D4
:105C500051F8341C57913699C1EB011100EB8101C9
:105C600051F8301C60913699C1EB011100EB8101B4
:105C700051F82C1C61913699C1EB011100EB8101A7
:105C800051F8281C62913699C1EB011100EB81019A
:105C900051F8241C63913699C1EB011100EB81018D
:105CA00031F8201CADF85A113699C1EB011100EB07
:105CB000810131F81E1CADF858113699C1EB011164
:105CC00000EB810131F81C1CADF856113699C1EB7F
:105CD000011100EB810151F8181C67913699C1EB55
:105CE000011100EB810151F8141C68913699C1EB48
:105CF000011100EB810151F8101C34913699C1EB70
:105D0000011100EB810151F80C1C33913699C1EB64
:105D1000011100EB810151F8080C51F8041C32917B
:105D2000319036980138369058E635985B90FFE709
:105D30005B985CB070BD000080B588B0069005919E
:105D40000492069803900598C1004FF60040C7F2F0
:105D50000F00002944BF4FF60040C7F6FF700290C5
:105D60000299059800EA0100039A126801EA02010B
:105D700088421AD0FFE70398006803F03BF8A0B907
:105D8000FFE705984FF60041C7F6FF7108400399F9
:105D900009684FF60042C0F20F0211400022C4F61B
:105DA000F0721143884206D1FFE703990020086092
:105DB0000120079020E0059803F044F8B0F5806FCB
:105DC00017D1FFE7059803F00DF8019003980068DC
:105DD00003F008F80146019888420ADCFFE70598BD
:105DE00003F026F802460399086800EB8220086059
:105DF000FFE700200790FFE7079808B080BD00008C
:105E000080B582B001900198006801F0FFF8019917
:105E100008600198406801F0F9F80199486002B003
:105E200080BD000080B582B001900198006803F049
:105E300029F8019908600198406803F023F8019956
:105E4000486002B080BD000080B584B0029001912E
:105E500000200090009818B1FFE7009803901BE025
:105E60000298806A019902F0A9FB08B1FFE70BE0F4
:105E70004DF62D40C0F601004EF25D11C0F6010155
:105E800041F60902EAF78AFB0298019900F008F846
:105E9000009000980390FFE7039804B080BD0000D5
:105EA00080B584B0039002910398029900F084FEBB
:105EB00001900398029902F0A3FB0298006D00681C
:105EC00028B9FFE70298C06C01F092F8FFE701984B
:105ED00004B080BD80B59EB01C901B911B9890F8BB
:105EE00032004007002813D5FFE71B9890F83200D6
:105EF000C006002806D4FFE71C981B994031FCF728
:105F00000DFDFFE71B99086B20F480200863FFE775
:105F10001B9890F832008007002840F1C680FFE708
:105F20001B98406B1A901B9890F83200C00600280E
:105F300000F19F80FFE7002001900590ADF8180068
:105F40008DF81A000E900D900C900B900A9009900D
:105F5000089007901B99896A0F911B99C96A109143
:105F6000012111911B99496B129113901490DDF846
:105F700070C0DCF80010DCF80420DCF80830DCF835
:105F80000CC0CDF860C017931692159119901C990A
:105F90000846FCF7C3FCFFE71B98C16A406B8842C8
:105FA00030D2FFE71C9805A90DF11302012300F080
:105FB00083F803900398B0F1FF3F03DCFFE70398F9
:105FC0001D9075E01C981B990DF11302012300F040
:105FD00059F903900398B0F1FF3F03DCFFE7039802
:105FE0001D9065E01C980068013050B1FFE71C98D7
:105FF00005A94031FCF792FC1C990846FCF78EFC81
:10600000FFE7C9E7FFE71C9A1B9800F14001012355
:106010001046FCF787F90290029840B1FFE702981A
:10602000543008B9FFE703E002981D9040E01FE0FC
:106030001B98836B4CF6AC70C0F601006946086093
:106040004DF62C20C0F601004EF25D11C0F60101A4
:1060500040F64E52EAF75EFA1C981B9900F0C2FC1B
:106060000290029818B1FFE702981D9020E0CAE75D
:1060700007E01B98C16A406B02F070FA1B994863F5
:10608000FFE71B99886B88621B99486BC8621B9954
:10609000086B20F4003008631B99086B40F48030D3
:1060A00008631A981B994863FFE700201D90FFE7DB
:1060B0001D981EB080BD000070B592B010900F9179
:1060C0000E920D930E980C900D980B900F98C16A3C
:1060D000406B884203D3FFE700201190CFE00D987A
:1060E0000F9AD16A526B891A02F04AFA0D900D98F4
:1060F0000B90FFE70B98002800F0BE80FFE70F9899
:1061000090F832004007002808D5FFE70F98C06BD1
:106110001099896EC969884238D1FFE70F9890F8C5
:106120003200C006002823D4FFE71098DDF83CC0F9
:106130000CF14002DCF82830DCF82C10DCF834E0FC
:106140000CF138040CF13C05EC46CCF80C50CCF8C2
:106150000840CCF804E0CCF800100021FCF75EFD0C
:106160000A900A9818B1FFE70A98119087E007E0B3
:106170000F996FF0010088630F99486BC863FFE7C0
:106180000F99086B40F480200863FFE70B98109983
:10619000896EC9690F9AD26B891A02F0F1F90990D8
:1061A0000F9890F83200C006002831D5FFE710980C
:1061B000DDF83CC00CF108010CF14003826ED2699D
:1061C000BCF8044040F2000EC2F2100E4EEA842EDB
:1061D000DCF83C400C9D099EEC46CCF81460CCF8F1
:1061E0001050CCF80C40CCF808E04FF6004ECFF63B
:1061F000F77ECCF804E0CCF800200022FEF73EF950
:106200000890089818B1FFE70898119037E020E04F
:106210001098DDF83CC00CF14002816ECB69DCF8CF
:106220003810DCF83CE00C9C099DEC46CCF80C5096
:10623000CCF80840CCF804E0CCF800100021FCF7C2
:10624000D5F90790079818B1FFE70798119016E065
:10625000FFE7099A0F99486B10444863099A0F9910
:10626000C86B1044C86309990C9808440C900999AC
:106270000B98401A0B903DE70D981190FFE711988D
:1062800012B070BD70B592B010900F910E920D9338
:106290000E980C900D980B900F9890F83200C00655
:1062A00000281DD5FFE70F98C16A406B0B9A104478
:1062B00002F054F91099C96F884211D9FFE710987C
:1062C0000F9900F007FB0A900A9840B1FFE70F9979
:1062D000086B40F4002008630A981190E3E0FFE7A0
:1062E000FFE70B98002800F0DB80FFE70F9890F89D
:1062F00032008007002808D5FFE70F98C06B10997F
:10630000896EC969884272D1FFE70F9890F8320010
:10631000C00600285DD4FFE70F9890F83200800790
:10632000002831D4FFE70F98406B68B3FFE710985F
:106330000F9901F140028B6AD1F82CC0D1F834E0FA
:10634000AEF1010401F1380500210891EE4608AED6
:10635000CEF80C60CEF80850CEF80440CEF800C05D
:10636000FCF75CFC0990099840B1FFE70F99086BB6
:1063700040F4002008630998119094E010980F9958
:106380004031FCF7D5FAFFE71098FBF775FE109A3D
:10639000DDF83CE05EF8383F0EF108015EF8040CD1
:1063A0000EF10404EC46CCF80840CCF804E0CCF83C
:1063B00000001046FCF70CFB0790079840B1FFE780
:1063C0000F99086B40F400200863079811906AE069
:1063D00007E00F996FF0010088630F99486BC8635D
:1063E000FFE70F99086B40F400300863FFE70B9854
:1063F0001099896EC9690F9AD26B891A02F0C0F898
:106400000690FFE7109A0F9B03F14001986BD3F8B9
:106410003CC0DDF830E0069C6B46DC60C3F808E069
:10642000C3F804C0186001231046FCF70BF8059070
:10643000059868B1FFE70598543008B9FFE708E010
:106440000F99086B40F400200863059811902AE02A
:1064500010E010980F9900F0C5FA0590059840B12A
:10646000FFE70F99086B40F400200863059811902E
:1064700019E0C7E7069A0F99486B10444863069ADB
:106480000F99C86B1044C86306990C9808440C9087
:1064900006990B98401A0B901098FBF7EDFD20E73A
:1064A0000D981190FFE7119812B070BD80B588B0BB
:1064B000DDF828C006900591049203930020029015
:1064C000029818B1FFE70298079022E00698806AC8
:1064D000059902F073F808B9FFE70BE04DF62C4080
:1064E000C0F601004EF25D11C0F6010141F2FA72F0
:1064F000EAF754F806980599049A039BDDF828C03A
:10650000EE46CEF800C000F007F80290029807901F
:10651000FFE7079808B080BD80B598B0DDF868C087
:1065200016901591149213939DF84C008007002843
:106530000BD5FFE7169801F023F81290129818B1C6
:10654000FFE712981790C1E1FFE71A9815990865BF
:106550001398159908631599002048631599C86325
:106560001599C8641698159A02F10801131D14AA0A
:10657000FDF7AAFD10901098B0F1FF3F0CDCFFE78B
:106580001098023028B9FFE7149802F075FB18B98B
:10659000FFE7109811908DE11599012088711698E8
:1065A000159901F0FFFF1098023000285DD1FFE738
:1065B0009DF84D00C00720B9FFE76FF00100119072
:1065C00078E1149802F048FB20B1FFE76FF0130068
:1065D00011906FE1149802F06BFB0F900F981699D1
:1065E000096F884204D9FFE76FF02300119061E141
:1065F0001698159A02F1080193880022C4F210023D
:1066000042EA8322099200220A92159BB3F804C041
:106610000F9B43EA8C2343F480130B93149B0C933E
:10662000159BB3F804C00023C2F2100343EA8C2385
:106630000D930E9209AA0323FCF71EFD11901198E9
:106640001C3020B9FFE76FF02300059002E011989D
:106650000590FFE705981190119808B1FFE729E12F
:106660000020C2F2100010904DE09DF84D00800710
:10667000002804D5FFE76FF0100011901AE1109880
:1066800002F0F0FB012804D0FFE76FF01400119036
:1066900010E19DF84D00400700280ED5FFE7159842
:1066A00081880020C2F2100040EA812010901599E4
:1066B000086B40F48030086322E01698159A02F1C6
:1066C0000801B2F804C00823C2F2000343EA8C2395
:1066D0002832EC46CCF800204FF60042C7F20F02F9
:1066E000FDF772FE10901098B0F1FF3F03DCFFE75A
:1066F00010981190DEE015982830FCF7FFFAFFE7BC
:10670000FFE7FFE7FFE700200890FFE708981599EB
:10671000096D896888425BD2FFE7159890F83000D0
:10672000C00788B3FFE71698159B03F108011A6D9F
:106730005268DDF820C00CEB4C0E02EB8E0C12F808
:106740002E2012059B8842EA8323DCF80420DCF823
:1067500008C043EA0C0343F04053EC46CCF8002059
:106760004FF60042C7F6FF72FDF72EFE079007981E
:10677000B0F1FF3F07DCFFE70798023018B1FFE7F1
:106780000798119096E0FFE7159890F83000800781
:10679000002818D5FFE71598006D4068089901EBAF
:1067A000410100EB810080681699896F884204D905
:1067B000FFE76FF01B0011907CE01599086B40F427
:1067C00080300863FFE7FFE70898013008909DE7F5
:1067D0001598006D006828B1FFE71599086D0068ED
:1067E000C8640FE01698806E806A01F0AFFE1599BC
:1067F000C8641598C06C20B9FFE76FF00B001190CA
:1068000058E0FFE7169815994031FCF791F8109879
:1068100002F028FB40F20121884248D1FFE7159998
:106820006FF001008862109802F0FAFA1599C862B8
:106830001599086B40F4801008631599886A0864FC
:106840001599002048641698806E806A15998864AE
:106850001598C06A50B3FFE716980490159800F198
:106860000801039181880291806C40F2FE3101F0B1
:1068700087FE029B03990246049842EA832242F073
:106880000053159AD26CEC46CCF800204FF600422B
:10689000C7F20F02FDF798FD06900698B0F1FF3F92
:1068A00003DCFFE70698119004E0FFE7FFE7002014
:1068B00017900BE01599086B40F4002008631698B8
:1068C0001599FFF7EDFA11981790FFE7179818B090
:1068D00080BD000080B584B0029001910199486BA1
:1068E000C8630298FBF7C8FB0298019900F07AF898
:1068F0000090009818B1FFE70098039007E0019915
:10690000086B20F48010086300200390FFE70398D1
:1069100004B080BD80B588B00690059104920393C1
:1069200000200290029818B1FFE7029807901DE03E
:106930000698806A059901F041FE08B1FFE70BE077
:106940004DF62D40C0F601004EF25D11C0F601017A
:1069500041F62B02E9F722FE06980599049A039B5B
:1069600000F008F8019001980790FFE7079808B039
:1069700080BD000080B586B004900391029201931F
:10698000039890F83000C00708B1FFE70BE04EF223
:106990000310C0F601004EF25D11C0F6010140F691
:1069A000E252E9F7FBFD039890F8320080070028D7
:1069B0000CD5FFE704980399FFF78CFA0090009834
:1069C00018B1FFE70098059008E0FFE704980399E5
:1069D000029A019BFFF770FB0590FFE7059806B050
:1069E00080BD0000B0B58EB00C900B91FFE70C9805
:1069F0000AA9FBF7C7FA0990099818B1FFE70998A7
:106A00000D90D6E00C980A99FBF75AFC099009986A
:106A100040B1FFE70998543008B9FFE7B0E00998A2
:106A20000D90C6E000200890FFE708980B99C96B0D
:106A3000884280F08180FFE70B9890F83200C00612
:106A4000002832D5FFE70C98DDF82CC00CF10801C6
:106A50000CF14003DCF83C20089C121BBCF804E05D
:106A600040F2000CC2F2100C4CEA8E2EEC460125CE
:106A7000CCF814500DF11F05CCF81050CCF80C4098
:106A8000CCF808E04FF6004ECFF6F77ECCF804E0E5
:106A9000CCF800200022FDF7F1FC0990099818B10C
:106AA000FFE709980D9084E020E00C9A0B9B03F11E
:106AB0004001986BDB6BDDF820E0A3EB0E03EC46A6
:106AC0000124CCF80C400DF11F04CCF80840CCF8A0
:106AD00004E0CCF800001046FBF788FD0990099807
:106AE00018B1FFE709980D9063E0FFE70C9A02F1F7
:106AF00010010A98DDF820E0EC460123CCF80C30B8
:106B00000DF11F04CCF80840CCF804E0CCF80000EC
:106B10001046FBF797FC0990099840B1FFE70998E8
:106B2000543008B9FFE72BE009980D9041E0FFE7EA
:106B300008980130089078E70B98C06C0C9AD169DE
:106B4000926E926AE9F7B4FD0C9800690B9908649B
:106B50000C9840690B9948640C9880690B9988647B
:106B60000C9800F11001FBF7E3FE0A980B9988637B
:106B70000B99086B40F40030086300200D9018E07A
:106B80000A9B4CF6AC70C0F60100694608604DF6F1
:106B90002C20C0F601004EF25D11C0F6010140F656
:106BA000FF42E9F7B7FC0C9800F11001FBF7B6FEC5
:106BB0001DE70D980EB0B0BD80B58EB00C900B9156
:106BC0000B9890F832000007002803D5FFE700205B
:106BD0000D908CE00C980B99FFF77CF90A900A98BD
:106BE00040B1FFE70B99086B40F4002008630A9856
:106BF0000D907CE00B9890F83200C007002873D00D
:106C0000FFE70B98083001F0C3FF00286CD1FFE7C5
:106C10000B9890F83200C00600280FD4FFE70C9ABA
:106C200002F1100100231046FBF742FE0A900A9879
:106C300018B1FFE70A980D9059E0FFE70B9890F81C
:106C40003200C00600280BD5FFE740F20120ADF866
:106C500026000B98C06C08900B98C06A079011E052
:106C600040F20220ADF826000B99886AC96A0691A5
:106C7000059005A80090FCF78DF800980890082072
:106C80000790FFE70C980B9B03F10801BDF8262045
:106C900012059B8842EA8322079B1A430192089AB5
:106CA00002920B9A9388126D926842EA832242F014
:106CB000815203920B9A126D5268049201AA022328
:106CC000FCF7DAF90A900A9840B1FFE70B99086BD4
:106CD00040F4002008630A980D9008E00B99086BB7
:106CE00020F480300863FFE700200D90FFE70D9847
:106CF0000EB080BD80B588B00690059104920393D4
:106D000000200290029818B1FFE7029807901DE05A
:106D10000698806A059901F051FC08B1FFE70BE085
:106D20004DF62D40C0F601004EF25D11C0F6010196
:106D300041F63D02E9F732FC06980599049A039B57
:106D400000F008F8019001980790FFE7079808B055
:106D500080BD000080B58AB0089007910692059327
:106D6000079890F830008007002801D5FFE70BE076
:106D70004EF23010C0F601004EF25D11C0F6010176
:106D800040F64962E9F70AFC079890F8320040079C
:106D900000280CD5FFE708980799FFF79BF80490A7
:106DA000049818B1FFE70498099064E0FFE707989A
:106DB00090F83100000700280AD5FFE70798C16A5C
:106DC000406B884204D2FFE70799C86A4863FFE72F
:106DD0000798406B059908440899496F884204D97F
:106DE000FFE76FF01A00099045E0079890F832002D
:106DF0008007002828D4FFE70798C16A406B8842C3
:106E000022D9FFE70798406B03900799C86A486347
:106E1000FFE70798406B0399884214D2FFE7089870
:106E2000079900228DF807200DF107020123FFF7D3
:106E300029FA02900298B0F1FF3F03DCFFE70298C5
:106E4000099018E0E5E7FFE708980799069A059B7F
:106E5000FFF718FA00900098B0F1FF3F03DCFFE75E
:106E60000098099007E00799086B20F40020086358
:106E700000980990FFE709980AB080BD80B584B0FA
:106E80000290019100200090009818B1FFE700984F
:106E9000039007E00298019900F008F8009000982C
:106EA0000390FFE7039804B080BD000080B59CB05C
:106EB0001A901991002018901A98199900F052FF11
:106EC0001890189818B1FFE718981B908DE0199842
:106ED000006A08B1FFE70BE04DF62050C0F6010054
:106EE0004EF25D11C0F6010141F22A12E9F756FB9C
:106EF0001A99486E896EC96AE9F759FC1A990020F7
:106F0000019048651A99886EC96EC06AC00001F088
:106F100037FB014601981A9A91651A99C8651A9823
:106F2000FBF7AAF81A9810A9FCF732F818901898ED
:106F300008B1FFE753E01A9800F006FB0A901A9890
:106F4000806EC0690B901A98C06E0C901A98006FF2
:106F50000D901A98406F0E901A98806F0F900AA8A3
:106F6000009001F0FDFE00991A980022C4F2100270
:106F70000492002205920822C0F6F07206924EF2A8
:106F8000C522C0F6010207921822C2F2100208922E
:106F9000099110A904AA0323FCF76EF81890189819
:106FA00008B1FFE71BE000238DF856301A9810A9AE
:106FB0001A46FCF761F81890189808B1FFE70EE040
:106FC0001A98002102910121039110A902AAFCF74D
:106FD000C5FC1890189808B1FFE700E0FFE71A9881
:106FE000FBF76AFF18981B90FFE71B981CB080BD49
:106FF00080B582B001900198E9F7DEF902B080BD5A
:1070000081B00090009800BA01B0704781B0009044
:10701000009801B07047000080B594B012901298AB
:107020003C3000F011FE18B9FFE70020139069E032
:107030001299C86B0A6C0492496C059101F0D2FE5A
:10704000049B024605984CF6AC7CC0F6010C6946E0
:10705000C1F808C04A6008604DF64E20C0F6010035
:107060004EF25D11C0F6010141F25F32E9F752FACA
:107070001298C06B01F0F6FE40F2FF41884201D148
:10708000FFE70BE04EF2D200C0F601004EF25D11B8
:10709000C0F6010141F26332E9F780FA129800F17B
:1070A00040020AA9FCF75AFC0990099818B1FFE7B9
:1070B0000998139026E01298C06B01F093FEADF88A
:1070C0002200129840F2FF310022039200F078FB78
:1070D00003991298BDF822300022C4F6F07242EAF9
:1070E0008322069207910AA906AA0123FBF7C4FF8F
:1070F0000990099818B1FFE70998139002E0002061
:107100001390FFE7139814B080BD000010B5B8B01D
:1071100036908DF8D7103698303000F0BDFD18B994
:10712000FFE700203790A6E100203490FFE7349875
:10713000012800F39381FFE74CF69C01C0F60101A2
:107140000D9108684A688B68D1F80CC0D1F810E03E
:107150004C693194CDF8C0E0CDF8BCC02E932D928F
:107160002C908869C9693391329000208DF88F0086
:10717000FFE72CA8183001F00BFD002840F05F81DC
:10718000FFE736982CA901F1180224A9FCF7E6FBC9
:107190002290229818B1FFE7229837906BE19DF872
:1071A000C700C007002840F03581FFE736982CA9BA
:1071B00018311AAA00F00CFA19901998B0F1FF3F93
:1071C00007DCFFE71998023018B1FFE719983790EC
:1071D00051E13498002840F0BD80FFE71998023053
:1071E000002800F0B780FFE73698199B6A4617A978
:1071F00011601AA94FF60042C7F6FF72FDF7E4F8D6
:1072000016901698B0F1FF3F03DCFFE71698379011
:1072100031E117A80C9001F0A9FC0C982CA91831A9
:1072200001F0CCFC002840F09480FFE7329B3398BB
:10723000179ADDF860C04CF6AC7EC0F6010E6946C8
:10724000C1F80CE0C1F808C04A6008604DF6E820BB
:10725000C0F601004EF25D11C0F6010141F2AC3200
:10726000E9F758F940F2FF30ADF856003698303063
:107270002CA900F0F5FC30B3FFE73698006B01F065
:10728000B1FDADF856002C9B2D98BDF856204CF65C
:10729000AC7CC0F6010C6946C1F808C04A600860C1
:1072A0004DF2B170C0F601004EF25D11C0F6010161
:1072B00041F2B632E9F72EF9369840F2FF3100225A
:1072C00000F07EFAFFE717A801F0B4FC36980990A9
:1072D00011A801460A910B90BDF8560040F2FF310B
:1072E000884209D0FFE7BDF856100020C4F6F070C0
:1072F00040EA8120089002E000200890FFE709980A
:107300000A9A0B9B08991960002151604FF60841B9
:10731000C6F20F01916017A90791D1602CA911AA9B
:107320000223FDF7B3FA01460798169101F01EFCFF
:107330001698B0F1FF3F03DCFFE7169837909AE00C
:107340001698032804D1FFE701208DF88F00FFE78E
:107350000FE7FFE7349801285BD1FFE71998023067
:10736000002856D1FFE79DF8D700C007002850D06D
:10737000FFE7329B33984CF6AC72C0F601026946C7
:107380004A6008604DF65A30C0F601004EF25D11B9
:10739000C0F6010141F2D532E9F7BCF8369800F1A8
:1073A000480224A9FDF738F82290229818B1FFE787
:1073B000229837905FE024A81830069001F03AFC3C
:1073C000069936989DF8A72002F001034FF608426F
:1073D000C6F20F0242EA03520E920F912CA90EAA96
:1073E0000123FDF753FA01460698109101F0BEFB08
:1073F0001098B0F1FF3F03DCFFE7109837903AE0B8
:107400001098032804D1FFE701208DF88F00FFE7D3
:10741000AFE6FFE724982599269A279BDDF8A0C0C0
:10742000DDF8A4E0CDF8C4E0CDF8C0C02F932E92D3
:107430002D912C902A982B993391329099E69DF8B2
:107440008F00C00718B1FFE70020059003E03498D3
:1074500001300590FFE70598349068E6369804906F
:10746000303000F0E7FB01460498494249B200F091
:10747000EDF93790FFE7379838B010BD80B598B078
:1074800016901698303000F02DFC18B9FFE7002058
:10749000179055E01698036A406A4CF6AC72C0F635
:1074A000010269464A6008604DF62830C0F60100C6
:1074B0004EF25D11C0F6010141F23632E9F72AF8C9
:1074C000169800F120020EA9FCF748FA0D900D98CD
:1074D00018B1FFE70D98179032E0169800F034F8D5
:1074E00007901698806EC06908901698C06E099033
:1074F0001698006F0A901698406F0B901698806F40
:107500000C9007A8049001F02BFC049916981822FF
:10751000C2F21002059206910EA905AA0123FBF7FB
:10752000ABFD0D900D9818B1FFE70D98179007E08F
:1075300016980021039100F0D7F903981790FFE700
:10754000179818B080BD000081B000900120C0F2F3
:10755000020001B07047000080B582B00190019830
:10756000FFF7F2FF000C02B080BD000080B582B0D2
:1075700001900198FFF7E8FF80B202B080BD0000E3
:1075800080B584B002900298FFF778FF01900198CF
:1075900018B1FFE70198039017E00298FFF73CFD50
:1075A0000190019818B1FFE7019803900DE002984F
:1075B0000121FFF7ABFD0190019818B1FFE7019899
:1075C000039002E000200390FFE7039804B080BD21
:1075D00080B592B010900F910E920E9900208861A4
:1075E0000E9A0121D1614CF65C0CC0F6010CDCF85E
:1075F0000010DCF80420DCF80830DCF80CC0CDF812
:1076000034C00C930B920A910990FFE70E98183042
:1076100001F0BEFAE0BBFFE70E980AA901F03AFCC0
:1076200009900998B0F1FF3F03DCFFE7099811903A
:1076300032E010980E9901F1180205900F9B1B681B
:1076400006930F9B5B680793EC4605ABCCF80C30B8
:1076500047F2A163C0F60103CCF808300023CCF850
:1076600004300823C2F20003CCF8003040F2FF33AC
:10767000C7F6F073FCF78AF90890089838B1FFE76D
:107680000898023018B1FFE70898119004E0BDE7B0
:107690006FF001001190FFE7119812B080BD00005B
:1076A00010B590B00E900D910C920E980B900B9817
:1076B00000680A900C9809900A9A02F11001906EE5
:1076C000C369DDF824C0DCF80000DCF804E0EC4617
:1076D0000824CCF80C4007ACCCF80840CCF804E007
:1076E000CCF800001046FAF781FF0690069818B112
:1076F000FFE706980F900DE007A8059001F036FA15
:1077000005980B99043101F003FA002818BF0120F5
:107710000F90FFE70F9810B010BD000080B58AB041
:10772000089007910692069900208861069A012127
:10773000D1614CF66C0CC0F6010CDCF80010DCF8E2
:107740000420DCF80830DCF80CC0CDF814C0049339
:10775000039202910190FFE70698183001F018FAA1
:1077600030BBFFE7069802A901F094FB0190019855
:10777000B0F1FF3F04DCFFE76FF0530009901BE01E
:1077800006981830079901F0C3F918B9FFE70020EF
:10779000099011E00898069901F11802FCF7DEF84B
:1077A0000090009818B1FFE70098099004E0D3E733
:1077B0006FF001000990FFE709980AB080BD000052
:1077C00087B00690ADF8161004920698006B6FF320
:1077D0009E200390BDF8160040F2FF31884209D088
:1077E000FFE7BDF816100020C4F6F07040EA8120D3
:1077F000029002E000200290FFE7039802990843FC
:1078000006990863BDF8160040F2FF31884204D0A3
:10781000FFE704980068019002E000200190FFE774
:10782000019806994863BDF8160040F2FF3188427E
:1078300004D0FFE704984068009002E00020009028
:10784000FFE700980699886307B0704780B584B059
:1078500003908DF80B100398006B01F0E1FA28B942
:10786000FFE79DF90B00002801D4FFE70BE04DF680
:107870001470C0F601004EF25D11C0F6010141F234
:107880001A32E8F78BFE0398006B01F0C9FAB0F5E5
:10789000FF7F05D9FFE79DF90B00002801DCFFE71A
:1078A0000BE04DF63F50C0F601004EF25D11C0F600
:1078B000010141F21B32E8F771FE9DF90B2003999B
:1078C000086B10440863039850F8301F21F0004102
:1078D000019100F0E1F90146019840EAC170039975
:1078E0000863002004B080BD82B001908DF80310C1
:1078F0000199086B20F400709DF8032002F001024A
:1079000040EA4220086302B07047000080B584B0AE
:10791000029000230193029847F64111C0F601013D
:1079200001AA00F019F80090009818B1FFE700983C
:10793000039002E001980390FFE7039804B080BD34
:1079400083B002900191029800900099086801307C
:107950000860002003B0704710B5A2B020901F91BE
:107960001E928DF877304CF6DC01C0F601010491CF
:1079700008684A688B68D1F80CC0D1F810E04C69EF
:107980001A94CDF864E0CDF860C017931692159064
:107990008869C9691C911B904CF68C03C0F60103E1
:1079A000186859689A68DB681493139212911190C1
:1079B00000201090FFE715A8183001F0E9F8002822
:1079C00040F0B680FFE715A811A901F063FA109006
:1079D0001098B0F1FF3F04DCFFE76FF053002190F7
:1079E0000DE100200F90FFE70F98012814DCFFE75E
:1079F0001F9A1E980F9B15A901EB83018969904777
:107A00000E900E9818B1FFE70E982190F7E0FFE76F
:107A10000F9801300F90E7E7209815A901F118029F
:107A2000FBF79CFF0D900D9818B1FFE70D98219082
:107A3000E5E00020ADF83200FFE7BDF83200BDF808
:107A40006810884273DAFFE72098BDF832200821D9
:107A5000C2F2000141EA82236A460AA9116015A90F
:107A60004FF60042C7F20F02FCF7AEFC09900998EE
:107A7000B0F1FF3F08DCFFE70998023008B9FFE7E3
:107A80004FE009982190BAE00AA8FBF737F9099866
:107A900001F0E8F940F20221884219D1FFE7209A6B
:107AA0000A9B0B98DDF87CC0DDF878E06946C1F8E8
:107AB00008E0C1F804C0086000211046FBF77CF91B
:107AC0000D900D9818B1FFE70D98219097E027E0F1
:107AD0009DF87700C00710B3FFE7099801F0C2F9DD
:107AE000B0F5007F1BD1FFE700200890FFE7089862
:107AF000012813DCFFE71F9A1E98089B0AA951F87A
:107B0000231090470D900D9818B1FFE70D98219024
:107B100075E0FFE7089801300890E8E7FFE7FFE726
:107B2000FFE7BDF832000130ADF8320085E742E7EB
:107B30002098806A0790FFE7079800285CD0FFE74D
:107B400007988079012801D0FFE751E0079890F865
:107B50003200C00710B3FFE7079890F83200C00664
:107B600000281BD4FFE7209A079800F14001836AA0
:107B7000C06ADDF87CE01E9CEC46CCF80840CCF8EE
:107B800004E0CCF800001046FBF716F906900698C2
:107B900018B1FFE70698219031E0FFE7079890F8C9
:107BA00032008007002822D5FFE7079890F83200BE
:107BB000C00600281BD4FFE7209A079B03F1400171
:107BC000586B9B6BDDF87CE01E9CEC46CCF80840C3
:107BD000CCF804E0CCF800001046FBF7EDF8059077
:107BE000059818B1FFE70598219008E0FFE7FFE747
:107BF0000798006807909FE700202190FFE72198F1
:107C000022B010BD80B582B0019001980068FFF7E6
:107C1000FDF90199086001984068FFF7F7F90199AB
:107C2000486001988068FFF7F1F90199886002B017
:107C300080BD000080B582B001900198006801F01D
:107C4000EFF8C0B202B080BD80B582B0019001985B
:107C5000006801F0F7F8002818BF012002B080BDCD
:107C600080B584B0039002910398006801F0EAF8AF
:107C700001460020019051B1FFE7039804300299BA
:107C800000F046FFB0FA80F040090190FFE701984C
:107C900000F0010004B080BD80B582B00190019871
:107CA000006801F0BDF8002818BF012002B080BDB7
:107CB00082B00190019801680020009069B9FFE747
:107CC000019841680020009039B9FFE70198806869
:107CD000B0FA80F040090090FFE7009800F0010042
:107CE00002B0704780B582B001900198006801F041
:107CF00097F80246500A0021B1EB522F18BF01201D
:107D000002B080BD80B582B001900198006801F09A
:107D1000B9F8019908600198406801F0B3F8019939
:107D200048600198806801F0ADF80199886002B060
:107D300080BD000082B00190009100980268019916
:107D400008685040086000984268019948685040AF
:107D5000486000988268019988685040886002B045
:107D60007047000080B59EB01C901B911B981C9919
:107D700088661B98006A1C99C86600201A901C9897
:107D8000806E406808B1FFE70BE04DF67B40C0F61F
:107D900001004EF25D11C0F6010141F27602E8F7F2
:107DA000FDFB1C98806E806808B1FFE70BE04DF684
:107DB000F040C0F601004EF25D11C0F6010141F243
:107DC0007802E8F7EBFB1C98806EC06808B1FFE70B
:107DD0000BE04DF68F40C0F601004EF25D11C0F68B
:107DE000010141F27902E8F7D9FB1C98806E006925
:107DF00008B1FFE70BE04DF66740C0F601004EF218
:107E00005D11C0F6010141F27A02E8F7C7FB1C9848
:107E1000806E406908B1FFE70BE04DF6A440C0F664
:107E200001004EF25D11C0F6010141F27F02E8F758
:107E3000B5FB1C98806E806908B1FFE70BE04DF63A
:107E4000D740C0F601004EF25D11C0F601014FF4BB
:107E50008452E8F7A3FB1C98806E806A08B1FFE7A4
:107E60000BE04DF6BD40C0F601004EF25D11C0F6CC
:107E7000010141F28102E8F791FB1C98806E416993
:107E8000826AB2FBF1F000FB112008B9FFE70BE0BA
:107E90004DF67550C0F601004EF25D11C0F60101BD
:107EA00041F28502E8F77AFB1C98806E8169826A4C
:107EB000B2FBF1F000FB112008B9FFE70BE04DF633
:107EC0002360C0F601004EF25D11C0F6010141F2DF
:107ED0008602E8F763FB1C98806EC269816AB2FB78
:107EE000F1F000FB112008B9FFE70BE04DF6F2506E
:107EF000C0F601004EF25D11C0F6010141F28702A9
:107F0000E8F74CFB1C98806EC069802801D3FFE71E
:107F10000BE04EF2B600C0F601004EF25D11C0F665
:107F2000010141F28A02E8F739FB1C98806EC069B2
:107F3000A0F108014FF0FF30B0FBF1F000F0DEFDE2
:107F400001461C98806EC069B0EB810F01D3FFE73A
:107F50000BE04EF2C310C0F601004EF25D11C0F608
:107F6000010141F28E02E8F719FB1C98806E406A0D
:107F700008B1FFE70BE04DF60450C0F601004EF2E9
:107F80005D11C0F6010141F29602E8F707FB1C986B
:107F9000806E006B40B1FFE71C98806EC169006B7A
:107FA000B0EB510F01D3FFE70BE04DF67670C0F652
:107FB00001004EF25D11C0F6010141F29D02E8F7A9
:107FC000EDFA1C98806E016B0120109059B1FFE70B
:107FD0001C98806EC269016B0020B1EB520F28BF64
:107FE00001201090FFE710981C98806E006B013004
:107FF00038B1FFE71C98806EC169006B884201D8D8
:10800000FFE70BE04EF23220C0F601004EF25D11A8
:10801000C0F6010141F29F02E8F7C0FA1C98806E99
:10802000016B012001310F9051B1FFE71C98806E68
:10803000C269016B0020914298BF01200F90FFE7B9
:108040000F981C98806EC06C50B1FFE71C98806E32
:108050004169C26CB2FBF1F000FB112008B9FFE7E7
:108060000BE04DF6A550C0F601004EF25D11C0F6D2
:10807000010141F2A402E8F791FA1C98806EC16CEC
:1080800001200E9069B1FFE71C98806E4169C26CB7
:10809000B2FBF1F000FB1120B0FA80F040090E9025
:1080A000FFE70E981C98806EC06C50B1FFE71C98DB
:1080B000806E8169C26CB2FBF1F000FB112008B93F
:1080C000FFE70BE04DF67960C0F601004EF25D115E
:1080D000C0F6010141F2A602E8F760FA1C98806E32
:1080E000C16C01200D9069B1FFE71C98806E816919
:1080F000C26CB2FBF1F000FB1120B0FA80F0400935
:108100000D90FFE70D981C98806EC06C50B1FFE792
:108110001C98806EC269C16CB2FBF1F000FB1120AB
:1081200008B9FFE70BE04DF6C660C0F601004EF25D
:108130005D11C0F6010141F2A802E8F72FFA1C9880
:10814000806EC16C01200C9069B1FFE71C98806EB5
:10815000C269C16CB2FBF1F000FB1120B0FA80F0F3
:1081600040090C90FFE70C981C98806E406B28B17A
:10817000FFE71C99886E406BC8600FE01C98806E0A
:10818000806A00F0E3F91C99C8601C98C06820B9A7
:10819000FFE76FF00B001A90CEE1FFE71C98806EAE
:1081A000806B28B1FFE71C99886E806BC8610FE077
:1081B0001C98806E806A00F0C9F91C99C8611C98EF
:1081C000C06920B9FFE76FF00B001A90B4E1FFE738
:1081D0001C990846FAF7ACFB1C9800F11001FAF75D
:1081E000A7FB1C98806EC06A08B1FFE70BE04DF654
:1081F0004A70C0F601004EF25D11C0F6010141F275
:10820000C602E8F7CBF91C98806EC06B28B1FFE777
:108210001C99886EC06B48660FE01C98806EC06A1F
:1082200000F094F91C9948661C98406E20B9FFE74D
:108230006FF00B001A907FE1FFE71C98806E006CD6
:10824000FF2801D8FFE70BE04DF6EC70C0F6010007
:108250004EF25D11C0F6010141F2D202E8F79EF93B
:108260001C99886E006C08671C98006F20B9FFE7A6
:108270001C99FF200867FFE71C98806E406C00285F
:1082800001D4FFE70BE04EF20600C0F601004EF20B
:108290005D11C0F6010141F2D802E8F77FF91C999F
:1082A000886E406C48671C98406F28B9FFE71C999E
:1082B0006FF000404867FFE71C98806E806C40F2CA
:1082C000FE31884201D8FFE70BE04DF6CA70C0F6D8
:1082D00001004EF25D11C0F6010141F2DE02E8F745
:1082E0005DF91C99886E806C88671C98806F28B92E
:1082F000FFE71C9940F2FE308867FFE71C98806E0C
:10830000C169C06C884201D8FFE70BE04EF29120B2
:10831000C0F601004EF25D11C0F6010141F2E40227
:10832000E8F73CF91C98806E006D013038B1FFE72A
:108330001C98806E816A006D884201D8FFE70BE0CF
:108340004EF26C10C0F601004EF25D11C0F6010154
:1083500041F2E702E8F722F91C98806E016D0120D6
:1083600001310B9051B1FFE71C98806E826A016D5C
:108370000020914298BF01200B90FFE70B981C98BA
:10838000806E006D013038B1FFE71C99886E896FEF
:10839000006D884201D8FFE70BE04EF25430C0F682
:1083A00001004EF25D11C0F6010141F2E902E8F769
:1083B000F5F81C98806E016D012001310A9051B1D1
:1083C000FFE71C99886E8A6F016D0020914298BF6B
:1083D00001200A90FFE70A981C98806E006D01301A
:1083E000B8B1FFE71C98816EC86C096D099128B17E
:1083F000FFE71C98806EC06C089004E01C98806EAB
:10840000C0690890FFE709980899B0EBD10F01D82F
:10841000FFE70BE04EF22700C0F601004EF25D11BF
:10842000C0F6010141F2ED02E8F7B8F81C98806E41
:10843000016D012001310790D1B1FFE71C98816ED9
:10844000C86C096D069128B1FFE71C98806EC06C5E
:10845000059004E01C98806EC0690590FFE70699BE
:10846000059A0020B1EBD20F98BF01200790FFE7DB
:1084700007981C99886E006DC8671C98C06F013002
:1084800020B9FFE71C990020C86723E01C98C06F43
:10849000F8B9FFE71C99886E896F0391816A04918E
:1084A000C06C28B1FFE71C98806EC06C029004E09D
:1084B0001C98806EC0690290FFE703980299C90872
:1084C00000F05EF80146049800F05AF81C99C8675D
:1084D000FFE7FFE71C994FF0FF3008621C994862E4
:1084E0001C990020019088621C99C8621C9A179000
:1084F000199018901799189BDDF864C0C2F844C011
:108500001364D1631C9A1490169015901499159BBE
:10851000DDF858C0C2F838C0536311631C9A11903B
:10852000139012901199129BDDF84CC0C2F850C004
:10853000D36491641D9005E01C98FAF7BDFC1A986D
:108540001D90FFE71D981EB080BD000080B582B071
:1085500001900198E7F701FF02B080BD83B002905F
:10856000019102980199884203D9FFE7029800908F
:1085700002E001980090FFE7009803B07047000008
:1085800083B00290019102980199884203D2FFE7DB
:108590000298009002E001980090FFE7009803B075
:1085A0007047000082B0019000910198806A0099A4
:1085B000086000980199886202B0704784B0029008
:1085C000019102A80090FFE70098006878B1FFE7EA
:1085D000009800680199884204D1FFE701208DF8D6
:1085E0000F0008E0FFE7009800680090ECE700202B
:1085F0008DF80F00FFE79DF80F0004B070470000F2
:1086000083B002900191029828300090FFE7009813
:10861000006880B1FFE7009800680199884205D1A1
:10862000FFE7009908680068086004E0FFE7009829
:1086300000680090EBE703B07047000080B584B09D
:108640000290019100200090009818B1FFE7009877
:10865000039007E00298019900F008F80090009854
:108660000390FFE7039804B080BD000010B5AAB0E6
:108670002890279128982799FFF774FB2690269831
:1086800018B1FFE72698299035E24CF6BC01C0F6F8
:1086900001010D9108684A688B68D1F80CC0D1F8C7
:1086A00010E04C692394CDF888E0CDF884C0209385
:1086B0001F921E908869C969259124904CF67C030D
:1086C000C0F60103186859689A68DB681D931C920C
:1086D0001B911A90FFE71EA8183000F059FA0028E5
:1086E00040F0C481FFE71EA81AA900F0D3FB269032
:1086F0002698B0F1FF3F01DCFFE7F6E128981EA9BC
:1087000001F1180216904EF2C523C0F6010317932B
:1087100008231893EC4616ABCCF80C3044F2253302
:10872000C0F60103CCF808300023CCF8043008234D
:10873000C0F6F073CCF800304FF60043C7F6FF7375
:10874000FBF724F919901998B0F1FF3F03DCFFE71C
:1087500019982690C9E11998002800F07B81FFE75D
:10876000199800F047FB002840F07481FFE71E983D
:10877000289908621F982899486228986A4610A983
:1087800011601EA94FF60042C7F6FF721823C2F20D
:108790001003FBF719FE19901998B0F1FF3F03DCA5
:1087A000FFE719982690A0E110A800F0AFFABDF8F5
:1087B0004200ADF83E001098ADF83C00BDF83E0018
:1087C0000C902898FEF7C8FE01460C9888420BD101
:1087D000FFE7BDF83C000B902898FEF7C7FE014666
:1087E0000B9888422CDDFFE7BDF83E000990BDF8EC
:1087F0003C000A902898FEF7AFFE08902898FEF7F4
:10880000B5FE089A099B84460A984CF6AC7EC0F6E1
:10881000010E6946C1F80CE0C1F808C04A60086062
:108820004DF61910C0F601004EF25D11C0F60101BF
:1088300041F2B712E7F76EFE6FF01500269054E193
:1088400000208DF83B00BDF83C0007902898FEF70B
:108850008DFE0146079888422CDAFFE7BDF83E00FE
:108860000590BDF83C0006902898FEF775FE049030
:108870002898FEF77BFE049A059B844606984CF6E2
:10888000AC7EC0F6010E6946C1F80CE0C1F808C024
:108890004A6008604DF6DF00C0F601004EF25D113F
:1088A000C0F6010141F2C612E7F734FE01208DF84F
:1088B0003B00FFE728989DF83B1001F00101FFF70E
:1088C00013F8139820B3FFE713982899096F88428B
:1088D0001AD9FFE7139B2898006F4CF6AC72C0F6CC
:1088E000010269464A6008604DF68100C0F6010049
:1088F0004EF25D11C0F6010141F2D112E7F70AFE16
:108900006FF015002690F0E0139828990867FFE7AC
:10891000149820B3FFE714982899496F88421AD910
:10892000FFE7149B2898406F4CF6AC72C0F601022A
:1089300069464A6008604DF65200C0F601004EF2EA
:108940005D11C0F6010141F2DC12E7F7E3FD6FF0C3
:1089500015002690C9E0149828994867FFE71598F4
:1089600058B3FFE715982899896F88421AD9FFE70D
:10897000159B2898806F4CF6AC72C0F601026946D0
:108980004A6008604DF6B000C0F601004EF25D117D
:10899000C0F6010141F2E712E7F7BCFD6FF01500E8
:1089A0002690A2E01598289988672898816FC06F53
:1089B000FFF7E6FD2899C867FFE72898806E006AF0
:1089C00010B3FFE712982899896E096A88421BD074
:1089D000FFE7129B2898806E006A4CF6AC72C0F6D6
:1089E000010269464A6008604DF62300C0F60100A6
:1089F0004EF25D11C0F6010141F2F612E7F78AFD71
:108A00006FF01500269070E012982899C8661198AA
:108A10002899896EC96988421BD0FFE7119B289865
:108A2000806EC0694CF6AC72C0F6010269464A60BD
:108A300008604DF2F570C0F601004EF25D11C0F60F
:108A4000010141F2FF12E7F765FD6FF01500269076
:108A50004BE0FFE7289800F130021EA9FBF7DCFC91
:108A60002690269808B1FFE73FE034E6289830309A
:108A7000FFF71EF9D0B9FFE728990B6B486B8A6B9B
:108A80004CF6AC7CC0F6010C6946C1F808C04A60DF
:108A900008604DF67C20C0F601004EF25D11C0F674
:108AA000010141F21122E7F735FDFFE72898006B3D
:108AB00000F0ACF980F001022899086B10440863BB
:108AC0002899086B4A6B8B6B4B640A64C8632899BE
:108AD000CB6ACA6EB3FBF2F000FB123048652898EF
:108AE000F9F7D2FA0020299005E0289800F012FA50
:108AF00026982990FFE729982AB010BD81B00090F0
:108B000000980138B0FA80F0C0F1200001B0704741
:108B100083B00290019102980168019802680120D7
:108B2000914200901CD0FFE702984168019842688A
:108B300001209142009013D0FFE70298016801984C
:108B400042680120914200900AD0FFE702984068F5
:108B500001990968401AB0FA80F040090090FFE7D7
:108B600000990120884303B07047000080B582B0AF
:108B7000019001980068FEF749FA01990860019890
:108B80004068FEF743FA0199486002B080BD0000DA
:108B900082B001900198016801200131009041B13B
:108BA000FFE7019840680130B0FA80F0400900907A
:108BB000FFE7009800F0010002B0704784B0039016
:108BC00002910398006802990968884209D1FFE779
:108BD000039841680298426801209142019016D0A2
:108BE000FFE70398016802984268002091420090D4
:108BF0000AD1FFE70398406802990968401AB0FA61
:108C000080F040090090FFE700980190FFE701988D
:108C100000F0010004B0704782B001900198006834
:108C2000009001994868086000980199486002B076
:108C30007047000080B582B001900198006800F094
:108C400021F9019908600198406800F01BF9019929
:108C5000486002B080BD000080B582B001900198EC
:108C6000009000F025F801460098405C002818BFED
:108C7000012002B080BD000080B584B0039003984D
:108C800000F016F8029003980190029900910844B0
:108C90004DF66541C0F60101E7F7D0FC00990246A8
:108CA00001981144405CB0FA80F0400904B080BDE6
:108CB00080B582B0019001984DF66541C0F6010182
:108CC000E7F7ACFC02B080BD81B0009000984FF097
:108CD000553101EA5001401A4FF0333101EA900159
:108CE00020F0CC30084400EB101020F0F0304FF0B2
:108CF00001314843000E01B07047000082B001907E
:108D0000009101980099401A02B0704780B582B076
:108D1000019001980068FEF779F9019908600198BF
:108D20004068FEF773F90199486001988068FEF782
:108D30006DF9019988600198C068FEF767F901999B
:108D4000C86001980069FEF761F90199086101980E
:108D50004069FEF75BF90199486102B080BD0000EF
:108D600080B582B001900198006800F08BF80199FD
:108D700008600198406800F085F801994860019802
:108D8000806800F07FF8019988600198C06800F061
:108D900079F80199C8600198006900F073F80199A9
:108DA00008610198406900F06DF80199486102B0CE
:108DB00080BD000081B000900098C0F3075001B062
:108DC0007047000080B582B001900198009000F0DB
:108DD00011F801460098084400F022F8043002B06F
:108DE00080BD000081B000900098C0F3892001B0E0
:108DF0007047000081B0009000986FF39F20A0F2B0
:108E0000FF30B0FA80F0400901B0704781B00090A7
:108E10009DF80310012080EAD11001B070470000D6
:108E200081B0009000986FF39F2001B07047000060
:108E300080B582B001900198FFF7BCFF40B202B04C
:108E400080BD000081B00090009800F0E040000D6F
:108E500001B0704781B00090009800F0F040000D24
:108E600001B0704781B000900098C0F30A5001B083
:108E70007047000080B582B001900198FEF7C0F8FD
:108E800002B080BD80B582B001900198FEF7BEF8B7
:108E900002B080BD80B584B0029001910298183074
:108EA0000199FFF78BFEA0B1FFE74DF6AA10C0F6BF
:108EB00001004EF25D11C0F601014CF6AC73C0F634
:108EC000010341F26F12E7F725FB6FF053000390A7
:108ED0001CE001998868C968884210D1FFE70298B0
:108EE0008069019908600298C069019948600199F8
:108EF000002088600199C8684000C860FFE70199B8
:108F000088680130886000200390FFE7039804B070
:108F100080BD000080B582B001900198F9F7CCFFC8
:108F200002B080BD80B582B000200190FFE70198BB
:108F3000022817DCFFE701984AF6C821C2F20001B7
:108F400001EB8001D1F82E10C0B2EDF76FFD019A50
:108F500049F25841C2F200018854FFE701980130FC
:108F60000190E4E702B080BDB0B588B0DDF834C050
:108F7000DDF830C007908DF81B10059204930EA801
:108F8000039007989DF81B10059A049BDDF830C0EC
:108F90000D9C039DEE46CEF80850CEF80440CEF866
:108FA00000C000F003F808B0B0BD0000B0B5C0B01C
:108FB000DDF818C1DDF814E1DDF810E1CDF8FCC0F2
:108FC0003E908DF8F7103C923B93EFF745FC0890EC
:108FD000089944F6D350C1F26200A1FB0020830936
:108FE0004FF47A7003FB10109DF8F7204CF2F471E7
:108FF000C0F601018A5C3C9901F1020CDDF8ECE05D
:10900000449C459D69464D610C61C1F80CE0C1F876
:1090100008C04A6008604DF20572C0F6010209A856
:109020000790C821E7F79EFA07980A218DF8EB1000
:109030003F99E7F77BFA40B0B0BD000080B58AB039
:1090400000200290099008900120059000F088FA15
:109050000890089848F21F51C5F2EB11A0FB0110CF
:109060004009F5F7B1FD41F20E1000F02BFB41F283
:109070001C0000F027FBF0F7CFFDF8F72FFFF8F703
:10908000E5FD029A69464A60032008604AF66C00D2
:10909000C2F20000039044F64033C0F24C03114684
:1090A000F8F762FD6420EEF725FD039800F0E6FF77
:1090B0004AF62030C2F200000490EFF793FE0498C5
:1090C000EFF700FE0498F1F76DF90498F1F702F953
:1090D000FFF728FFEDF72EFD05994AF6B320C2F2FF
:1090E00000008174807C012803D1FFE7F1F77EFD49
:1090F00002E0F2F7B7FDFFE7EFF7F2FEF0F772F8E4
:10910000F0F7B6FAF1F766FEEEF726FAF0F78CFD07
:10911000F0F7DEFDEFF784FDEEF73EFDFFE7F3F736
:1091200007FFF5F733FF4AF61831C2F2000108686D
:109130004968EEF743FD38B3FFE70420F5F726FA58
:109140006420F5F759FA0A464AF61831C2F20001CE
:109150004A600860EFF7F6FA0790079878B9FFE7DA
:10916000EFF71CFB0690069820B9FFE70020F5F703
:10917000FBF903E00120F5F7F7F9FFE703E003202F
:10918000F5F7F2F9FFE7FFE74AF6B320C2F2000075
:10919000807C012803D1FFE7F1F738FB02E0F6F706
:1091A000CDFAFFE7F4F76CFCF4F72CFDF4F7ECFDD7
:1091B000EEF786F9F4F75CFCF1F730FEF1F72CF8E6
:1091C000F1F766FEF4F7D2FEF4F7A0FEEDF7FAFB36
:1091D000F3F7A8FFF4F7DAF9F4F7A4F9F4F7A4F831
:1091E0004AF2D950C2F20000007818B1FFE7F3F755
:1091F0009DFEFFE793E7000083B002900191029883
:109200000199884203DDFFE70298009002E001988F
:109210000090FFE7009803B07047000083B0029011
:10922000019102980199884203DAFFE702980090C1
:1092300002E001980090FFE7009803B0704700003B
:1092400083B00290019102980199884203DAFFE706
:109250000298009002E001980090FFE7009803B0A8
:109260007047000083B002900191029801998842F2
:1092700003D2FFE70298009002E001980090FFE718
:10928000009803B07047000083B0019000910198EE
:109290000099884203D2FFE70198029002E000980B
:1092A0000290FFE7029803B07047000082B0009080
:1092B000009800280AD4FFE70098022806DCFFE7A0
:1092C0004DF2B060C0F6010001902FE00098032835
:1092D0000ADBFFE70098052806DCFFE74DF2AF60E8
:1092E000C0F60100019021E0009806280ADBFFE7A4
:1092F0000098082806DCFFE74DF2AE60C0F60100DA
:10930000019013E0009809280ADBFFE700980B287A
:1093100006DCFFE74DF2B260C0F60100019005E007
:109320004CF68B20C0F601000190FFE7019802B0D7
:109330007047000080B588B00690059104920393B1
:10934000069890F8310001460191012804D0FFE70A
:10935000019802280DD019E006980599049A039BFC
:10936000D0F828C0EE46CEF800C000F06FFB0290A7
:1093700010E006980599049A039BD0F828C0EE46A1
:10938000CEF800C000F062FB029003E04FF0FF3027
:10939000079002E002980790FFE7079808B080BDA9
:1093A00010B58AB00890079106920593089890F836
:1093B000310001460391012804D0FFE703980228F9
:1093C00010D01FE008980799069A059BD0F82CC08A
:1093D000EE460024CEF80440CEF800C000F0B2FB08
:1093E000049013E008980799069A059BD0F82CC0C2
:1093F000EE460124CEF80440CEF800C000F0A2FBF7
:10940000049003E04FF0FF30099002E004980990C7
:10941000FFE709980AB010BD80B584B08DF80F0041
:109420008DF80E108DF80D20002002900190009014
:109430004EF60C50CEF20000006800F4E060B0F58B
:10944000E06F05D1FFE700200190042000904AE082
:109450004EF60C50CEF20000006800F4E060B0F56B
:10946000C06F05D1FFE7012001900320009039E093
:109470004EF60C50CEF20000006800F4E060B0F54B
:10948000A06F04D1FFE702200190009029E04EF682
:109490000C50CEF20000006800F4E060B0F5806F80
:1094A00005D1FFE7032001900120009018E04EF65F
:1094B0000C50CEF20000006800F4E060B0F5407F90
:1094C00005D1FFE7042001900020009007E04FF451
:1094D000A06000F037F8022001900090FFE7FFE75E
:1094E000FFE7FFE7FFE79DF80E000199C1F10401D6
:1094F000884002909DF80D000099C1F104020F21EF
:10950000D140014002980843029002980001029065
:1095100002989DF80F104EF20042CEF200028854DD
:109520009DF80F2002F01F01012088404EF200112B
:10953000CEF2000141EAD20121F00301086004B03B
:1095400080BD000081B0009000980021C0F2FA5167
:1095500008434EF60C51CEF20001086001B070478E
:1095600098B08DF85F000020159040F20671C0F6AB
:109570000811099140F20121C0F2034108910790BE
:109580000690059104900391029043F60800C4F2FE
:1095900002000068C0F3810016901698019040B157
:1095A000FFE7019801280AD0FFE7019802280CD0B4
:1095B0003EE042F20040C0F2F40014903EE041F27E
:1095C0000020C0F27A00149038E043F60400C4F2A0
:1095D0000200016801F03F0110910168C1F3881198
:1095E0000F91016801F44032022101EBD2310D915B
:1095F000006800F480000E900E98B0F5800F06D140
:10960000FFE741F20020C0F27A000C9005E042F240
:109610000040C0F2F4000C90FFE70C981099B0FBEA
:10962000F1F00F9948430D99B0FBF1F0149005E06B
:1096300042F20040C0F2F4001490FFE743F6080045
:10964000C4F202000168C9B209090B910B9A06A97C
:10965000895C0A9114990A9AD14013910168C1F367
:1096600082210B910B9A04A9895C0A9113990A9A99
:10967000D1401291006880B2400B0B900B9902A868
:10968000405C0A9013980A99C84011909DF85F00B9
:1096900001460091032810D80099DFE801F0020587
:1096A000080B1498159009E01398159006E012988D
:1096B000159003E01198159000E0FFE7159818B099
:1096C0007047000081B0ADF80200BDF8020000F064
:1096D0001F02012101FA02F3810943F60002C4F2DC
:1096E000020288581843885001B0704781B0ADF825
:1096F0000200BDF8020000F01F02012101FA02F38E
:10970000810943F60002C4F2020288589843885047
:1097100001B0704781B0ADF80200BDF8020000F062
:109720001F02012101FA02F3810943F60002C4F28B
:10973000020288581843885001B0704781B00090E9
:1097400000986FF08071884209D1FFE7009A43F6D4
:109750008C01C4F2020108681040086008E0009A19
:1097600043F68C01C4F20201086810430860FFE769
:1097700001B0704780B582B00190019A51681078AD
:10978000927800F04FFC0198407800F0F1FA0198CF
:109790000078052100F04EFB01980078FF2100F0D1
:1097A00049FB8DF803000198407800F0C3FA0120CE
:1097B000EEF7B2F99DF8030002B080BD80B584B029
:1097C00002908DF807108DF806208DF805300020E6
:1097D0008DF804009DF80700C00738B1FFE79DF839
:1097E000040040F080008DF80400FFE79DF80600BB
:1097F000C00738B1FFE79DF8040040F004008DF881
:109800000400FFE79DF80500C00738B1FFE79DF8A9
:10981000040040F008008DF80400FFE702989DF86E
:10982000041001F051FCB0F1FF3F04DCFFE74FF002
:10983000FF30039002E000200390FFE7039804B09C
:1098400080BD000080B586B0049003910292019320
:10985000049890F8320001460091012808D0FFE7F3
:10986000009802281AD0FFE7009803282CD040E087
:10987000049A51681078927800F0D4FB04984078EC
:1098800000F076FA04980078032100F0D3FA0498E7
:1098900000789DF80C1000F0CDFA2EE0049A516883
:1098A0001078927800F0BEFB0498407800F060FADF
:1098B00004980078032100F0BDFA04980078BDF800
:1098C0000C1000F069FA18E0049A51681078927848
:1098D00000F0A8FB0498407800F04AFA0498007859
:1098E000032100F0A7FA04980078039900F078FAB1
:1098F00003E04FF0FF3005900FE0049800780299E4
:10990000019A00F0A7F90498407800F013FA0120BA
:10991000EEF702F901980590FFE7059806B080BDC3
:1099200080B588B0DDF828C00690059104920393B5
:10993000069890F8320001460191012808D0FFE70F
:10994000019802281DD0FFE70198032832D049E092
:10995000069A51681078927800F064FB0698F7F741
:1099600083FE0698407800F003FA069800780221FA
:1099700000F060FA069800789DF8141000F05AFA8A
:1099800034E0069A51681078927800F04BFB069804
:10999000F7F76AFE0698407800F0EAF90698007832
:1099A000022100F047FA06980078BDF8141000F084
:1099B000F3F91BE0069A51681078927800F032FBB8
:1099C0000698F7F751FE0698407800F0D1F906980E
:1099D0000078022100F02EFA06980078059900F030
:1099E000FFF903E04FF0FF3007902BE00698007876
:1099F0000499039A00F054F90698407800F09AF917
:109A00000120EEF789F8039802900A98002816D4EE
:109A1000FFE706980A9901F021FB02900298B0F145
:109A2000FF3F03DCFFE7029807900BE00298012854
:109A300004DBFFE74FF0FF300290FFE7FFE70298FB
:109A40000790FFE7079808B080BD000080B58CB094
:109A5000DDF838C00B900A9109920893002001901C
:109A60000B98806A40B1FFE70B98806A4FF08071D5
:109A7000FFF7D4FB059007E00B98C0694FF08071A9
:109A8000FFF7CCFB0590FFE70A980599B0FBF1F0D2
:109A90000790FFE707980A99089A11440139059A37
:109AA000B1FBF2F188424AD8FFE70A980799059A74
:109AB0005143FFF7A1FB04900A98089908440799BD
:109AC0000131059A5143FFF7A9FB0499401A03900D
:109AD00000200690FFE706980399884224D2FFE70A
:109AE0000E980399069A891AFFF798FB02900B9833
:109AF000DDF810C0069B0CEB0301099A6244DDF807
:109B000028C0A2EB0C021A44029BFFF79BFE0190B7
:109B10000198B0F1FF3F01DCFFE705E0FFE70E9998
:109B2000069808440690D6E70198B0F1FF3F01DCA3
:109B3000FFE704E0FFE7079801300790AAE70198E4
:109B40000CB080BD80B58EB084461198DDF840E041
:109B5000CDF834C00C910B920A938DF827000020A9
:109B600008900D98C06A20B1FFE70D98C06A029076
:109B700003E04FF480700290FFE70C980299B0FB6D
:109B8000F1F00790FFE707980C990A9A1144013900
:109B9000029AB1FBF2F1884258D8FFE70C98079976
:109BA000029A5143FFF728FB05900C980A99084444
:109BB00007990131029A5143FFF730FB0599401A8A
:109BC000049000200690FFE706980499884232D25C
:109BD000FFE710980499069A891AFFF71FFB039074
:109BE0000D98DDF814C0069B0CEB03010B9A624440
:109BF000DDF830C0A2EB0C021A44039B9DF827C08D
:109C00004FEACC7E4FF0FF3CBEF1000F18BF41F28F
:109C1000883CEE46CEF800C0FFF782FE0890089818
:109C2000B0F1FF3F01DCFFE705E0FFE71099069880
:109C300008440690C8E70898B0F1FF3F01DCFFE751
:109C400004E0FFE70798013007909CE708980EB002
:109C500080BD000080B584B08DF80F0002910192A4
:109C60009DF80F00C0B9FFE700200090FFE70098C3
:109C7000019988420FDAFFE745F20000C4F20100C3
:109C8000FF21F4F71DFB0299009A8854FFE7009822
:109C900001300090EBE700E0FFE704B080BD00007A
:109CA00080B586B08DF81700049103929DF81700D7
:109CB000B8B9FFE700200190FFE7019803998842B7
:109CC0000EDAFFE704980199415C45F20000C4F206
:109CD0000100F4F7F5FAFFE7019801300190ECE795
:109CE00000E0FFE706B080BD80B584B08DF80F00BE
:109CF0009DF80F00D8B9FFE740F60440FFF7E2FCFB
:109D000041F20000C4F20200019001224FF400630E
:109D100002931146F7F790FE0198029B002211462C
:109D2000F7F7D8FE01980299F7F760FEFFE704B055
:109D300080BD000080B582B08DF807009DF8070057
:109D400048B9FFE741F20000C4F202004FF400619D
:109D5000F7F74CFE00E0FFE702B080BD81B0009055
:109D60000099086840F04000086001B070470000AA
:109D700080B582B08DF807009DF8070048B9FFE76D
:109D800041F20000C4F202004FF40061F7F726FE32
:109D900000E0FFE702B080BD80B582B08DF807001B
:109DA000ADF804109DF807009DF8051000F042F88A
:109DB000ADF80200BDF802000002ADF802009DF807
:109DC00007009DF8041000F035F80146BDF80200C8
:109DD0000843ADF80200BDF8020002B080BD0000EB
:109DE00080B584B08DF80F0002919DF80F009DF8AA
:109DF0000A1000F01FF801900198000201909DF8F0
:109E00000F009DF8091000F015F80146019808436D
:109E100001900198000201909DF80F009DF8081034
:109E200000F008F80146019808430190019804B039
:109E300080BD000080B582B08DF806008DF8051059
:109E40009DF8060058B9FFE79DF8051045F200009F
:109E5000C4F20100F4F734FA8DF8070003E00020A3
:109E60008DF80700FFE79DF8070002B080BD0000F5
:109E700081B000900098C06880B201B070470000C7
:109E800082B00190ADF80210BDF802000199C860DF
:109E900002B0704780B588B007900798069043F6E7
:109EA0000001C4F20001884231D0FFE7069843F672
:109EB0000041C4F20001884232D0FFE7069843F225
:109EC0000001C4F20101884218D0FFE7069843F26E
:109ED0000041C4F2010188422BD0FFE7069845F209
:109EE0000001C4F2010188422CD0FFE7069845F238
:109EF0000041C4F2010188422DD035E040F60C103B
:109F00000590FFF707FC0598FFF7F0FB2DE040F602
:109F10000E000490FFF7FEFB0498FFF7E7FB24E038
:109F200040F60F000390FFF7F5FB0398FFF7DEFB09
:109F30001BE040F60D100290FFF7ECFB0298FFF7D4
:109F4000D5FB12E040F614100190FFF7E3FB0198F7
:109F5000FFF7CCFB09E040F615100090FFF7DAFBA5
:109F60000098FFF7C3FB00E0FFE708B080BD0000EA
:109F700083B001900091019880680099084204D054
:109F8000FFE701208DF80B0003E000208DF80B00A7
:109F9000FFE79DF80B0003B07047000083B002900C
:109FA000019100200090029800680090009800F451
:109FB0004150009001980168009808430090019872
:109FC0004168009808430090019881680098084310
:109FD00000900198C16800980843009001980169B9
:109FE0000098084300900198416900980843009048
:109FF00001988169009808430090009802990860D0
:10A000000299C86920F40060C86103B0704700007D
:10A0100081B000900099486820F00400486001B0C9
:10A020007047000080B584B08DF80F000291ADF844
:10A0300006209DF80F0050B9FFE70299BDF80620F1
:10A0400045F20000C4F20100EFF7AAFE00E0FFE7CE
:10A0500004B080BD81B00090009900200860009994
:10A060004860009988600099C8600099486100992B
:10A0700088610099086101B07047000080B586B022
:10A080000490049808B1FFE70AE04EF2A430C0F64D
:10A0900001004EF2AD31C0F601013E22E6F77EFA34
:10A0A000049840F22401C2F2000108604AF6203010
:10A0B000C2F20000FEF7C2FA03900398002855D0C0
:10A0C000FFE74AF62030C2F2000040F22401C2F25B
:10A0D0000001FCF7D3FE03900398E0B1FFE703987B
:10A0E000694688604EF2C430C0F6010048604A20DC
:10A0F00008604AF6A820C2F200004EF2AD32C0F667
:10A1000001024EF20743C0F601030121FEF72CFFC6
:10A11000039805902DE04AF62030C2F2000040F28C
:10A120002401C2F20001FEF789FA03900398E0B11E
:10A13000FFE70398694688604EF2E630C0F60100FA
:10A140004860502008604AF6A820C2F200004EF293
:10A15000AD32C0F601024EF20743C0F60103012101
:10A16000FEF702FF0398059003E0FFE7002005904B
:10A17000FFE7059806B080BD83B0002002900190F3
:10A1800043F60001C4F20201086840F48030086020
:10A19000FFE702980130029043F60000C4F202008B
:10A1A000006800F400300190FFE701990020009062
:10A1B00041B9FFE702984FF6FF71401A18BF01201E
:10A1C0000090FFE70098C0070028E2D1FFE743F6C0
:10A1D0000000C4F2020000688003002802D4FFE7F8
:10A1E000FFE7FEE743F64001C4F20201086840F0D1
:10A1F0008050086047F20001C4F20001086840F492
:10A200004040086043F60801C4F202010868086093
:10A21000086840F400400860086840F4A0500860F6
:10A2200043F60401C4F2020141F20840C0F64020A6
:10A23000086043F60001C4F20201086840F0807033
:10A240000860FFE743F60000C4F2020000688001E6
:10A25000002801D4FFE7F5E747F20001C4F200014E
:10A26000086840F480300860FFE747F20400C4F259
:10A2700000000068C003002801D4FFE7F5E747F2BB
:10A280000001C4F20001086840F400300860FFE7F4
:10A2900047F20400C4F2000000688003002801D4E3
:10A2A000FFE7F5E743F60801C4F20201086820F071
:10A2B00003000860086840F002000860FFE743F60A
:10A2C0000800C4F2020000680007002801D4FFE77C
:10A2D000F5E703B07047000080B5FFF74DFF80BD84
:10A2E00081B000900099086840F08000086001B0DB
:10A2F0007047000084B00390ADF80A100192BDF8D9
:10A300000A0001460091032800F255810099DFE818
:10A3100011F004005C00BA0018010399086A20F0EB
:10A32000010008620399886920F0030088610198A0
:10A3300002880399086A104308620399086A20F0AA
:10A3400002000862019882880399086A1043086233
:10A3500003980021C4F20101884208D0FFE7039866
:10A3600040F20041C4F2010188422DD1FFE7039978
:10A37000086A20F004000862019842880399086A7C
:10A38000104308620399086A20F0080008620198E7
:10A39000C2880399086A104308620399486820F448
:10A3A00080704860019802890399486810434860AA
:10A3B0000399486820F40070486001984289039925
:10A3C000486810434860FFE7F6E00399086A20F008
:10A3D000100008620399886920F440708861019830
:10A3E00002880399086A40EA021008620399086A21
:10A3F00020F020000862019882880399086A40EAE8
:10A400000210086203980021C4F20101884208D0BA
:10A41000FFE7039840F20041C4F20101884231D1C4
:10A42000FFE70399086A20F040000862019842881B
:10A430000399086A40EA021008620399086A20F04A
:10A44000800008620198C2880399086A40EA0210F5
:10A4500008620399486820F4806048600198028986
:10A460000399486840EA820048600399486820F4EC
:10A4700000604860019842890399486840EA820078
:10A480004860FFE798E00399086A20F4807008624A
:10A490000399C86920F00300C861019802880399F4
:10A4A000086A40EA022008620399086A20F40070F2
:10A4B0000862019882880399086A40EA02200862CB
:10A4C00003980021C4F20101884208D0FFE70398F5
:10A4D00040F20041C4F20101884231D1FFE7039903
:10A4E000086A20F480600862019842880399086A2B
:10A4F00040EA022008620399086A20F400600862BA
:10A500000198C2880399086A40EA02200862039908
:10A51000486820F48050486001980289039948688F
:10A5200040EA021048600399486820F400504860EF
:10A53000019842890399486840EA02104860FFE7A1
:10A540003AE00399086A20F4805008620399C869C8
:10A5500020F44070C861019802880399086A40EAB3
:10A56000023008620399086A20F4005008620198DA
:10A5700082880399086A40EA023008620398002141
:10A58000C4F20101884208D0FFE7039840F200417D
:10A59000C4F2010188420DD1FFE70399486820F415
:10A5A00080404860019802890399486840EA821017
:10A5B0004860FFE700E0FFE704B0704783B0029017
:10A5C000ADF80610ADF80420BDF806000146009174
:10A5D000032836D80099DFE801F0020E1B27029904
:10A5E000886920F070008861BDF8042002998869AC
:10A5F0001043886126E00299886920F4E040886170
:10A60000BDF804200299886940EA0220886119E0B7
:10A610000299C86920F07000C861BDF80420029951
:10A62000C8691043C8610DE00299C86920F4E04090
:10A63000C861BDF804200299C86940EA0220C861D7
:10A6400000E0FFE703B0704784B00390ADF80A1054
:10A650000192BDF80A0001460091032814D8009920
:10A66000DFE801F002060A0E0198039948630CE046
:10A6700001980399886308E001980399C86304E08E
:10A6800001980399086400E0FFE704B070470000F8
:10A6900083B00290ADF80610ADF80420BDF80600B6
:10A6A00001460091032836D80099DFE801F0020E38
:10A6B0001B270299886920F008008861BDF80420F2
:10A6C000029988691043886126E00299886920F41C
:10A6D00000608861BDF804200299886940EA022080
:10A6E000886119E00299C86920F00800C861BDF8C6
:10A6F00004200299C8691043C8610DE00299C86935
:10A7000020F40060C861BDF804200299C86940EADD
:10A710000220C86100E0FFE703B0704782B00190FB
:10A72000002000900198406A0090009802B07047A5
:10A7300080B590B00F900F980E90B0F1804F73D00D
:10A74000FFE70E9840F20041C4F20001884274D045
:10A75000FFE70E9840F60001C4F20001884275D070
:10A76000FFE70E9840F60041C4F20001884276D01F
:10A77000FFE70E9841F20001C4F20001884277D051
:10A78000FFE70E9841F20041C4F20001884278D000
:10A79000FFE70E9841F60001C4F20001884200F084
:10A7A0009D80FFE70E9841F60041C4F20001884207
:10A7B00000F09D80FFE70E9842F20001C4F2000114
:10A7C000884200F09D80FFE70E980021C4F201014D
:10A7D000884220D0FFE70E9840F20041C4F2010108
:10A7E000884257D0FFE70E9844F20001C4F20101FD
:10A7F000884258D0FFE70E9844F20041C4F20101AC
:10A80000884259D0FFE70E9844F60001C4F20101D6
:10A8100088425AD07DE04FF410600D90FEF77AFF29
:10A820000D98FEF763FF75E04FF400600C90FEF7A3
:10A8300071FF0C98FEF75AFF6CE040F601000B9098
:10A84000FEF768FF0B98FEF751FF63E040F6020049
:10A850000A90FEF75FFF0A98FEF748FF5AE040F6BD
:10A8600003000990FEF756FF0998FEF73FFF51E0FD
:10A8700040F604000890FEF74DFF0898FEF736FFFB
:10A8800048E040F605000790FEF744FF0798FEF702
:10A890002DFF3FE040F601100690FEF73BFF0698C3
:10A8A000FEF724FF36E04FF411600590FEF732FF0B
:10A8B0000598FEF71BFF2DE040F611100490FEF7FF
:10A8C00029FF0498FEF712FF24E040F612100390CF
:10A8D000FEF720FF0398FEF709FF1BE040F6060095
:10A8E0000290FEF717FF0298FEF700FF12E040F615
:10A8F00007000190FEF70EFF0198FEF7F7FE09E052
:10A9000040F608000090FEF705FF0098FEF7EEFE07
:10A9100000E0FFE710B080BD81B0009000990868AA
:10A9200040F00100086001B07047000080B584B0BD
:10A93000039002910192009303980299019A009B5F
:10A9400000F008F80399886840F48040886004B0FB
:10A9500080BD000084B0039002910192009303999E
:10A96000886820F43F4088600298019940EA01021B
:10A970000399886810438860009A0399886840EAC0
:10A980000220886004B0704782B001900091009866
:10A99000C0430199086102B07047000082B0019085
:10A9A0000091009800880199886201980021C4F202
:10A9B0000101884225D0FFE70198B0F1804F20D0F7
:10A9C000FFE7019840F20041C4F20001884218D02C
:10A9D000FFE7019840F60001C4F20001884210D060
:10A9E000FFE7019840F60041C4F20001884208D018
:10A9F000FFE7019840F20041C4F20101884212D100
:10AA0000FFE70199086820F070000860009842880C
:10AA100001990868104308600098828801990868C5
:10AA200010430860FFE7009880680199C8620198A8
:10AA300041F20001C4F20001884214D0FFE70198FE
:10AA400041F20041C4F2000188420CD0FFE70199B5
:10AA5000086820F4407008600098C288019908686E
:10AA600010430860FFE701980021C4F20101884209
:10AA700008D0FFE7019840F20041C4F2010188428A
:10AA800005D1FFE70098007B01990863FFE7019972
:10AA9000486940F00100486102B0704782B00190FF
:10AAA00000910199886820F070008860009A0199EF
:10AAB00088681043886002B07047000082B001903F
:10AAC0000091009830B9FFE70199086840F008004C
:10AAD00008600BE00098012806D1FFE7019908689B
:10AAE00020F00800086000E0FFE7FFE702B07047D1
:10AAF00083B0019001980090092833D80099DFE8CD
:10AB000001F005090D1115191F25292D4FF41650B7
:10AB100002902BE04FF49640029027E04FF416404D
:10AB2000029023E04FF4614002901FE04FF4E130C7
:10AB300002901BE044F20060C0F20500029015E0B4
:10AB40004DF20020C0F20F0002900FE04FF4613090
:10AB500002900BE04FF4E120029007E04FF46120F7
:10AB6000029003E0FFE700200290FFE7029803B0A5
:10AB70007047000083B0029001910092FFE70098B7
:10AB8000012815DBFFE701980078029980EA11623D
:10AB90004EF27C40C0F6010050F8220080EA01200D
:10ABA0000290019801300190009801380090E6E78A
:10ABB000029803B07047000080B588B007900691F6
:10ABC000002005900490039002900798019044F2B1
:10ABD0000041C4F20001884242D0FFE7019844F6E8
:10ABE0000001C4F2000188423FD0FFE7019844F61B
:10ABF0000041C4F2000188423CD0FFE7019845F2D1
:10AC00000001C4F20001884239D0FFE7019847F6FD
:10AC10000001C4F20001884236D0FFE7019847F6F0
:10AC20000041C4F20001884233D0FFE7019841F2AD
:10AC30000001C4F20101884208D0FFE7019841F207
:10AC40000041C4F20101884205D027E00320FEF74D
:10AC500087FC059023E00320FEF782FC05901EE0B0
:10AC60000220FEF77DFC059019E00220FEF778FC3B
:10AC7000059014E00220FEF773FC05900FE002201F
:10AC8000FEF76EFC05900AE00220FEF769FC0590D5
:10AC900005E00220FEF764FC059000E0FFE707985E
:10ACA000C0680004002819D5FFE705984000069900
:10ACB00000EB5100B0FBF1F0029002984FF6F071FA
:10ACC000084004900298C0F342000390BDF81000C1
:10ACD000BDF80C1008430799886017E0059806999D
:10ACE00000EB5100B0FBF1F0029002984FF6F071CA
:10ACF00008400490029800F00F000390BDF8100087
:10AD0000BDF80C10084307998860FFE708B080BDC4
:10AD100081B00090009840686FF35F2001B07047E9
:10AD200082B00190ADF80210BDF802006FF35F2011
:10AD30000199486002B0704780B58AB009900998BF
:10AD4000089044F20041C4F20001884241D0FFE77C
:10AD5000089844F60001C4F20001884242D0FFE79F
:10AD6000089844F60041C4F2000188424CD0FFE745
:10AD7000089845F20001C4F2000188424DD0FFE777
:10AD8000089847F60001C4F2000188424ED0FFE760
:10AD9000089847F60041C4F2000188424FD0FFE70F
:10ADA000089841F20001C4F20101884208D0FFE78F
:10ADB000089841F20041C4F2010188421BD047E0EB
:10ADC00040F604100790FEF7A5FC0798FEF78EFCEE
:10ADD0003FE040F611000690FEF79CFC0698FEF757
:10ADE00085FC36E040F612000590FEF793FC0598CE
:10ADF000FEF77CFC2DE040F605100490FEF78AFC7F
:10AE00000498FEF773FC24E040F613000390FEF76D
:10AE100081FC0398FEF76AFC1BE040F614000290E8
:10AE2000FEF778FC0298FEF761FC12E040F61E0087
:10AE30000190FEF76FFC0198FEF758FC09E040F620
:10AE40001F000090FEF766FC0098FEF74FFC00E044
:10AE5000FFE70AB080BD000081B000900099C8688B
:10AE600020F40050C86001B07047000082B001902B
:10AE700000910199486920F040004861009800F075
:10AE80004002019948691043486102B070470000D0
:10AE900082B0019000910199486920F080004861DA
:10AEA000009800F08002019948691043486102B09F
:10AEB0007047000081B000900099C86840F40050CD
:10AEC000C86001B07047000082B00190ADF8021078
:10AED000BDF8020000F01F02012101FA02F30199FE
:10AEE000820988589843885002B0704783B0019017
:10AEF000ADF802100198BDF8021089094058BDF85C
:10AF0000021001F01F01C840C00720B1FFE7012077
:10AF10008DF80B0003E000208DF80B00FFE79DF893
:10AF20000B0003B07047000081B0009000994869A1
:10AF300040F00800486101B07047000082B0019005
:10AF4000ADF80210BDF8020000F01F02012101FA65
:10AF500002F30199820988589843885002B07047DB
:10AF600082B00190ADF80210BDF8020000F01F029F
:10AF7000012101FA02F30199820988581843885087
:10AF800002B0704782B0019000910098C0F3044273
:10AF9000012101FA02F30199820D885898438850E3
:10AFA00002B0704785B0039002910020019000909C
:10AFB0000398BDF8081089094058029901F01F0252
:10AFC000012101FA02F2104001900398029A920DB9
:10AFD0008058029AC2F304429140084000900098C1
:10AFE00038B1FFE7019820B1FFE701208DF8130089
:10AFF00003E000208DF81300FFE79DF8130005B073
:10B000007047000083B002900191002000900298E8
:10B01000C0680090009820F004000090019900980A
:10B020000843009000980299C86003B07047000080
:10B0300083B002900191002000900298C0680090B7
:10B04000009820F0080000900199009808430090B3
:10B0500000980299C86003B07047000080B588B0BE
:10B06000069005910598012806DBFFE70598F3F7A0
:10B07000C3FA03910290FFE7FFE70698FEF77AFB19
:10B0800001900198B0F1FF3F01DCFFE715E0019866
:10B09000C00778B1FFE7059801280ADBFFE70298AF
:10B0A0000399ECF78BFD18B1FFE70120079007E04B
:10B0B000FFE7E2E700200190FFE701980790FFE734
:10B0C000079808B080BD000080B584B003908DF86B
:10B0D0000B10039A516810789278FEF7A3FF03983B
:10B0E000F6F7C2FA03984078FEF742FE039800781C
:10B0F00001210191FEF79EFE039800789DF80B1048
:10B10000FEF798FE03984078FEF714FE0198ECF7DE
:10B1100003FD9DF80B0004B080BD5FEA400C08BF42
:10B1200091F0000F4FEA8C234FEAC12243EA5151BC
:10B130004FEA1C5018BF00F5F0404FEA300018BF2E
:10B1400041F000415FEA6C5C00F02980BCF1FF3FF8
:10B1500008BF40F080407047130C06BF12044FF048
:10B16000100C4FF0000C130E04BF12020CF1080C6F
:10B17000130F04BF12010CF1040C930F04BF9200D3
:10B180000CF1020CD30F04BF52000CF1010C11465C
:10B190004FF00002A0F11F00A0EB0C00704711F06F
:10B1A000004F08BF704731F000413FF4D5AF0B0CA2
:10B1B00006BF09044FF0100C4FF0000C0B0E04BF3B
:10B1C00009020CF1080C0B0F04BF09010CF1040C6F
:10B1D0008B0F04BF89000CF1020CCB0F04BF490098
:10B1E0000CF1010CCCF1200322FA03F341EA030134
:10B1F00002FA0CF2A0EB0C0000F101007047000015
:10B2000023F07F4720F07F4C80EA030000F00040ED
:10B21000ACEB070303F57C5303F1FF032DE98049F1
:10B2200009B44FEA144324EA03484FEA154B25EAD0
:10B230000B4E0FF2042606EB13273E7803FB06673E
:10B24000C7F5000707FB06F64FEAD64606F10206E9
:10B250004FEA543707FB066CCCF1005C4FEA1C4701
:10B260002CEA074C0CFB06F507FB06F404EB15462D
:10B270004FEA961649085FEA320234BF00204FF0C9
:10B2800000404FEAD13706FB07FC4FEA1C4C0CFB91
:10B290000BF7D21B03FB0CF761EB07010CFB0EF75E
:10B2A000B0EB074072EB17420CFB08F734BFA2EB80
:10B2B0000742B2EB074261EB17414FEA0C444FEAF9
:10B2C000910706FB07FC4FEA1C4C0CFB0BF7B0EB9D
:10B2D000C74072EB573203FB0CF734BFA2EBC742F7
:10B2E000B2EBC74261EB57310CFB0EF7B0EBC70076
:10B2F00072EB57720CFB08F734BFA2EBC702B2EB3C
:10B30000C70261EB57714FEA816141EA92114FEA3E
:10B31000826242EA90124FEA806004EBCC04039F01
:10B320004FEAD13706FB07FC4FEA1C4C0CFB0BF72E
:10B33000D21B03FB0CF761EB07010CFB0EF7B0EB24
:10B34000074072EB17420CFB08F734BFA2EB074231
:10B35000B2EB074261EB17414FEA8C5504EB9C249A
:10B360004FEA910706FB07FC4FEA1C4C0CFB0BF75E
:10B37000B0EBC74072EB573203FB0CF734BFA2EBC4
:10B38000C742B2EBC74261EB57310CFB0EF7B0EB93
:10B39000C70072EB57720CFB08F734BFA2EBC70271
:10B3A000B2EBC70261EB57714FEA816141EA92113A
:10B3B0004FEA826242EA90124FEA806015EB4C2518
:10B3C00044F100044FEAD13706FB07FC4FEA1C4C5E
:10B3D0000CFB0BF7D21B03FB0CF761EB07010CFB1B
:10B3E0000EF7B0EB074072EB17420CFB08F734BFC7
:10B3F000A2EB0742B2EB074261EB17414FEA813102
:10B4000041EA92414FEA823242EA90424FEA80306A
:10B410004FEA0C7615EB1C1544F1000448EA03438F
:10B420004EEA0B484FF0000EB2EB080C71EB03072D
:10B4300024BF624639464EEB0E0E4FF0000B00184B
:10B44000524149414BEB0B0BB2EB080C71EB03077C
:10B450007BF1000B24BF624639464EEB0E0E4FF0D7
:10B46000000B0018524149414BEB0B0BB2EB080C9F
:10B4700071EB03077BF1000B24BF624639464EEBAC
:10B480000E0E51EA020718BF46F0010616EB0E76C3
:10B4900055F1000254F1000103D5BDE88901BDE872
:10B4A0000088BDE88901BDE80048B619524141EB6A
:10B4B0000101A3F10103704780807F7E7D7C7B7A50
:10B4C0007978777676757473727171706F6E6E6D50
:10B4D0006C6C6B6A6A6968686766666564646363F6
:10B4E00062616160605F5F5E5E5D5D5C5C5B5B5A7C
:10B4F0005A595958585757565655555554545353E9
:10B5000052525251515050504F4F4F4E4E4D4D4D43
:10B510004C4C4C4B4B4B4A4A4A494949484848478E
:10B5200047474746464645454544444444434343CC
:10B5300043424242424141419C46002B30D4770075
:10B540002BD04FEA37071CB503B44FF010004FF073
:10B550001001BAF1000F06D0BCF1000FDCBF40F0C3
:10B56000080040F008014FF000000FBCBDE810409B
:10B570000BF1010BBBF1010F08BF5FEA170722BFF8
:10B5800012F1010211F101014FF0004143F10003FA
:10B5900000F0004043EA00007047F9D35708D0E7B5
:10B5A00046EA06464FEA164613F1400F1FDD13F137
:10B5B000200FDFBF16430A46002120335B42BED076
:10B5C000C3F1200746EA06464FEA164602FA07F795
:10B5D00046EA070622FA03F2C3F1200701FA07F749
:10B5E00042EA070221FA03F14FF00003A7E746EA17
:10B5F000020646EA06464FEA164646EA0106BCBF80
:10B6000046EA0646360C4FF000034FF000024FF0BA
:10B61000000194E72DE9804C70B49A46934691E876
:10B62000380007C831EA400C48BF34EA430C03D560
:10B63000FFF7E6FDFFF780FFF0BCBDE8008C2DE9C9
:10B64000804C70B49A46934691E8380007C810F0D1
:10B65000804F08BF13F0804F03D100F005F8FFF7CB
:10B660006BFFF0BCBDE8008C20F07F4723F07F4CDF
:10B6700080EA030000F0004007EB0C03A3F57C53C5
:10B68000A3F1FE0392F0000F00F0B38095F0000FDD
:10B6900000F077802DE901494FEA114021EA004886
:10B6A0004FEA144624EA064700FB06FC08FB06F6B0
:10B6B00007FB08F818EB06484CEB164C00FB07F7A5
:10B6C00018EB07484CEB17404FEA124B22EA0B4E9F
:10B6D0004FEA154625EA06470BFB06FC0EFB06F66D
:10B6E00007FB0EFE1EEB064E4CEB164C0BFB07F752
:10B6F0001EEB074E4CEB174B18EB0B0840F100000C
:10B7000018EB0E0B58EB000840F100008F1A4FF0B9
:10B7100000014FF000063CBFC943661B14BFB5EBE8
:10B72000040C00213CBFC943F61B4FEA174427EA2B
:10B7300004454FEA1C472CEA074C04FB076205FB53
:10B7400007F70CFB05F616EB074642EB174204FB26
:10B750000CFC16EB0C4642EB1C421BEB060658EBAE
:10B76000020241414EEA8E0E46EA9E0601D5BDE830
:10B770000189B619524141EB0101A3F10103BDE872
:10B7800001894FEA144524EA05464FEA114721EAA8
:10B79000074C05FB07F406FB07F70CFB06F111EB62
:10B7A000074144EB174405FB0CFC11EB0C4144EB47
:10B7B0001C444FEA124722EA074C05FB07F206FB3E
:10B7C00007F70CFB06F616EB074642EB174205FBA4
:10B7D0000CFC16EB0C4642EB1C456A1854F10001B8
:10B7E00048BF7047B619524141EB0101A3F1010373
:10B7F000704795F0000F37D04FEA114221EA024618
:10B800004FEA144724EA074C02FB07F106FB07F74F
:10B810000CFB06F414EB074441EB174102FB0CFC54
:10B8200014EB0C4441EB1C414FEA154725EA074C49
:10B8300002FB07F506FB07F70CFB06F616EB0746BF
:10B8400045EB174502FB0CFC16EB0C4645EB1C4286
:10B85000121951F1000148BF7047B619524141EB2E
:10B860000101A3F1010370474FEA144524EA05469C
:10B870004FEA114721EA074C05FB07F106FB07F7E2
:10B880000CFB06F212EB074241EB174105FB0CFCE7
:10B8900012EB0C4251EB1C414FF0000648BF7047C1
:10B8A000921841EB0101A3F10103704703B4019821
:10B8B0004100009850EAC12018BF04204A0D18BF6B
:10B8C00040F0010040F2FF72B2EB515F08BF40F060
:10B8D0000200012808BF052002B0704730380A284E
:10B8E00001D201207047002070478A68002A01DCDD
:10B8F000E6F786B9521E8A604A68C0B2531C4B6094
:10B900001070704710B500290AD00878002807D0B9
:10B9100005487844E6F778FB002801D0002010BDE8
:10B920000248784410BD00008A31000082310000D6
:10B9300010B500290AD00878002807D005487844B7
:10B94000E6F762FB002801D0002010BD02487844D1
:10B9500010BD00006E3200006632000021F000428F
:10B9600001F00043A2F16052B2F5801F28BFD2F16E
:10B970007F6C0BD95FEA001C43EAC20242EB5070B5
:10B9800018BF704728BF20F001007047B2F5801F34
:10B99000BCBF184670474FEA410C1CF5001F02D28D
:10B9A000084600F093BD70B500F076FB00000089FA
:10B9B000FFF7F6BF4FF00040A0F580007047000091
:10B9C00010B591EA030F48BF83F0004300F1C08334
:10B9D000841A71EB030C05D2121943EB0C03001B04
:10B9E00061EB0C014FEA1154A4EB135CDFF81CE18E
:10B9F0001EEA430F18BF9EEA445F00F0748021EAFC
:10BA0000045123EA0E0343F48013DCF1200E32D3F9
:10BA100022FA0CFE10EB0E0023FA0CFE41EB0E0195
:10BA2000CCF1200E03FA0EFE10EB0E00CCF1200E2E
:10BA300051F10001B1F5801F32D201EB045112FA2D
:10BA40000EF2BDE8104058BF7047401C38BF5FEA97
:10BA5000420218BF7047002814BF20F0010041F1D6
:10BA600000014FEA410313F5001F38BF7047A1F1F1
:10BA7000C04100F05FBB012A43EB0302ACF1200C94
:10BA8000DCF11F0E32BF4FF0000E23FA0CF310EB67
:10BA9000030041EB0451B4EB115FD0D0A1EB045192
:10BAA00001F58011490801EB04515FEA30000ED323
:10BAB00050F1000038BF12FA0EFE08D1BDE8104068
:10BAC000C9E7401C38BF5FEA4202CAD1C3E7BDE8FC
:10BAD00010404FEA410313F5001F38BF7047A1F132
:10BAE000C04100F027BB9EEA445F08D011EA5E0F18
:10BAF000BDE8104004BF01F0004100207047BDE8E0
:10BB0000104070B500F0C8FA64FBBE3E0000E0FFD4
:10BB1000491058BFC1F140415B1058BFC3F14043C9
:10BB20008B42EFF3008070472DE9C04130B4DFF85D
:10BB3000A4C23CEA111418BF3CEA131400F0ED80D3
:10BB40001CEA111481EA030544EAD57418BF1CEA03
:10BB5000131500F0C880A4EB050404F17F7404F50C
:10BB600000344FF0004545EAC12145EAC32341EACC
:10BB7000505143EA52534FEAC0204FEAC222994241
:10BB800008BF904200F09D804FEA13650FF2441603
:10BB9000765D4FEA134506FB05F7C7F1807706FB94
:10BBA00007F74FEAD737A7FB03687642A7FB06CE15
:10BBB000C8F5803838BFA8F1010807FB08E6A6FBE6
:10BBC000028C4FF0000EE6FB03CEDCF1000CCEF150
:10BBD000004E38BFAEF1010EA6FB0C584FF0000727
:10BBE000E6FB0E87A1FB08C6A0FB07CE16EB0E06F0
:10BBF0004FF0000545F10005E1FB076515F1E04E4A
:10BC00007EBFA4F580345FEA46066D4116F18007D9
:10BC100045F100054FEA172747EA05674FEA152562
:10BC20004FEA0666A6F1DE46B6F1805F20D93846B7
:10BC300005EBC47124F0010C01EB0C11BCF1FE6F9B
:10BC400002D8F0BCBDE8008124425CBF01F5801E33
:10BC50009EEAC47F02D4F0BCBDE80081244200F11A
:10BC60003980A1F1C041F0BCBDE8004100F062BAEA
:10BC70004FEAD02040EA41504FEAD1214FEAD22288
:10BC800042EA43524FEAD323A7FB028607FB03662F
:10BC900005FB02661EEA0E0F58BFA6EB0056B6EB78
:10BCA00000564FEA520E4EEAC37E18EB0E0E56EBCC
:10BCB000530EBCD518EB02085E417F1C55F1000500
:10BCC000B5E74FF480154FF000074FF000064FF036
:10BCD0000008ACE701F1C04101F000414FF0000065
:10BCE000F0BCBDE800810CEA131511EA0C1F00D06E
:10BCF0000CE013EA0C1F00F026804FF0000081EAF0
:10BD0000030101F00041F0BCBDE80081F0BCBDE8DA
:10BD1000004181EA030100F00DBAF0BCBDE800412A
:10BD200070B500F0B9F900BF097EFC3E00F007B81D
:10BD30004FF0000081EA030101F00041704781EA01
:10BD4000030100F0F7B9F0BCBDE8004122494FF013
:10BD500000007047FFFDFBF9F7F5F4F2F0EEEDEBB4
:10BD6000E9E8E6E4E3E1E0DEDDDBDAD8D7D5D4D3F9
:10BD7000D1D0CFCDCCCBCAC8C7C6C5C4C2C1C0BF45
:10BD8000BEBDBCBBBAB9B8B7B6B5B4B3B2B1B0AF4B
:10BD9000AEADACABAAA9A8A8A7A6A5A4A3A3A2A12F
:10BDA000A09F9F9E9D9C9C9B9A99999897979695EA
:10BDB00095949393929191908F8F8E8E8D8C8C8B86
:10BDC0008B8A89898888878786858584848383820E
:10BDD000828181800000FF070000F87F51EA030C98
:10BDE00017D41CF5801F58BFBCF5801F00F10680DA
:10BDF000994218BF704708BF9042704707D711F5A6
:10BE0000801F58BF13F5801F19D49942704789428B
:10BE100070471CF5801F08D5BCF5801FF7D58B42F5
:10BE200018BF704708BF824270474FF4001C1CEBDC
:10BE3000410F38BF1CEB430F01D28B42704770B5E6
:10BE400000F02AF9922449004FF000514FF080533E
:10BE5000FFF75EBE51EA030C17D41CF5801F58BFD4
:10BE6000BCF5801F00F10680994218BF704708BFDB
:10BE70009042704707D711F5801F58BF13F5801FF8
:10BE800019D499427047894270471CF5801F08D524
:10BE9000BCF5801FF7D58B4218BF704708BF8242A0
:10BEA00070474FF4001C1CEB410F38BF1CEB430FD5
:10BEB00001D28B42704770B500F0EEF89224490031
:10BEC0004FF080514FF00053FFF722BE51EA030CB0
:10BED00017D41CF5801F58BFBCF5801F00F10680E9
:10BEE000994218BF704708BF9042704707D711F5B5
:10BEF000801F58BF13F5801F19D49942704789429B
:10BF000070471CF5801F08D5BCF5801FF7D58B4204
:10BF100018BF704708BF824270474FF4001C1CEBEB
:10BF2000410F38BF1CEB430F01D28B42704770B5F5
:10BF300000F0B2F8922449004FF000514FF08053C6
:10BF4000FFF7E6BD70B5DFF848C11CEA111E1EBF41
:10BF50001CEA13159EEA0C0F95EA0C0F00F06F8097
:10BF600081EA03044EEAD47EAE4421EA4C1123EA6E
:10BF70004C1341F4801143F48013AEF17F7EA1FB9A
:10BF8000024CA0FB0365361955EB0C05A1FB034CD5
:10BF90004CF10003A0FB021C16EB0C06654153F1AB
:10BFA0000003094218BF46F0010613F4007F0BD1CD
:10BFB0004FEA03314FEA053041EA155140EA165085
:10BFC00034036FF003020AE04FEAC3214FEAC520B1
:10BFD00041EA555140EA5650F4026FF0020202EB7A
:10BFE0002E4201EB025585EACE710AD05FEA440C7D
:10BFF00018BF24F0004450F1000041F1000120EA94
:10C00000D47040F2FE7C624500D270BDA84214BFDD
:10C010004FF080444FF04044002E08BF0024BEF192
:10C02000806FA8BFA1F1C041BDE8704080F282805E
:10C0300001F1C04101F000414FF0000070470CEAEF
:10C0400013159EEA0C0F18BF95EA0C0F06D081EA73
:10C05000030E4FF000000EF0004170BD00F01CF820
:10C060008900013E00F007B800F009B84FEA430C20
:10C070005FEA5C5C08D081EA030100F05BB84FEA3C
:10C08000410C5FEA5C5CF6D102494FF0000070475A
:10C090000000FF070000F87F0EF1020E2EF0030EE5
:10C0A0005EF8046B364205D4012A43EB030515F50F
:10C0B000001F12D8012841EB010C1CF5001F0CD801
:10C0C0000ED14FEAD17C0CEB4C0C0CF1020C15F5A7
:10C0D000001F08BF4CEBD37C04E04FF0080C01E0DC
:10C0E0004FEAD37C0CEB4C0526FA05F606F0070662
:10C0F000B6F1040C06D20EEB860CBDE870404CF095
:10C10000010C6047DFE80CF0090B02024FF0004120
:10C11000A1F500214FF0000070BD1946104601281E
:10C1200051EB010418BFD4F5001484BF002001F0C6
:10C13000004170BD0808A0F500114FEA31017047B9
:10C1400010B591EA030F48BF83F000433FF540ACC0
:10C15000841A71EB030C07D28CF0004C121943EBDC
:10C160000C03001B61EB0C014FEA1154A4EB135CB0
:10C17000DFF8A4E11EEA430F18BF9EEA445F00F017
:10C18000B48021EA045123EA6E035242C3EB6E03EA
:10C1900038BF5B1EDCF1200E25D322FA0CFE10EB1B
:10C1A0000E0043FA0CFE41EB0E01CCF1200E03FA17
:10C1B0000EFE10EB0E00CCF1200E51F1000129D43F
:10C1C00001EB045112FA0EF2BDE8104058BF70475F
:10C1D000401C1CBFB2F1004F704700280CBF491C27
:10C1E00020F00100704712EB020E43EB030218BF70
:10C1F0004FF0010E4EEA4202ACF1200CDCF11E0EB3
:10C2000056D943FA0CFE10EB0E00CCF11E0E51F184
:10C21000FF31D5D50EF1010E12FA0EFE404141EB71
:10C22000010101EB445C5FEA5C5C10D901EB045155
:10C2300010EBDE7038BFBEF1004FBDE8104018BFF4
:10C24000704700280CBF491C20F00100704734D211
:10C250004FEAD42C24F4006411F500111BD0B1FA7C
:10C2600081F20B3AA41AA41ED2F12003914030FAB5
:10C2700003F31943904001EBCC7101EB0451002C06
:10C28000BDE81040A8BF704701F1C04101F0004176
:10C290004FF000007047B0FA80F310FA03F102D1BA
:10C2A000BDE810407047E41A173C4805C90AE2E7A8
:10C2B00001EB0451BDE81040704749104FEA3000CF
:10C2C00001EB0451BDE8104002E04FF0000170475F
:10C2D0004A0008BF0042F8D0B2F5001F28BF7047DF
:10C2E00001F000414FF0000070479EEA445F07D024
:10C2F00011EA5E0FBDE8104004BF00210020704726
:10C30000BDE8104070B5FFF7C7FE00BF40DFF63E46
:10C31000104683F0004170470000E0FF43004FEA01
:10C32000D30C4FEA3C0C43401FBF40070CF1605157
:10C3300013F0FE4F70471CF0006F03D10CF000416A
:10C34000002070470CF0004343EA507040EACC00F4
:10C3500010B500F068F800BF000000924FEA00013D
:10C36000FFF7E8BE4FF00041A1F500214FF00000BB
:10C37000704710B5FFF732FD0CBF0120002010BD43
:10C3800010B5FFF72BFD14BF0120002010BD10B524
:10C39000FFF760FD8CBF0120002010BD10B5FFF736
:10C3A00059FD2CBF0120002010BD10B5FFF78EFDF8
:10C3B00094BF0120002010BD10B5FFF787FD34BFEA
:10C3C0000120002010BD4FF07E5209E011F0004224
:10C3D00004D54042C1F1000138BF491E42F07E52EF
:10C3E00002F170620B0012BF20235FEA0001704768
:10C3F000B1FA81FC01FA0CF1A3EB0C0320FA03FC67
:10C4000041EA0C0102EBC352C3F1200310FA03FC12
:10C410005CEA416C42EB112018BF5FF0806C28BFD2
:10C4200020F0010070470EF1020E2EF0030E5EF8B0
:10C43000044B244204D44FEA4102B2F17F4F11D899
:10C440004FEA4003B3F17F4F0CD80ED14FEAD07CB6
:10C450000CEB4C0C0CF1020CB2F17F4F08BF4CEB13
:10C46000D17C04E04FF0080C01E04FEAD17C0CEBEA
:10C470004C0324FA03F404F00704B4F1040C06D2CC
:10C480000EEB840CBDE810404CF0010C6047DFE877
:10C490000CF0070802024FF00040A0F5800010BD2C
:10C4A0000846420018BFD2F1807288BF00F00040F9
:10C4B00010BDF1EE100A4FF6FF71C0F2C03120EA54
:10C4C000010040F04070E1EE100A7047FF2141EAA0
:10C4D000D050C0057047E4F709BFE5F73DB800004C
:10C4E00000000000000000003031323334353637B0
:10C4F00038394142434445464030580030313233A8
:10C5000034353637383961626364656640307800A7
:10C51000040000080000000000000002000100000C
:10C52000101F1D1F1E1F1E1F1F1E1F1E1F303132FA
:10C530003334353637383961626364656678700044
:10C540003031323334353637383941424344454649
:10C550005850000002400000000000A00000000051
:10C5600005400000000000C8000000000C40000072
:10C570000000409C00000000194000000020BCBEEC
:10C580000000000034400000BFC91B8E0000000402
:10C59000B5400000504BCFD06607E2CF010000004D
:10C5A0006C4100003E8251AADFEEA734010000007A
:10C5B000D9420000DCB5A0E23A301F97FFFFFFFF31
:10C5C000B4450000FD25A0C8E9A3C14FFFFFFFFF50
:10C5D000FF3F00000000008000000000FF3F00005F
:10C5E000000000800000000000070E091C1B12154F
:10C5F000383F363124232A2D70777E796C6B626543
:10C60000484F464154535A5DE0E7EEE9FCFBF2F532
:10C61000D8DFD6D1C4C3CACD90979E998C8B828522
:10C62000A8AFA6A1B4B3BABDC7C0C9CEDBDCD5D212
:10C63000FFF8F1F6E3E4EDEAB7B0B9BEABACA5A202
:10C640008F88818693949D9A2720292E3B3C3532F2
:10C650001F18111603040D0A5750595E4B4C4542E2
:10C660006F68616673747D7A898E878095929B9CD2
:10C67000B1B6BFB8ADAAA3A4F9FEF7F0E5E2EBECC2
:10C68000C1C6CFC8DDDAD3D4696E676075727B7CB2
:10C6900051565F584D4A4344191E171005020B0CA2
:10C6A00021262F283D3A33344E49404752555C5B92
:10C6B0007671787F6A6D64633E39303722252C2B82
:10C6C0000601080F1A1D1413AEA9A0A7B2B5BCBB72
:10C6D0009691989F8A8D8483DED9D0D7C2C5CCCB62
:10C6E000E6E1E8EFFAFDF4F30000803F000080404F
:10C6F0004C3721414C3721414C3721414C372141A6
:10C700004C3721414C3721414C3721414C37214195
:10C710004C3721414C3721414C3721414C37214185
:10C720004C3721414C3721414C3721414C37214175
:10C73000E17A3440713D8A40713D8A409A9999412D
:10C740009A999941A4700D407B226465766963656E
:10C75000223A22556E69636F726E222C22766572C0
:10C7600073696F6E223A22312E30222C2273657249
:10C7700069616C223A22313233343536227D0032FF
:10C780003233336A757374206465736372697074CD
:10C79000696F6E004000000000020000020000000F
:10C7A000404B4C0053544D5F4D3935323536000007
:10C7B0000000000000000000000000000000000079
:10C7C0000200000010000000100000000100000046
:10C7D000404B4C004D435F32354141303245343897
:10C7E0000000000001000000FA0000000600000048
:10C7F000020000002045574E4944AB4890C455A163
:10C800005CF1112F0343156BD7F9303132333435D6
:10C8100036373839414243444546AB4890C455A168
:10C820005CF1112F0343156BD7F81234567890AB97
:10C83000CDEF10023004500670083A7474003A7458
:10C8400074003A7474004A756E20313120323032EF
:10C85000360031333A30383A32350000FFFFFFFFFF
:10C86000FFFFFFFF0100000001000000FFFFFFFFCE
:10C87000FFFFFFFF0100000001000000FFFFFFFFBE
:10C88000FFFFFFFF0100000001000000FFFFFFFFAE
:10C89000FFFFFFFF0100000001000000000000009A
:10C8A0000000000000000000000000000000000088
:10C8B0000000000100000000010000000000000076
:10C8C0000000000000000000000000000000000068
:10C8D0000000000000000000010000000000000057
:10C8E0000000000000000000000000000000000048
:10C8F0000000000000000000010000000000000037
:10C900000000000000000000000000000000000027
:10C91000000000000000000001000000FFFFFFFF1A
:10C92000FFFFFFFF005EBCE2613FDD83C29C7E2013
:10C93000A3FD1F41009D23BE46DB65F88C11AF327D
:10C94000CA57E974000000006410B71DC8206E3B90
:10C95000AC30D9269041DC76F4516B6B5861B24D06
:10C960003C7105502083B8ED44930FF0E8A3D6D670
:10C970008CB361CBB0C2649BD4D2D38678E20AA0D8
:10C980001CF2BDBD6170705F706172616D2E626975
:10C990006E00466C617368206D656D6F72792066FC
:10C9A0006F7220736176696E672073657474696E47
:10C9B0006773006465766963655F74656D70657241
:10C9C0005F737461742E62696E0043414C414D5334
:10C9D00050315643430043414C4D4D535031564323
:10C9E000430043414C414D53503256434300434171
:10C9F0004C4D4D5350325643430043414C5F4144EC
:10CA0000445F4D5350315F5643430043414C5F4DAB
:10CA1000554C5F4D5350315F5643430043414C5F8B
:10CA20004144445F4D5350325F5643430043414CB1
:10CA30005F4D554C5F4D5350325F56434300434169
:10CA40004C414144434D6F6E335033564400434193
:10CA50004C4D4144434D6F6E335033564400434177
:10CA60004C5F4144445F4144435F4D6F6E335033EC
:10CA700056440043414C5F4D554C5F4144435F4D2C
:10CA80006F6E3350335644005257005F0043414CA1
:10CA9000414144434D6F6E50323456610043414C26
:10CAA0004D4144434D6F6E50323456610043414C0A
:10CAB0005F4144445F4144435F4D6F6E5032345692
:10CAC000610043414C5F4D554C5F4144435F4D6FA6
:10CAD0006E50323456610043414C414144434D6FE6
:10CAE0006E4E3556610043414C4D4144434D6F6E8F
:10CAF0004E3556610043414C5F4144445F414443DD
:10CB00005F4D6F6E4E3556610043414C5F4D554C45
:10CB10005F4144435F4D6F6E4E3556610043414C5B
:10CB2000414144434D6F6E503556610043414C4D79
:10CB30004144434D6F6E503556610043414C5F4157
:10CB400044445F4144435F4D6F6E5035566100432E
:10CB5000414C5F4D554C5F4144435F4D6F6E5035C6
:10CB600056610043414C414144434D6F6E4E256434
:10CB70000043414C4D4144434D6F6E4E256400438C
:10CB8000414C5F4144445F4144435F4D6F6E4E25CD
:10CB9000640043414C5F4D554C5F4144435F4D6FD2
:10CBA0006E4E25640043414C414144434D6F6E50ED
:10CBB00025640043414C4D4144434D6F6E50256404
:10CBC0000043414C5F4144445F4144435F4D6F6EBD
:10CBD0005025640043414C5F4D554C5F4144435FD9
:10CBE0004D6F6E502564004943504D696E566F6C11
:10CBF000746167650043414C414D5350315569693B
:10CC00006E0043414C4D4D5350315569696E0043A0
:10CC1000414C414D5350325569696E0043414C4D72
:10CC20004D5350325569696E0043414C5F41444455
:10CC30005F4D5350315F5569696E0043414C5F4D04
:10CC4000554C5F4D5350315F5569696E0043414CFF
:10CC50005F4144445F4D5350325F5569696E0043F4
:10CC6000414C5F4D554C5F4D5350325F5569696E75
:10CC70000043414C414D53503155700043414C4DA0
:10CC80004D53503155700043414C414D5350325536
:10CC9000700043414C4D4D53503255700043414C50
:10CCA0005F4144445F4D5350315F55700043414CE8
:10CCB0005F4D554C5F4D5350315F55700043414CB3
:10CCC0005F4144445F4D5350325F55700043414CC7
:10CCD0005F4D554C5F4D5350325F5570004C6F7433
:10CCE000776166657249444D535031004C6F745FF3
:10CCF000776166657249445F4D53503100427569F2
:10CD00006C6454696D655F4D535031005379737491
:10CD1000656D5F4D535031004469655859706F73AC
:10CD20006974696F6E5F4D535031004275696C6470
:10CD30004D5350310053797374656D4D535031002C
:10CD4000445859706F734D535031004C6F74776174
:10CD500066657249444D535032004C6F745F776181
:10CD600066657249445F4D535032004275696C6488
:10CD700054696D655F4D5350320053797374656D1E
:10CD80005F4D535032004469655859706F73697430
:10CD9000696F6E5F4D535032004275696C644D533C
:10CDA00050320053797374656D4D535032004458BE
:10CDB00059706F734D535032004C6F745F776166DA
:10CDC00065724944004C6F7477616665724944002E
:10CDD000524F00506F7765725F4F5000506F77650C
:10CDE000724F500030782530325800307825303876
:10CDF00058004E756D626572206572726F72207791
:10CE0000726974652064657669636520757361670E
:10CE10006520737461746973746963004B755F4F47
:10CE2000502564004B754F5025640050726F746F2D
:10CE3000636F6C4D6F646500537461747573496EF4
:10CE40007465726E616C566F6C7461676500546FC7
:10CE500074616C4F7065726174696E6754696D6559
:10CE600000546F74616C206F7065726174696E67D5
:10CE70002074696D650053797374656D0043686152
:10CE80006E67652044496E0053746174652044499F
:10CE90006E0049504D6F6E4368616E676544496E20
:10CEA0000049504D6F6E537461746544496E00447F
:10CEB00053305F4C6F636174696F6E004453315F30
:10CEC0004C6F636174696F6E004469655859706F87
:10CED000736974696F6E00446576416464720048DA
:10CEE00057446576566572004E756D6265724F6681
:10CEF0004170706C69636174696F6E4C61756E63CB
:10CF0000686573004E756D6265724F66426F6F742F
:10CF10006C6F616465724C61756E63686573004E19
:10CF2000756D626572206F66206170706C696361F7
:10CF300074696F6E206C61756E63686573004E7501
:10CF40006D6265724F206F6620626F6F746C6F61E7
:10CF5000646572206C61756E63686573004458592E
:10CF6000706F7300686F757273004E756D626572D5
:10CF70004572726F7257726974654465766963654C
:10CF800055735374617400495053746174757349D7
:10CF90006E746572566F6C7400484658544F46461E
:10CFA00047436F756E7400257500D0A10046726509
:10CFB000712044496E31004D6F6E615F467265713C
:10CFC00044496E3100467265712044496E32004D0D
:10CFD0006F6E615F4672657144496E320041444331
:10CFE0005F417667335033004144435F4D696E3390
:10CFF0005033004144435F4D61783350330041006A
:10D000004D5350315F4176675F564343004D535057
:10D01000325F4176675F564343004D5350315F4D59
:10D02000696E5F564343004D5350325F4D696E5FEA
:10D03000564343004D5350315F4D61785F56434333
:10D04000004D5350325F4D61785F56434300414479
:10D05000435F4176675F4D6F6E5F335033564400D8
:10D060004144435F4D696E5F4D6F6E5F3350335681
:10D0700044004144435F4D61785F4D6F6E5F3350B4
:10D080003356440054656C5374617475734255454E
:10D09000005047004D5350315F5643435F41564760
:10D0A000004D5350325F5643435F415647004D5346
:10D0B00050315F55705F415647004D5350325F55B8
:10D0C000705F415647004D5350315F54656D705F3E
:10D0D000415647004D5350325F54656D705F415665
:10D0E00047004D5350315F506F775F415647004DB9
:10D0F0005350325F506F775F415647004144435F62
:10D1000041766750323756004144435F4D696E5057
:10D11000323756004144435F4176675F4D6F6E5032
:10D12000323756004144435F4D696E5F4D6F6E501C
:10D13000323756004144435F4D61785F4D6F6E500A
:10D14000323756004144435F4D61785032375600C4
:10D150004144435F417667503756004144435F4D39
:10D16000696E503756004144435F4176675F4D6FAB
:10D170006E503756004144435F4D696E5F4D6F6E90
:10D18000503756004144435F4D61785F4D6F6E509C
:10D190003756004144435F4D617850375600414453
:10D1A000435F4176675032345661004144435F4DDE
:10D1B000696E5032345661004144435F4176675F87
:10D1C0004D6F6E5032345661004144435F4D696E7D
:10D1D0005F4D6F6E5032345661004144435F4D6184
:10D1E000785F4D6F6E5032345661004144435F4D5D
:10D1F00061785032345661004144435F4176674E56
:10D20000355661004144435F4D696E4E35566100AD
:10D210004144435F4176675F4D6F6E4E3556610006
:10D220004144435F4D696E5F4D6F6E4E35566100F0
:10D230004144435F4D61785F4D6F6E4E35566100DE
:10D240004144435F4D61784E355661004144435F30
:10D2500041766750355661004144435F4D696E50D9
:10D26000355661004144435F4176675F4D6F6E50B4
:10D27000355661004144435F4D696E5F4D6F6E509E
:10D28000355661004144435F4D61785F4D6F6E508C
:10D29000355661004144435F4D6178503556610019
:10D2A00053796E63004144435F4176674E256400C5
:10D2B0004144435F417667205F4D6F6E4E256400A9
:10D2C0004144435F417667502564004144435F41D8
:10D2D00076675F4D6F6E502564004D5350315F553A
:10D2E0007054696D65004D5350325F557054696DCF
:10D2F0006500252E306600252E316600252E32660B
:10D3000000252E336600506F7765725F4F505F4C7B
:10D310006F670054656D705F417667004144435FFD
:10D32000417667566F636D004144435F4D696E56A9
:10D330006F636D004144435F4176675F4D6F6E568A
:10D340006F636D004144435F4D696E5F4D6F6E5674
:10D350006F636D004144435F4D61785F4D6F6E5662
:10D360006F636D004144435F4D6178566F636D009C
:10D3700054656C4D6F6E4368616E676544496E001D
:10D3800054656C4D6F6E537461746544496E004D05
:10D390005350315F5643435F4D696E004D535032D9
:10D3A0005F5643435F4D696E004D5350315F55707A
:10D3B0005F4D696E004D5350325F55705F4D696E21
:10D3C000004D5350315F506F775F4D696E004D5384
:10D3D00050325F506F775F4D696E004D5350315F33
:10D3E0004176675F5570004D5350325F4176675FFD
:10D3F0005570004D5350315F4D696E5F5570004D53
:10D400005350325F4D696E5F5570004D5350315F20
:10D410004D61785F5570004D5350325F4D61785FBC
:10D4200055700044533054656D7000445331546559
:10D430006D70004453495054656D70004453305F23
:10D4400054656D70004453315F54656D70004453F2
:10D4500049505F54656D70004453436F72655F546B
:10D46000656D70004D5350315F4176675F54656D57
:10D4700070004D5350325F4176675F54656D7000A8
:10D480004453436F726554656D70004D5350315F66
:10D490004176675F437572004D5350325F41766746
:10D4A0005F437572004D5350315F4D696E5F437538
:10D4B00072004D5350325F4D696E5F437572004D7F
:10D4C0005350315F4D61785F437572004D53503258
:10D4D0005F4D61785F4375720054656C537461747D
:10D4E0007573496E746572566F6C74004D5350318C
:10D4F0005F4176675F43757272656E74004D53507D
:10D50000325F4176675F43757272656E74004D538A
:10D5100050315F4D696E5F43757272656E74004D78
:10D520005350325F4D696E5F43757272656E740061
:10D530004D5350315F4D61785F43757272656E7403
:10D54000004D5350325F4D61785F43757272656E66
:10D5500074004D6F6E705F4572726F725061636BD5
:10D560006574436F756E74004D6F6E704572726FA7
:10D57000725061636B6574436F756E74004D6F6EAE
:10D58000705F506173735061636B6574436F756E48
:10D5900074004D6F6E70506173735061636B65748E
:10D5A000436F756E740054656C5374617475734584
:10D5B0006E76004D5350315F4176675F506F770054
:10D5C0004D5350325F4176675F506F77004D535037
:10D5D000315F4D696E5F506F77004D5350325F4D34
:10D5E000696E5F506F77004D5350315F4D61785FCA
:10D5F000506F77004D5350325F4D61785F506F77B9
:10D60000004D5350315F5643435F4D6178004D5399
:10D6100050325F5643435F4D6178004D5350315F48
:10D6200055705F4D6178004D5350325F55705F4DBE
:10D630006178004D5350315F506F775F4D617800D6
:10D640004D5350325F506F775F4D6178006B487A71
:10D6500000D091D0BBD0BED0BA20D183D181D0B878
:10D66000D0BBD0B8D182D0B5D0BBD0B5D0B920D145
:10D670008DD0BBD0B5D0BAD182D180D0BED0BDD0F4
:10D68000BDD18BD0B92028D091D0A3D0AD2D3829D1
:10D6900020257320D097D0B0D0B22EE284962530CA
:10D6A00033642028535720257320257329004949C6
:10D6B000490049560025642025730025663B2566F0
:10D6C0000025643B25640052533438353A256420E4
:10D6D000616464726573732025640A0052533438A0
:10D6E000353A25642073706565642025640A0064FA
:10D6F00065766963655F75736167655F737461748F
:10D700002E62696E005B2536752E253033755D25DA
:10D71000632025733A257328293A2534753E202540
:10D72000730A0073797374656D5F706172616D2E39
:10D7300062696E00476C6F62616C2F4C6F636B5552
:10D740006E6C6F636B2E63002875696E7433325F85
:10D7500074296B657954797065203C206C756B7405
:10D76000436F756E7400426F6F746C6F61646572A5
:10D770000025733A25643A64656275673A20466904
:10D7800078696E67206D6F7665207768696C6520B3
:10D7900072656C6F636174696E67207B3078257881
:10D7A0002C20307825787D20307825780A25730A5A
:10D7B0000025733A25643A64656275673A204669C4
:10D7C00078696E67206D6F7665207768696C652073
:10D7D000666978696E67206F727068616E73207B0E
:10D7E000307825782C20307825787D203078257881
:10D7F0000A25730A0025733A25643A6572726F72BE
:10D800003A20496E76616C696420626C6F636B20AC
:10D8100073697A652028257520213D2025752925E5
:10D82000730A0025733A25643A6572726F723A2062
:10D83000496E76616C696420626C6F636B20636F04
:10D84000756E742028257520213D202575292573A6
:10D850000A0025733A25643A6572726F723A205550
:10D860006E737570706F727465642066696C655F45
:10D870006D617820282575203E2025752925730A9D
:10D880000025733A25643A6572726F723A20556EBC
:10D89000737570706F72746564206E616D655F6D15
:10D8A000617820282575203E2025752925730A00DA
:10D8B00025733A25643A6572726F723A20556E7319
:10D8C0007570706F7274656420617474725F6D61DD
:10D8D0007820282575203E2025752925730A0025E6
:10D8E000733A25643A64656275673A20466F756ECF
:10D8F00064206F6C646572206D696E6F722076654E
:10D900007273696F6E207625642E2564203C207624
:10D9100025642E256425730A0025733A25643A652B
:10D9200072726F723A20496E76616C696420766516
:10D930007273696F6E207625642E256420213D2048
:10D940007625642E256425730A0025733A25643AEA
:10D950007761726E3A205375706572626C6F636B9B
:10D96000203078257820686173206265636F6D656B
:10D9700020756E7772697461626C6525730A002583
:10D98000733A25643A7761726E3A20556E61626C23
:10D990006520746F20657870616E642073757065A2
:10D9A00072626C6F636B25730A0025733A25643AC3
:10D9B0007761726E3A204379636C652064657465A3
:10D9C0006374656420696E207461696C206C69738E
:10D9D0007425730A0025733A25643A646562756795
:10D9E0003A20457870616E64696E67207375706562
:10D9F00072626C6F636B206174207265762025758E
:10DA000025730A0025733A25643A6572726F723A7B
:10DA1000204E6F206D6F7265206672656520737091
:10DA2000616365203078257825730A0025733A25CF
:10DA3000643A64656275673A2042616420626C6F83
:10DA4000636B206174203078257825730A00257374
:10DA50003A25643A64656275673A20466978696E6A
:10DA600067206D6F7665207B307825782C203078A4
:10DA700025787D203078257825730A0025733A258E
:10DA8000643A64656275673A20466F756E6420700B
:10DA9000656E64696E6720677374617465203078A1
:10DAA00025303878253038782530387825730A00C5
:10DAB00025733A25643A64656275673A2052656C4D
:10DAC0006F636174696E67207B307825782C203015
:10DAD0007825787D202D3E207B307825782C2030CD
:10DAE0007825787D25730A0025733A25643A6465A4
:10DAF0006275673A20466978696E672068616C666E
:10DB00002D6F727068616E207B307825782C203004
:10DB10007825787D202D3E207B307825782C20308C
:10DB20007825787D25730A0025733A25643A646563
:10DB30006275673A20526577726974696E672073FF
:10DB400075706572626C6F636B207B307825782C02
:10DB500020307825787D25730A0025733A25643AAC
:10DB600064656275673A20466978696E67206F72EE
:10DB70007068616E207B307825782C20307825788D
:10DB80007D25730A0025733A25643A6572726F72B7
:10DB90003A20436F727275707465642064697220F4
:10DBA00070616972206174207B307825782C203078
:10DBB0007825787D25730A0025733A25643A7761C4
:10DBC000726E3A20556E61626C6520746F207370BE
:10DBD0006C6974207B307825782C20307825787D0E
:10DBE00025730A007063616368652D3E626C6F6324
:10DBF0006B203D3D2028286C66735F626C6F636B01
:10DC00005F74292D31290021286861737061726564
:10DC10006E7420262620657272203D3D204C4653AE
:10DC20005F4552525F4E4F454E542900216C66733A
:10DC30005F6D6C6973745F69736F70656E286C6675
:10DC4000732D3E6D6C6973742C2028737472756328
:10DC500074206C66735F6D6C6973742A2966696CD5
:10DC60006529002E002F006C66732D3E6366672DBC
:10DC70003E73796E6320213D2030006C66732D3E2B
:10DC80006366672D3E7265616420213D2030006C23
:10DC900066732D3E6366672D3E6572617365202154
:10DCA0003D2030006C66732D3E6366672D3E7265C5
:10DCB00061645F73697A6520213D2030006C667372
:10DCC0002D3E6366672D3E63616368655F73697AA5
:10DCD0006520213D2030006C66732D3E6366672D04
:10DCE0003E70726F675F73697A6520213D20300056
:10DCF0006C66732D3E6366672D3E70726F672021E0
:10DD00003D2030006C66732D3E6366672D3E626C6D
:10DD10006F636B5F6379636C657320213D20300016
:10DD20006366672D3E626C6F636B5F636F756E74C5
:10DD300020213D203000657272203C3D2030006C77
:10DD400066735F7461675F73697A65286C66732DAB
:10DD50003E6773746174652E74616729203C2030BE
:10DD600078316666207C7C206F727068616E7320EB
:10DD70003C3D2030006C66732D3E6366672D3E632C
:10DD8000616368655F73697A652025206C66732D11
:10DD90003E6366672D3E726561645F73697A6520D4
:10DDA0003D3D203000216C66732D3E6366672D3E3D
:10DDB0006D657461646174615F6D6178207C7C2045
:10DDC0006C66732D3E6366672D3E6D65746164619C
:10DDD00074615F6D61782025206C66732D3E6366EB
:10DDE000672D3E726561645F73697A65203D3D20F1
:10DDF00030006C66732D3E6366672D3E626C6F6308
:10DE00006B5F73697A652025206C66732D3E6366AF
:10DE1000672D3E63616368655F73697A65203D3D88
:10DE20002030006C66732D3E6366672D3E63616330
:10DE300068655F73697A652025206C66732D3E6383
:10DE400066672D3E70726F675F73697A65203D3D2E
:10DE5000203000636F6D6D69742E6F66662025201B
:10DE60006C66732D3E6366672D3E70726F675F73DD
:10DE7000697A65203D3D203000216C66732D3E633C
:10DE800066672D3E6D657461646174615F6D617874
:10DE9000207C7C206C66732D3E6366672D3E6D652D
:10DEA0007461646174615F6D61782025206C6673B4
:10DEB0002D3E6366672D3E70726F675F73697A658A
:10DEC000203D3D203000216C66732D3E6366672D3A
:10DED0003E6D657461646174615F6D6178207C7C06
:10DEE000206C66732D3E6366672D3E626C6F636BBC
:10DEF0005F73697A652025206C66732D3E636667C3
:10DF00002D3E6D657461646174615F6D6178203D63
:10DF10003D2030006C66735F7461675F73697A657A
:10DF2000286C66732D3E6773746174652E74616727
:10DF300029203E203078303030207C7C206F727079
:10DF400068616E73203E3D2030006C66732D3E6329
:10DF500066672D3E6C6F6F6B61686561645F7369A6
:10DF60007A65203E2030006469722D3E636F756EC5
:10DF700074203E2030006C66732D3E6366672D3E34
:10DF8000636F6D706163745F746872657368203D60
:10DF90003D2030207C7C206C66732D3E6366672DAF
:10DFA0003E636F6D706163745F746872657368203F
:10DFB0003E3D206C66732D3E6366672D3E626C6F3E
:10DFC000636B5F73697A652F32006C66732D3E63F5
:10DFD00066672D3E617474725F6D6178203C3D20F0
:10DFE00031303232007370203C2033006C66732D68
:10DFF0003E6366672D3E6E616D655F6D6178203CA6
:10E000003D20323535006C66732D3E6366672D3ECC
:10E0100066696C655F6D6178203C3D203231343734
:10E02000343833363437006C66732D3E6366672DA3
:10E030003E696E6C696E655F6D6178203D3D20289C
:10E040006C66735F73697A655F74292D31207C7CFF
:10E05000206C66732D3E6366672D3E696E6C696E3B
:10E06000655F6D6178203C3D2028286C66732D3EED
:10E070006366672D3E6D657461646174615F6D6197
:10E080007829203F206C66732D3E6366672D3E6DB8
:10E09000657461646174615F6D6178203A206C66BB
:10E0A000732D3E6366672D3E626C6F636B5F7369B1
:10E0B0007A65292F38006C66732D3E6366672D3EA6
:10E0C000626C6F636B5F73697A65203E3D2031320D
:10E0D00038006C66735F7461675F747970653328AC
:10E0E0006C66732D3E676469736B2E7461672920BB
:10E0F0003D3D204C46535F545950455F44454C4587
:10E100005445002866696C652D3E666C6167732016
:10E1100026204C46535F4F5F52444F4E4C592920A6
:10E120003D3D204C46535F4F5F52444F4E4C59008B
:10E130002866696C652D3E666C6167732026204CED
:10E1400046535F4F5F57524F4E4C5929203D3D205B
:10E150004C46535F4F5F57524F4E4C59004C6974B9
:10E16000746C6546532F6C66732E63006C66732D5A
:10E170003E6366672D3E696E6C696E655F6D6178A2
:10E18000203D3D20286C66735F73697A655F742952
:10E190002D31207C7C206C66732D3E6366672D3E9E
:10E1A000696E6C696E655F6D6178203C3D206C66C0
:10E1B000732D3E6366672D3E63616368655F7369B7
:10E1C0007A6500342A6C66735F6E70773228307817
:10E1D0006666666666666666202F20286C66732D06
:10E1E0003E6366672D3E626C6F636B5F73697A6531
:10E1F0002D322A342929203C3D206C66732D3E6344
:10E2000066672D3E626C6F636B5F73697A65006F42
:10E210006666202B2073697A65203C3D206C66730E
:10E220002D3E6366672D3E626C6F636B5F73697A28
:10E2300065006C66732D3E6366672D3E636F6D707F
:10E240006163745F746872657368203D3D20286C5B
:10E2500066735F73697A655F74292D31207C7C2039
:10E260006C66732D3E6366672D3E636F6D706163F0
:10E27000745F746872657368203C3D206C66732D12
:10E280003E6366672D3E626C6F636B5F73697A6590
:10E29000006C66732D3E6366672D3E6D6574616428
:10E2A0006174615F6D6178203C3D206C66732D3E2A
:10E2B0006366672D3E626C6F636B5F73697A65009E
:10E2C00070646972006C6974746C65667300626C6A
:10E2D0006F636B203D3D2028286C66735F626C6F16
:10E2E000636B5F74292D3229207C7C20626C6F6304
:10E2F0006B203C206C66732D3E626C6F636B5F63BA
:10E300006F756E7400216C66732D3E626C6F636B6B
:10E310005F636F756E74207C7C20626C6F636B2012
:10E320003C206C66732D3E626C6F636B5F636F7530
:10E330006E74007063616368652D3E626C6F636B21
:10E34000203C206C66732D3E626C6F636B5F636F65
:10E35000756E74006C66732D3E6366672D3E696E44
:10E360006C696E655F6D6178203D3D20286C667339
:10E370005F73697A655F74292D31207C7C206C661F
:10E38000732D3E6366672D3E696E6C696E655F6DC9
:10E390006178203C3D206C66732D3E617474725F21
:10E3A0006D61780064657620213D2030004C6974F1
:10E3B000746C6546532F6C66735F73746F7261671C
:10E3C000652E63006C66735F666F726D6174286D95
:10E3D00061696E5F73746F7261676529206572721F
:10E3E0006F72202564006C66735F6D6F756E7428A4
:10E3F0006D61696E5F73746F726167652920657204
:10E40000726F722025640073746F726167655F6953
:10E410006E6974004D6F646275732F4D6F64627521
:10E4200073527475526F7574696E652E63004D6F0B
:10E4300064627573527475526F7574696E650052BB
:10E44000545525753A20696E7465722D6368617242
:10E45000206761702025757573203E2074312E353C
:10E4600020257575732C2064726F7070696E67203B
:10E4700025752062797465730000000000000000BB
:10E48000B71DC1046E3B8209D926430DDC76041307
:10E490006B6BC517B24D861A0550471EB8ED08269E
:10E4A0000FF0C922D6D68A2F61CB4B2B649B0C353B
:10E4B000D386CD310AA08E3CBDBD4F3870DB114CE8
:10E4C000C7C6D0481EE09345A9FD5241ACAD155FCB
:10E4D0001BB0D45BC2969756758B5652C836196AD4
:10E4E0007F2BD86EA60D9B6311105A6714401D79BF
:10E4F000A35DDC7D7A7B9F70CD665E74E0B6239869
:10E5000057ABE29C8E8DA191399060953CC0278BD2
:10E510008BDDE68F52FBA582E5E66486585B2BBE59
:10E52000EF46EABA3660A9B7817D68B3842D2FAD76
:10E530003330EEA9EA16ADA45D0B6CA0906D32D419
:10E540002770F3D0FE56B0DD494B71D94C1B36C74E
:10E55000FB06F7C32220B4CE953D75CA28803AF257
:10E560009F9DFBF646BBB8FBF1A679FFF4F63EE1B2
:10E5700043EBFFE59ACDBCE82DD07DEC7770863477
:10E58000C06D4730194B043DAE56C539AB068227E6
:10E590001C1B4323C53D002E7220C12ACF9D8E1225
:10E5A00078804F16A1A60C1B16BBCD1F13EB8A015A
:10E5B000A4F64B057DD00808CACDC90C07AB9778E7
:10E5C000B0B6567C69901571DE8DD475DBDD936B2A
:10E5D0006CC0526FB5E6116202FBD066BF469F5E0B
:10E5E000085B5E5AD17D1D576660DC5363309B4DDE
:10E5F000D42D5A490D0B1944BA16D84097C6A5AC6C
:10E6000020DB64A8F9FD27A54EE0E6A14BB0A1BF31
:10E61000FCAD60BB258B23B69296E2B22F2BAD8A60
:10E6200098366C8E41102F83F60DEE87F35DA99915
:10E630004440689D9D662B902A7BEA94E71DB4E0D8
:10E64000500075E4892636E93E3BF7ED3B6BB0F3AD
:10E650008C7671F7555032FAE24DF3FE5FF0BCC68E
:10E66000E8ED7DC231CB3ECF86D6FFCB8386B8D5D1
:10E67000349B79D1EDBD3ADC5AA0FBD8EEE00C69B1
:10E6800059FDCD6D80DB8E6037C64F643296087AB7
:10E69000858BC97E5CAD8A73EBB04B77560D044F0A
:10E6A000E110C54B383686468F2B47428A7B005C8B
:10E6B0003D66C158E4408255535D43519E3B1D2544
:10E6C0002926DC21F0009F2C471D5E28424D19367B
:10E6D000F550D8322C769B3F9B6B5A3B26D61503C0
:10E6E00091CBD40748ED970AFFF0560EFAA011100F
:10E6F0004DBDD014949B93192386521D0E562FF1B5
:10E70000B94BEEF5606DADF8D7706CFCD2202BE202
:10E71000653DEAE6BC1BA9EB0B0668EFB6BB27D745
:10E7200001A6E6D3D880A5DE6F9D64DA6ACD23C446
:10E73000DDD0E2C004F6A1CDB3EB60C97E8D3EBD55
:10E74000C990FFB910B6BCB4A7AB7DB0A2FB3AAE7E
:10E7500015E6FBAACCC0B8A77BDD79A3C660369BC3
:10E76000717DF79FA85BB4921F4675961A16328882
:10E77000AD0BF38C742DB081C330718599908A5D97
:10E780002E8D4B59F7AB085440B6C95045E68E4E16
:10E79000F2FB4F4A2BDD0C479CC0CD43217D827B91
:10E7A0009660437F4F460072F85BC176FD0B86682A
:10E7B0004A16476C93300461242DC565E94B9B11C3
:10E7C0005E565A1587701918306DD81C353D9F025A
:10E7D00082205E065B061D0BEC1BDC0F51A69337F7
:10E7E000E6BB52333F9D113E8880D03A8DD09724AE
:10E7F0003ACD5620E3EB152D54F6D4297926A9C538
:10E80000CE3B68C1171D2BCCA000EAC8A550ADD6E1
:10E81000124D6CD2CB6B2FDF7C76EEDBC1CBA1E34C
:10E8200076D660E7AFF023EA18EDE2EE1DBDA5F065
:10E83000AAA064F4738627F9C49BE6FD09FDB88994
:10E84000BEE0798D67C63A80D0DBFB84D58BBC9A5D
:10E8500062967D9EBBB03E930CADFF97B110B0AFFA
:10E86000060D71ABDF2B32A66836F3A26D66B4BC21
:10E87000DA7B75B8035D36B5B440F7B10000C1C0AE
:10E8800081C1400101C3C003800241C201C6C0066C
:10E89000800741C70005C1C581C4400401CCC00C3C
:10E8A000800D41CD000FC1CF81CE400E000AC1CAFC
:10E8B00081CB400B01C9C009800841C801D8C018EC
:10E8C000801941D9001BC1DB81DA401A001EC1DE6C
:10E8D00081DF401F01DDC01D801C41DC0014C1D45C
:10E8E00081D5401501D7C017801641D601D2C0127C
:10E8F000801341D30011C1D181D0401001F0C0304C
:10E90000803141F10033C1F381F240320036C1F66B
:10E9100081F7403701F5C035803441F4003CC1FC3B
:10E9200081FD403D01FFC03F803E41FE01FAC03AFB
:10E93000803B41FB0039C1F981F840380028C1E82B
:10E9400081E9402901EBC02B802A41EA01EEC02E6B
:10E95000802F41EF002DC1ED81EC402C01E4C0245B
:10E96000802541E50027C1E781E640260022C1E27B
:10E9700081E3402301E1C021802041E001A0C0608B
:10E98000806141A10063C1A381A240620066C1A66B
:10E9900081A7406701A5C065806441A4006CC1AC3B
:10E9A00081AD406D01AFC06F806E41AE01AAC06AFB
:10E9B000806B41AB0069C1A981A840680078C1B8EB
:10E9C00081B9407901BBC07B807A41BA01BEC07E6B
:10E9D000807F41BF007DC1BD81BC407C01B4C0745B
:10E9E000807541B50077C1B781B640760072C1B27B
:10E9F00081B3407301B1C071807041B00050C190CB
:10EA0000819140510193C053805241920196C0566A
:10EA1000805741970055C19581944054019CC05C3A
:10EA2000805D419D005FC19F819E405E005AC19AFA
:10EA3000819B405B0199C059805841980188C0482A
:10EA400080494189004BC18B818A404A004EC18E6A
:10EA5000818F404F018DC04D804C418C0044C1845A
:10EA6000818540450187C047804641860182C0427A
:10EA7000804341830041C1818180404000EC010816
:10EA80000000002000020000E801000800EE01087C
:10EA90000002002088EB00000402000810010000C2
:10EAA00043000000F8FFFFFF00404040404040406E
:10EAB0004040414141414140404040404040404051
:10EAC00040404040404040404005020202020202F5
:10EAD0000202020202020202022020202020202044
:10EAE0002020200202020202020290909090909058
:10EAF0001010101010101010101010101010101016
:10EB00001010101002020202020288888888888889
:10EB10000808080808080808080808080808080875
:10EB2000080808080202020240000000000000007D
:10EB300000000000000000000000000000000000D5
:10EB400000000000000000000000000000000000C5
:10EB500000000000000000000000000000000000B5
:10EB600000000000000000000000000000000000A5
:10EB70000000000000000000000000000000000095
:10EB80000000000000000000000000000000000085
:10EB90000000000000000000000000000000000075
:10EBA0000000000000000000000000001C00000049
:10EBB00043000000F8FFFFFF0C0000000E00000003
:10EBC0000F0000002E000000000000000000000008
:10EBD0000000000000000000000000000000000035
:10EBE0000000000000000000000000000000000025
:10EBF0000000000000000000000000000000000015
:10EC000000000000000000000000000003030000FE
:10EC100028AA00201AC801082AC80108FAC7010852
:10EC20000101010100000000492F01080D2F01081A
:10EC3000012F0108852F01081000000010000000BE
:10EC40008000000000010000E80300004000000018
:10EC50001000000000000000F4AB0020B4AB002066
:10EC600004AB0020000000000000000000000000D5
:10EC70000000000000000000747970656465662083
:10EC8000737472756374207B2075696E7433325FA0
:10EC9000742068617368464E563B2044535F4C6F46
:10ECA000636174696F6E5F742044534C6F63205BC3
:10ECB0005F4E756D445331384232305D3B20666C97
:10ECC0006F6174204943504D696E566F6C74616773
:10ECD000653B20696E74385F74204B755F4F502020
:10ECE0005B385D3B2075696E74385F742050726FBD
:10ECF000746F636F6C4D6F64653B2075696E743122
:10ED0000365F742043524331363B207D205450619E
:10ED100072616D4170703B00000000000000000057
:10ED200000000000000000000000000000000000E3
:10ED300000000000000000000000000000000000D3
:10ED400000000000000000000000000000000000C3
:10ED500000000000000000000000000000000000B3
:10ED600000000000000000000000000000000000A3
:10ED70000000000000000000000000000000000093
:10ED80000000000000000000000000000000000083
:10ED90000000000000000000000000000000000073
:10EDA0000000000000000000000000000000000063
:10EDB0000000000000000000000000000000000053
:10EDC0000000000000000000000000000000000043
:10EDD0000000000000000000000000000000000033
:10EDE0000000000000000000000000000000000023
:10EDF0000000000000000000000000000000000013
:04000005080001AD41
:00000001FF
