:020000040800F2
:1000000098D40020110300081D0300081F030008F6
:100010002103000823030008250300080000000056
:10002000000000000000000000000000270300089E
:1000300029030008000000002B030008512B0008D2
:100040002F0300082F0300082F0300082F030008C8
:100050002F0300082F0300082F0300082F030008B8
:100060002F0300082F0300082F0300082F030008A8
:100070002F0300082F0300082F0300082F03000898
:100080002F0300082F0300082F0300082F03000888
:100090002F0300082F0300082F0300082F03000878
:1000A0002F0300082F0300082F0300082F03000868
:1000B0002F0300082F0300082F0300082F03000858
:1000C0002F0300082F0300082F0300082F03000848
:1000D0002F0300082F0300081B2D00082F03000822
:1000E0002F0300082F0300082F0300082F03000828
:1000F0002F0300082F0300082F0300082F03000818
:100100002F0300082F0300082F0300082F03000807
:100110002F0300082F0300082F0300082F030008F7
:100120002F0300082F0300082F0300082F030008E7
:100130002F0300082F0300082F0300082F030008D7
:100140002F0300082F0300082F0300082F030008C7
:100150002F0300082F0300082F030008212D00089B
:100160002F0300082F0300082F0300082F030008A7
:100170002F0300082F0300082F03000800000000D1
:100180002F0300082F0300082F030008152D000877
:100190002F0300082F0300082F03000800000000B1
:1001A0002F0300082F0300082F03000800F002F8B7
:1001B00000F09EF80AA090E8000C82448344AAF163
:1001C0000107DA4501D100F093F8AFF2090EBAE861
:1001D0000F0013F0010F18BFFB1A43F0010318477B
:1001E000B0AC0000D0AC0000103A24BF78C878C191
:1001F000FAD8520724BF30C830C144BF04680C602D
:10020000704700000023002400250026103A28BF74
:1002100078C1FBD8520728BF30C148BF0B60704778
:100220006E2900F09084702900F00F82662909F091
:100230000283652909F0FF82672909F0FC826129A0
:1002400009F0FB8203681B0A28BF41F0800169297D
:1002500000F08081642900F07D81752900F07A81A9
:100260006F2900F09185782900F0DB81E92900F001
:100270002B85E42900F02885F52900F02585EF2954
:1002800000F08E85F82900F0DA810368DB0928BFC9
:1002900041F08001632900F09A84732900F09F8463
:1002A000E32901F00B82F32901F01082002070474E
:1002B0001FB509F0B3FA9DE8030000F0A3FB00F0BE
:1002C00003FE04000020002109F04CFA401C60608D
:1002D0000020002109F05CFAE060AFF30080AFF38A
:1002E000008001F0FBF91FBD10B501F060FA10BDF0
:1002F00001F0C2FA1146FFF7DBFF06F0B5FD01F091
:1003000045FD03B4FFF7F0FF03BC02F01FFD000042
:100310000A4880470A4880470A480047FEE7FEE748
:10032000FEE7FEE7FEE7FEE7FEE7FEE7FEE7FEE7A5
:1003300005480649064A074B70470000652B000830
:100340003D290008AD0100089890002098D40020B5
:100350009894002098940020704770B5064600F0ED
:1003600035FB056806F10B0020F00704B4429CBF82
:10037000002070BD2B466A68BAB11068A04210D345
:1003800004F1080188423CBF5068586007D35168A7
:10039000101941601168091B016058601460101D3C
:1003A00070BD13465268002AE7D12146284600F066
:1003B00015FB0028DED170BD70B50446051F00F0A6
:1003C00005FB0068002C14BF446870BD002C18BFEA
:1003D000AC423CBF20466468F8D301680A18AA42C0
:1003E00018BF456003D12A6805461144016028689A
:1003F0004119A1421CBF6C6070BD616869602168D1
:100400000844286070BD10B5044600F0D7FA0068B3
:10041000005D000704D5DF2C02D0A4F1200010BD40
:10042000204610BD0A46014900F0DEBBBC0000209A
:100430000FB4044910B503AA029800F0D5FB10BC14
:100440005DF814FBBC0000200FB41CB5084B06AAD5
:100450007B4469460090059800F08FFB044600201D
:10046000694600F09DFB20461CBC5DF814FB0000B3
:100470004D0700000FB41CB50C0007AA009007D070
:100480004142A14202D32044401E01E04FF0FF3020
:10049000074B7B4469460190069800F06EFB0021F3
:1004A000002C01D0009A11701CBC5DF814FB0000F8
:1004B0001507000070B5044685690068C10601D5BE
:1004C000302600E02026C00707D070BDD4E9012106
:1004D00030469047206A401C20626D1EF6D570BDE4
:1004E00070B5044685690078C00707D170BDD4E9AE
:1004F000012120209047206A401C20626D1EF6D505
:1005000070BD70B50C460546012A05D028788006D6
:1005100000D5EA69002302E0012305E05B1C934259
:1005200002D2E05C0028F9D1A869E618C01AA861D7
:10053000286A184428622846FFF7BCFF04E0D5E982
:10054000012114F8010B9047B442F8D32846FFF775
:10055000C7FF70BD2DE9F0410646002410687529DB
:10056000314616A510D000F083FA002802DA404286
:1005700013A507E031688A0701D512A502E04907F3
:1005800004D511A5012401E000F07BFA00210A2224
:1005900006F1240709E0B0FBF2FCB0FBF2F302FB2A
:1005A0001C00303078541846491C0028F3D12346EB
:1005B0002A463046BDE8F04100F06CBA0000000069
:1005C0002D0000002B00000020000000F0B40D46BC
:1005D0000188090502D5214C7C4402E01F4C7C4473
:1005E0000E34002100F1240608E002F00F07120982
:1005F000E75D42EA03721B097754491C52EA03077C
:10060000F3D102780023120704D5702D06D009B16A
:10061000022311342246F0BC00F03CBA012310340E
:10062000F8E770B504460D462146106800F029FA37
:10063000024629462046BDE870400023C6E7D21D89
:1006400022F00703D3E90023C0E70368126843F0F0
:10065000200303600823C3610023B7E76292000010
:100660002DE9F05F894604464FF0000ADFF874B1C7
:10067000FB44C0F820A02046E1688847002874D0D9
:10068000252806D0D4E901219047206A401C206229
:10069000F1E700265F462046E168884720280546A6
:1006A00007DB312D05D2781910F8200C08B106436C
:1006B000F1E7B00701D526F00406C4F81CA0002716
:1006C000C4F818A02A2D09D0284609F035F838B307
:1006D00004EB8708303DC8F8185019E059F8041B9E
:1006E000204604EB87029161E1688847012F0546A7
:1006F00018D1E069002820DA26F020061DE0D8F89D
:10070000180000EB800005EB40003038C8F81800F6
:100710002046E1688847054609F00EF80028EED12A
:10072000012F0AD02E2D08D12046E16888477F1C72
:100730000546022F46F02006C4DBA069002803DA34
:10074000404246F00106A061F00701D026F01006F5
:100750006C2D0BD0682D09D04C2D39D06A2D35D099
:10076000742D35D07A2D33D016E038E0E1682F466D
:1007700020468847B842054609D16C2F26D04FF451
:100780008060E168064320468847054604E06C2FF8
:100790001AD04FF4807006430DB3A5F1410019281B
:1007A00002D8203546F400664A462946204626608F
:1007B0004E46FFF735FD80B101280BD0F61D26F01F
:1007C000070000F1080956E74020E4E78020D8E759
:1007D0000020D6E706F104094DE7284652E7206AD3
:1007E000BDE8F09FF29100000EB5054614460E4696
:1007F00013A001F093FC284601F090FC16A001F034
:100800008DFC304601F08AFC15A001F087FC002128
:100810008DF80B100A210DF10A008DF80A1008E07E
:1008200094FBF1F201FB124294FBF1F4303200F838
:10083000012D002CF4DC01F071FC00F0BBFA00008B
:100840002A2A2A20617373657274696F6E2066614B
:10085000696C65643A2000002C2066696C65200094
:100860002C206C696E65200030B503461D781DB1E3
:100870000A4603E0AC4201D1181A30BD12F8014B10
:10088000002CF7D15B1CF1E730B503461D783DB174
:100890000A4612F8014B1CB1AC42FAD15B1CF5E7D9
:1008A000181A30BD40EA010310B59B070FD1042A86
:1008B0000DD310C808C9121F9C42F8D020BA19BA2B
:1008C000884201D9012010BD4FF0FF3010BD1AB190
:1008D000D30703D0521C07E0002010BD10F8013BE5
:1008E00011F8014B1B1B07D110F8013B11F8014B0C
:1008F0001B1B01D1921EF1D1184610BD70B50C46DC
:10090000016800204A1C3ED03C22B1FBF2F302FBFE
:100910001313B1FBF2F12360B1FBF2F302FB1313EB
:10092000B1FBF2F118226360B1FBF2F302FB131387
:10093000B1FBF2F146F2E0320A440721A360B2FBB8
:10094000F1F301FB132140F2B553B2FBF3F5A161C2
:10095000B2FBF3F103FB15228900B2F5B77F08D390
:100960009B10521EB2FBF3F52944B2FBF3F503FBD7
:1009700015220F4BE261616189077B440CD03B2A51
:100980000AD3521C08E02C21204600F072FA012004
:10099000E0600AE0521A401C195C9142FAD9521CDC
:1009A000C4E903204FF0FF302062204670BD0000F4
:1009B000028F0000704770477047704710B500F015
:1009C00083FA001D10BD00BF9D8D000000487047D8
:1009D0006C010020704770477047704738B5044677
:1009E0000A4600206946AFF30080002808BF38BDE2
:1009F00002460099204600F06BFA012038BD012024
:100A000000F033BFF8B5AFF30080054600200C4678
:100A1000102000BF0646A819A0420DD932466946EB
:100A20000020AFF30080070008BF00F01EFF009811
:100A3000A04218BF0546C419FFF7C8FF0560074666
:100A4000F01D20F007004619284600F00AF8B442CD
:100A500008BFF8BDA21B31463868BDE8F84000F079
:100A600037BA00210160C0E90110704710207047BB
:100A700009684A0501D540B27047C905FCD500B2E6
:100A8000704709684A0501D5C0B27047C905FCD551
:100A900080B270472DE9F0470D46994692460446CC
:100AA00000F124080168880604D5E06921F01001EE
:100AB000216000E00120A84201DD471B00E0002783
:100AC000A1697A1902EB0900081AA0612078C00612
:100AD00002D42046FFF7EEFC002608E0D4E901210D
:100AE0001AF806009047206A401C761C20624E458A
:100AF000F4DB2078C0060AD52046FFF7DBFC06E0D1
:100B0000D4E9012130209047206A401C2062381E21
:100B1000A7F10107F4DC07E0D4E9012118F805008A
:100B20009047206A401C2062281EA5F10105F3DCD5
:100B30002046FFF7D5FC2078000602D50220BDE84C
:100B4000F0870120FBE711680268006A530501D5B0
:100B500008700AE0D30501D5088006E0130603D526
:100B6000C217C1E9000200E00860012070470000E0
:100B700001694A1C02610878704700B58FB0CDE961
:100B800001310021059105497944CDE90310114651
:100B90006846FFF765FD0FB000BD0000E5FFFFFFF1
:100BA0000A6802F8010B0A607047D1E900239A42F3
:100BB00002D2531C0B601070704710B5436913B11B
:100BC000AFF3008001E0FFF79CFC012010BD12781C
:100BD00000F124010A7000224A700122EDE7116839
:100BE0004FF0FF32E9E70000074B70B50D467B443C
:100BF000FFF7C3FF0446284600F06CFD10B14FF02C
:100C0000FF3070BD204670BD558B00002DE9FF5FA1
:100C100015468A460446DFF8AC80F8440027D8E938
:100C200000103E46CDE9001010E03AF816106A4672
:100C300002A800F0EFFD411C07D02178890603D5FA
:100C4000E269391891420DD80744761C2078800655
:100C500002D5E069B84205DDAE42E6DB3AF816009F
:100C60000028E2D1A069C01BA0612046FFF722FC4A
:100C7000D8E90010CDE90010002017E03AF818106C
:100C80006A4602A800F0C6FDB0F1FF3F81460BD0D6
:100C900000250DF1080B05E0D4E901211BF8050042
:100CA00090476D1C4D45F7D308F10100B0428046D6
:100CB000E4DB206A384420622046FFF711FCBDE8DF
:100CC000FF9F00005A8C00002DE9F0418046D21DA4
:100CD00022F007020025D2E90002F52915A614D05A
:100CE000011E72F1000106DA0023D0EB030063EB72
:100CF000020211A608E0D8F800108B0701D50FA654
:100D000002E0490701D50EA601251146002408F18D
:100D1000240704E000F0F6F830323A55641C50EA3B
:100D20000102F7D12B46324621464046BDE8F0414C
:100D3000FFF7B0BE000000002D0000002B000000F7
:100D40002000000030B4002100F1240408E002F08B
:100D50000705D208303542EA4372DB086554491C66
:100D600052EA0305F3D10468002310A2250708D531
:100D700004F020040C4304D0C46901230CA2641EB7
:100D8000C46130BCFFF786BE10B50446214610682A
:100D9000FFF777FE02462046BDE810400023D1E76A
:100DA000D21D22F00701D1E90023CBE700000000AB
:100DB0003000000010B5002000F050FDFFF794FA5D
:100DC000BDE81040012001F0C1BF10B5203AC0F0CD
:100DD0000B80B1E81850A0E81850B1E81850A0E80E
:100DE0001850203ABFF4F5AF5FEA027C24BFB1E8A7
:100DF0001850A0E8185044BF18C918C0BDE81040EA
:100E00005FEA827C24BF51F8043B40F8043B08BFF2
:100E10007047D20728BF31F8023B48BF11F8012BB9
:100E200028BF20F8023B48BF00F8012B70474FF065
:100E300000020429C0F0128010F0030C00F01B80A7
:100E4000CCF1040CBCF1020F18BF00F8012BA8BFB5
:100E500020F8022BA1EB0C0100F00DB85FEAC17C79
:100E600024BF00F8012B00F8012B48BF00F8012B2C
:100E700070474FF0000200B513469446964620395D
:100E800022BFA0E80C50A0E80C50B1F12001BFF443
:100E9000F7AF090728BFA0E80C5048BF0CC05DF8A9
:100EA00004EB890028BF40F8042B08BF704748BFF7
:100EB00020F8022B11F0804F18BF00F8012B70476B
:100EC00000487047640100200048704784010020FA
:100ED000034640688C46002818BF88423CBF034642
:100EE0004068F8D318681844884207D00CF1030012
:100EF00020F00700001D411A521A0146081D0A6021
:100F0000FFF75ABA30B5B0F10A0271F100034FEAA7
:100F1000900E4EEA817EB0EB0E0061EB91014FEA3C
:100F2000101E4EEA017E10EB0E0041EB11114FEA4C
:100F3000102E4EEA016E10EB0E0041EB11214FEA2C
:100F4000104E4EEA014E10EB0E0041EB11414018DD
:100F500041F100014FEAD00040EA41704FEAD1016F
:100F60004FEA810444EA907410EB800544EB0104DD
:100F70006D1944EB0404521BA3414FF0000348BF1A
:100F80000A3200D530BD401C41F1000130BD2DE9D1
:100F9000FF4F0C461E464FF0FF378BB0D2E90001E1
:100FA000DDF860800A908A46C1F30A5505B93D46CE
:100FB000002108464FF00000BAF1000F00F4400095
:100FC00005DA00EB80004FF4400101EA50004FEADF
:100FD0009059B9F1010F00DDB9460A9850EA4A006C
:100FE0000ED044F61050A5F2FF3545432F14B8F14A
:100FF000000F1ED07542291E1EDDC9F100021CE043
:10100000B8F1010F4FF0000001D0302103E0F243AE
:1010100005E02154401CB042FBDB30460022002199
:1010200021540B99C1F80880C1E900200FB0BDE838
:10103000F08FBD1B6D1CDEE74A4600DA694206A848
:1010400000F080FC06AB93E8070003AB83E80700E1
:1010500050460A9907F090FF8DE80700A0F5005070
:101060001F3800900398002D0ADD42F21F014A4606
:101070000844002303A90390684608F0F9F909E041
:10108000A0F500504A461F38002303A90390684684
:1010900008F003FA8DE807000004000C03D04FF0BD
:1010A000FF30410800E01046B8F1000F03D00022E5
:1010B000009215461EE0751E05D4FFF723FF30325F
:1010C00062556D1EF9D5B3460122084302D00022B5
:1010D0007F1C04E02078302801D100227F1E002AE6
:1010E000099784D01DE0112D07DAFFF70BFF30328E
:1010F00062556D1C50EA0102F5D1084302D00098F8
:10110000C8B10EE00021681E05E0235C625C6354F8
:101110002254401E491C8142F7DBAB46A81B401EEF
:101120000990002004F80B000B98099AC0F8088079
:10113000C0E9002B7AE711264FF0000857E72DE9A8
:10114000F04F88460446D21D22F0070191B0D1E944
:101150000001CDE90A0108F0D7FA02460B98C00F4A
:1011600001D02D2007E02068810701D52B2002E067
:10117000202101EAC000032A099001D0072A05DBDB
:1011800003464146204600F09DFB0BE12078800697
:1011900001D5E06900E00620B8F1650F814606D070
:1011A000B8F1660F18D0B8F1670F70D131E00020A8
:1011B000B9F1110F009001DB112301E009F10103E6
:1011C0000AAA01A90CA8FFF7E2FEDDE90C700026CF
:1011D00009F10105834647E001204B4600904FF09E
:1011E00000470AAA01A90CA8FFF7D1FEDDE90DB05E
:1011F0000C995D46002610B909F101000D18B9EBF4
:10120000050003D4C0F1FF3609F10105A5EB090083
:101210002BE0B9F1010F01DA4FF001090020B9F11B
:10122000110F0090484601DD112300E003460AAA91
:1012300001A90CA8FFF7ABFEDDE90C704D460026B6
:101240008346207800070AD4AB4500DA5D4601A842
:10125000012D04DD411911F8011C302907D04F453B
:1012600002DA17F1040F04DA012082460FE06D1E46
:10127000EEE7002F02DCED1B3E4403E0781CA842A1
:1012800000DD7D1CB81B00F1010A4FF000472078FB
:10129000000703D4AA4501DB4FF0FF3A0021B7F164
:1012A000004F0DF143088DF8431024D002202B236A
:1012B000002F01DA7F422D230A21021EA0F1010036
:1012C00000DC5FB197FBF1FC97FBF1F201FB1C7CAA
:1012D00017460CF1300C08F801CDEEE7A8F101003B
:1012E00003702188090501D5452100E06521A0F1A1
:1012F000010800F8011C09980FA9A1EB0807FF1DC0
:1013000000B10120411901EBEA70A1693844081AC3
:10131000401EA0612078C00602D42046FFF7CAF81C
:10132000099828B1D4E901219047206A401C206225
:101330002078C00622D52046FFF7BCF81EE0002E1C
:1013400004DBB34502DD01A8805D00E03020D4E974
:1013500001219047206A401C2062761CAAF10100FE
:101360005FEA000A0AD1FFF7AFFDC0680168405C80
:10137000D4E901219047206A401C2062281EA5F173
:101380000105DCDC07E0D4E9012118F8010B9047E6
:10139000206A401C2062381EA7F10107F3DC2046BA
:1013A000FFF79EF8032011B041E600002DE9F04F51
:1013B00004460D46D21D22F0070089B0D0E90097FF
:1013C0004846394608F0A0F90246F80F01D02D230F
:1013D00007E02068810701D52B2302E0202101EAE4
:1013E000C0038DF820300BB1012000E00020032A5B
:1013F000824601D0072A04DB2946204600F062FA23
:101400003FE12078800601D40D2500E0E569C7F3AF
:101410000A560D2D49DA00214FEA175B08464FF0B6
:101420000000002F00F4400007DA00EB80004FF4CA
:10143000400100EBD07001EA60008115012901DD57
:101440004FF0FF3100224FEA850CBCF1180F06D394
:101450001346ACF118004FF08052C24003E04FF445
:10146000801323FA0CF30CF10C0CBCF1200F04D305
:10147000ACF1200C09FA0CF001E007FA0CF000299D
:101480004FF0004801DD18B90FE00ED140450CD3F4
:1014900019EB02095F4121B9404502D19F4329EA76
:1014A0000209BBEB175F00D0761C2088000502D52F
:1014B0007B48784402E07A487844193808AA3023F7
:1014C00002F80A30037C0AF10101002E0AF1020A37
:1014D00053546A4602DC4FF0300101E04FF0310115
:1014E0004FF001088DF8001002D0A6F2FF3603E09D
:1014F00059EA470100D06B4E002D02DC2178090724
:1015000004D54FF002082E218DF80110C4460021A9
:101510000BE0C7F303433F01C35C491C6D1E02F897
:101520000830052908F1010801DA002DF1DC00215D
:101530000CE000EB1973491C1B786D1E082902F89A
:1015400008304FEA091908F1010801DA002DF0DC32
:1015500021688B0602D516E0A8F10108E04505DDFB
:1015600002EB080313F8013C302BF5D0B8F1000F63
:1015700009DD02EB080313F8013C2E2B03D1090708
:1015800001D4A8F10108002D05DD3E2102F8081064
:101590006D1E08F10108407C002E02F8080008F1D9
:1015A000010804DA2D20764202F8080002E02B2020
:1015B00002F808000A214FF47A70864208F1010807
:1015C0000BDB96FBF0F3303302F8083096FBF0F3B8
:1015D00008F1010800FB136601E0642E0CDB6420B7
:1015E00096FBF0F3303302F8083096FBF0F308F185
:1015F000010800FB136601E00A2E06DB96FBF1F002
:10160000303002F8080008F1010896FBF1F001FB08
:101610001060303002F80800A16908F1010808EBF9
:10162000050202EB0A00081AA0612078C00602D465
:101630002046FEF73FFF216A08AE01EB0A00206258
:1016400004E0D4E9012116F8010B9047BAF1010A30
:10165000F7D22078C00602D52046FEF72BFF6E4653
:1016600009E016F8010B3E280FD0D4E9012190477C
:10167000206A401C2062B8F10108F2D22046FEF731
:101680002FFF09B00320BDE8F08F206A28442062B4
:1016900003E0D4E90121302090476D1EEBD3F8E739
:1016A000E983000002FCFFFF10B5436913B1AFF3FB
:1016B000008001E0FFF7AAFA012010BD128800F1B6
:1016C000240182840022C2840122EDE711684FF0D8
:1016D000FF32E9E7007B00F08000704710B5424818
:1016E0005421FFF7C6FB41485421FFF7C2FB404895
:1016F0005421FFF7BEFB3F493B483C4A3F4B086043
:101700003D490A603A491960531C0365481C10653D
:10171000012008653B48344A39A1784400F098FA22
:1017200020B9384878440A3800F056FB37482F4A29
:1017300035A1784400F08CFA20B9344878440A384E
:1017400000F04AFB32482A4A2FA1784400F080FA80
:1017500020B92F4878440A3800F03EFB4023224845
:10176000DC000021224600F050FA20B125487844E0
:10177000543800F031FB1D4822464023002100F080
:1017800044FA20B121487844543800F025FB184829
:1017900022461023002100F038FA002806D01C4809
:1017A0007844BDE81040563800F016BB10BD104814
:1017B00070B5006D20F001040B4800F0C1FA0B4831
:1017C00000F0BEFA0A4800F0BBFA09E0206D20F0F4
:1017D0000105204600F0B4FA2046FEF7EDFD2C4648
:1017E000002CF3D170BD000068000020BC00002078
:1017F000100100200000002004000020080000204C
:101800007200000092820000770000007E820000DB
:101810005E8200002DE9F04116460C460546FFF7B2
:10182000CDF8036893F80101012807D0FF2C12D8E6
:10183000185D80B101202C70BDE8F081D3F807015C
:101840003246214603F20713C7182846BC46BDE8B6
:10185000F041002360474FF0FF30EDE710B500F096
:10186000A3FABDE8104000F09ABA10B500F0BCFA37
:10187000BDE8104000F093BA7546FFF721FBAE4675
:1018800005006946534620F00700854618B020B58C
:10189000FEF74EFDBDE820404FF000064FF0000778
:1018A0004FF000084FF0000BAC46ACE8C009ACE8C4
:1018B000C009ACE8C009ACE8C00921F007018D46B9
:1018C000704700002DE9F0411F46044603260168D9
:1018D000072A01F4006004DB08B116A505E016A58F
:1018E00003E008B115A500E015A521F01000206067
:1018F000A069C01EA0610FB1401EA0612046FEF786
:10190000D9FD4FB1D4E9012138469047206A401CE7
:101910002062C01C206206E0206AFAE7D4E90121B7
:1019200015F8010B9047761EF8D22046FEF7D8FD39
:10193000BDE8F0814E414E006E616E00494E46009A
:10194000696E66002DE9F047814616468AB0354833
:1019500078440DC88DE80D0032487844801C03ACF3
:101960000DC884E80D0041F69B300844372190FBF8
:10197000F1F290FBF1F5A5F1800501FB12041B3C8F
:1019800002D56442012000E00020DFF898A08046E4
:101990000027FA44AAF1BE0A0EE0E0070AD0324658
:1019A000684607EB470101230AEB810107F075FD4B
:1019B0008DE8070064107F1C002CEED1194F7F4486
:1019C000AE3F19E0E80715D007EB04100DF1180A37
:1019D00090E80E008AE80E00C068F04201D1981924
:1019E00008903246012306A903A807F056FD03AB71
:1019F00083E807006D10641C002DE3D14FF0010354
:101A000032466946B8F1000F03A802D007F030FD56
:101A100001E007F042FDC9E90001C9F808200AB059
:101A2000BDE8F087DC7F00002DE9F05F0546174632
:101A30000C46C86820F4201040F48000C86080067E
:101A400002D5084600F015FBE06841F282014FF034
:101A5000FF3A0140022903D0204600F0A7FAB9E07E
:101A600000F42041B1F5004F0FD1C00306D56168E5
:101A7000E06A884200D80846606006E02069E062BB
:101A8000606060694FF0FF30A061A0680022EEB294
:101A900000280DDAE1688B050AD4C043A06041F448
:101AA00090302260E0606068411C61600670AAE0CE
:101AB000E0689146226040F40050E060206978BB05
:101AC0006069002000BF04F124054FF00108A8B1AF
:101AD000A08910F4407F08D0E069FEF73EFC206149
:101AE00018B1E06840F4006017E0C4F81C8025617C
:101AF000E06820F4407040F480600EE0E069FEF79A
:101B00002CFC00282061F0D0E06840F4006010F464
:101B1000407FE06002D140F48070E0602069606046
:101B2000E06825696FF0010BC1051ED56168E06AA8
:101B3000884200D80846411B04D02246284600F0BF
:101B40003FFAE8BB1FB1E562C4E9015959E0681CDE
:101B5000E0626060E069401EA060E06840F48030B0
:101B6000E06030462E70BDE8F09F17B100F480327F
:101B70000AE06068411C61600670E0680A2E40F46B
:101B80008030E06006D00022E16A6068814203D9BB
:101B90000B4602E00122F7E70346B4F80CC05B1BDA
:101BA0005FEA4C5C04D4D4F81CC09C4500DD02B351
:101BB000814200D80146002BA1EB0008E56200E05D
:101BC00008E0C4E9015907DD22461946284600F01D
:101BD000F7F908B15046C6E7B8F1000F09D0A1697E
:101BE000E5626560A1EB0800A061E06840F01000CC
:101BF000E06047B16168A069E562491B084465601F
:101C0000A0615846AFE73046ADE770B5C468A50798
:101C100013D0650211D4B2F5807F09D0B2F5007FF0
:101C200006D0B2F5806F08D1012300F1240106E04F
:101C30005D1E6FF07F46B54201D3012070BD01618A
:101C4000C361416024F470611143C160002070BD24
:101C50002DE9F0410C461646070047D0104600F02B
:101C60006FF82078611C61280AD0722802D077288A
:101C70003CD102E00125002405E00225042402E015
:101C8000082448F2020511F8010B2B2806D062281F
:101C900009D011F8010C74280AD00BE045F00305B7
:101CA00044F00204EFE745F0040544F00104EAE7DC
:101CB00044F0100438462146012000BF411C15D0D5
:101CC0000021316171604FF40071F560F161706164
:101CD000200704D530460222002100F0EBF8306DD9
:101CE00040F0010030653046BDE8F0810020FBE7A0
:101CF0002DE9F0410D460646104C206DC10704D079
:101D0000410804D020F00104F7E722460EE05420F9
:101D1000FEF723FB07000ED0206D47F001010843BA
:101D2000542120653846FFF7A4F83A462946304644
:101D3000BDE8F0418CE70020D6E7000068000020F5
:101D40002DE9F04704464FF0FF380026C568D4E976
:101D50000497A80718D0204600F068F938460020FC
:101D600000BF002800DA4646280502D54846FEF79F
:101D700023FB4C212046FFF77CF8206D20F001006A
:101D800020653046BDE8F0874046FBE710B50446C5
:101D9000AFF300802046BDE81040FEF7B2BA00283D
:101DA00001D000F0D3BF704710B5002102A000F0B1
:101DB00081F9012010BD0000534947414252543A75
:101DC0002041626E6F726D616C207465726D696E18
:101DD0006174696F6E00000010B500F085F9BDE810
:101DE0001040FFF7DCBF000010B5012805D000212E
:101DF00003A000F05FF9012010BD09A1F8E7000081
:101E000053494752544D454D3A204F7574206F66E3
:101E10002068656170206D656D6F7279000000004B
:101E20003A2048656170206D656D6F727920636F2F
:101E3000727275707465640030B44FF0013C50F8F4
:101E4000042B51F8043BCCFA52F4D51A20D1FCB93A
:101E500050F8042B51F8043BCCFA52F4D51A17D1A0
:101E6000B4B950F8042B51F8043BCCFA52F4D51A0B
:101E70000ED16CB950F8042B51F8043BCCFA52F453
:101E8000D51A05D1002CDAD030BC4FF000007047D5
:101E900029BAB1FA81F111F01801D1F12000844082
:101EA000F2D1CA40CB4012F0FF0213F0FF0330BC66
:101EB000D01A70472DE9F041044616460D46476991
:101EC000007B80072ED03846002000BF50BB3EB3B9
:101ED000012E02D0022E25D104E0204600F06DF93B
:101EE00005441DE038464FF0FF30E168002841F01E
:101EF0001001E16005DA204600F058F80120BDE845
:101F0000F081C9030BD56268E16A914200D811469D
:101F1000A26911442269891A814200DD08460544FC
:101F2000002D01DA0220EAE7E16A6068E268814296
:101F300006D29103E06203D522F4003141F0100291
:101F4000A6690027AE4213DCE16A814201D90B4643
:101F500000E0034603EB060C2369ACEB030CAC4535
:101F600006DD814201D98C4600E084469C4505D1BE
:101F7000A760276042F02000A5620DE0AD1BE66976
:101F8000AE1B8142A66000D90846C01A281A2060FC
:101F90005819606022F0200003490840E0600020EA
:101FA00084F84870ABE70000BFCFD7FFC16821F4C9
:101FB000001141F08001C160002181600160704723
:101FC0002DE9F74F15460C464FF0FF3B3848D768D0
:101FD000D2F814A0074209D05046A9694FF0FF304B
:101FE000002819DB3248C0430740EF604FF000493A
:101FF0006FF000484C4501D3464600E02646009964
:102000003B4650463246002000BFA96920F00042FE
:10201000B21A1144A96128B12846FFF7C7FF5846F4
:10202000BDE8FE8FA41BE5D10020F9E770B504469A
:102030000569C06A6168884200D80846E16821F4F1
:102040002011E160C90312D5A84208D02246411BE5
:102050002846FFF7B5FF10B14FF0FF3070BD0020EC
:10206000E562C4E90150E06820F48030E0600020BF
:1020700070BD10B50446C06820F02000E060A16A81
:10208000A06988420DD02046FFF7D0FFE06820F419
:10209000405040F01000E060A06AA0612069E0625A
:1020A000606044F24001E0688843E06010BD0000D9
:1020B0001000020070B505460C460A2000E06D1CB9
:1020C000AFF3008035B128780028F8D102E0641C15
:1020D000AFF3008014B120780028F8D1BDE870403B
:1020E0000A2000F034BE000010B5014602A0FFF740
:1020F000E1FF012010BD00005349475254524544AE
:102100003A2052656469726563743A2063616E2790
:1021100074206F70656E3A200000000010B504490D
:1021200000F03AF8BDE81040014800F01EB8000089
:102130001001002070B50446C068810713D08006E6
:1021400001D5A56A04E0A169606808442169451ABF
:102150002046FFF76BFF0022064629462046FFF780
:10216000A9FE304670BD002070BD70B510B1BDE84D
:102170007040DFE70025074C6E1E07E02046FFF7A2
:10218000D9FF00B13546206D20F00104002CF5D1B7
:10219000284670BD6800002070B50D46044604E076
:1021A000294607F0D0FA401C04D014F8010B00288F
:1021B000F6D170BD4FF0FF3070BD10B50146C2685A
:1021C000900703D0900607D5886A0AE000F05CF813
:1021D00001210160881E10BD8B69486818440B6995
:1021E000C01A91F848301BB191F84910401A10BD3F
:1021F0001103FCD50028FADD401E10BD032A40F271
:10220000308010F0030C00F0158011F8013BBCF198
:10221000020F624498BF11F801CB00F8013B38BFB0
:1022200011F8013BA2F1040298BF00F801CB38BFBE
:1022300000F8013B11F003033EF4C7AD083AC0F0CB
:10224000088051F8043B083A51F804CBA0E8081084
:10225000F5E7121D5CBF51F8043B40F8043BAFF3B7
:102260000080D20724BF11F8013B11F801CB48BF11
:1022700011F8012B24BF00F8013B00F801CB48BF47
:1022800000F8012B704700000048704764010020EF
:1022900053EA020C00F069802DE9F04B4FF0000684
:1022A000002B1FBFB3FA83F503FA05F424FA05F6F1
:1022B0005E4012BF1643B2FA82F502FA05F4C5F188
:1022C00020051EBF22FA05FC44EA0C04203556EA1C
:1022D000044C4FEA144418BF641C4FF000084FF040
:1022E0000009904271EB030C39D3002919BFB1FAF0
:1022F00081F701FA07F6B0FA80F700FA07F6C7F19E
:1023000020071EBF20FA07FC46EA0C062037B6FB62
:10231000F4FCA7EB0507103F07F01F0BCBF12006DD
:102320002CFA06F60CFA0BFB44BFB3460026202F0E
:10233000A4BF5E464FF0000B5BEA060C08BF4FF0EF
:10234000010B19EB0B0948EB0608ABFB027C06FB03
:1023500002CC0BFB03CCC01B71EB0C01C1E70B469D
:10236000024641464846BDE8F08B13B5084318BF06
:102370004FF0FF300146AFF30080BDE81C407047CE
:1023800002F0FF0343EA032242EA0242FEF751BD94
:1023900070B50A2800F26C800C461546DFE800F0A4
:1023A0000E0606222D353D456A4D5900681E02284D
:1023B0005CD3002D40F08480002080E0681E02285D
:1023C0006AD22168B1FA81F040090029BB490FBFE8
:1023D00001220022C1E90C22C1E90E22012D0A705E
:1023E0005DD16DE0681E022840D3002D68D15648AB
:1023F0003C214068B0FBF1F061E0681E022835D353
:10240000002D5DD15048408859E0681E02282DD328
:10241000002D55D14C48008951E0681E022825D373
:10242000002D4DD1A548406A49E0681E02281DD301
:10243000002D45D1A148807F41E0681E022831D29D
:102440009E48807F90B120684349C217C1E91602B7
:1024500009E0681E022829D29848807F30B12068A0
:102460003D49A1F8600000F03BFB29E00B2028E08B
:10247000052026E0681E02281DD22668022031466B
:1024800000F0C4F88D4988773348C0F86A6000F0DE
:1024900027FB012D10D113E095B98848007880F012
:1024A00001000CE065B92C48806D08E045B92A4868
:1024B000B0F8600003E01DB92748D0F86A0020603A
:1024C000FF2040B270BD00BF08B1052018E010B574
:1024D0002DED028B0C4600F0D5F807F06FF908EEF1
:1024E000100A00F0CBFB00EE100AFF20B8EE400A05
:1024F00088EE000A84ED000ABDEC028BBDE81040B6
:1025000040B27047D0F800D0D0F804F0F0B54FF6E4
:10251000FF73002241F221048A4204BF98B2F0BD49
:10252000855C83EA0523082545B11EB25F00002EB5
:1025300048BF84EA43073B46013DF5E70132EBE73C
:1025400001480A21FFF7E2BF4002002002483A2179
:102550003430FFF7DBBF00BF90020020BFB5044658
:10256000684600F0BBF807499DE82D0081E82D0082
:102570004FF0FF3006F0E0FC214606F0DDFCC043E2
:1025800004B0B0BDB48E0020B0B5002201230024F9
:102590008C4209D0055D2A44B2F5807F02D353FAFC
:1025A00082F2F9E70134F3E7D043C0B2B0BD0000D6
:1025B00010B50C46FDF727FF3038172803D206491F
:1025C000C140C90705D1207840F001002070FF20EC
:1025D00010BD02A1085C10BDFF037E0000010203D4
:1025E000040506070809000000000000000A0B0CA3
:1025F0000D0E0F00044B01F00F0209099A5C595CA3
:1026000042700170704700BFE099000810B50C4699
:10261000044951F82000FFF7A1FF001BB0FA80F039
:10262000400910BD80990008002221B110F8013B3B
:1026300001391A44F9E7D0B270470000B0B500F094
:1026400021F804460D4600F019FB0649B0FBF1F0F5
:10265000241845F100052046294600F005F800B988
:10266000F9E7B0BD40420F0070B50C4605460026A4
:1026700000F008F8281A74EB010038BF0126304634
:1026800070BD000070B50C4A0C48D0E914145368B2
:10269000D0E9145666404D403543F6D115681268AE
:1026A000D21A01356C430132E1FB0524D0E9160151
:1026B0008018614170BD00BF14E000E0C801002037
:1026C0000146F64849B1012905D0022904BF00F5A9
:1026D00060507047FEE700F55040704707490A68B0
:1026E00012BAC2604A6812BA8260896809BA416047
:1026F0000349096809BA0160704700BF107AFF1FDB
:1027000000ED00E0F8B50646FFF7DAFF3B4D044662
:1027100005F5003106F022FCB8B139484FF40771D5
:10272000626816FB0100014651F8103FFE2B0CD8E1
:102730004369034483F81C210A6801320A60416935
:10274000013141614169C9B241612E4F204607F113
:10275000011106F003FCF0B129484FF4077116FB94
:102760000100014651F8042F6AB1C2680244127F89
:1027700062600A68013A0A60C1680131C160C168DB
:10278000C9B2C16007E0E06820F08000E060E06866
:1027900040F04000E0602046394606F0DFFB10B311
:1027A000E0684FF4077120F04000E060144816FB29
:1027B0000100406820B1E06840F08000E06012E075
:1027C0004EB1012E0BD0022E04D10F480421C0F8C7
:1027D000001C08E0FEE70C484FF4005102E00A48F4
:1027E0004FF4805101602046294606F0B7FB18B12E
:1027F000206820F008002060F8BD00BF050303003A
:1028000060880020060306002804024069682878D2
:10281000AA7806F0E5BADBE91001FFF725BF0390BF
:10282000504600F07BBDFF22896AFFF7A9BD41EA4F
:1028300080232846594601F075BD01224FF400530C
:102840007047002100F06ABD294602F0FBBC4DF83C
:1028500008ED04F055FA00285DF808EB70472846AB
:102860000221012240233847012100F54445284632
:1028700038475A460294CDE90005584600F0F1BEAB
:1028800007B0BDE8F08FDBE91201FFF7EDBED9F824
:1028900004000130C9F8040000F0FCB90468C06904
:1028A0001D46049B00FB012120462A46704720223A
:1028B000FFF7A4BCA06E81691498B0FBF1F202FB93
:1028C0001101002970470297CDE900B0204602F0BF
:1028D000CDBA00220021042A04BF08467047835C59
:1028E000013243EA0121F6E700220021042A04BF55
:1028F00008467047835C013243EA0121F6E710EE97
:10290000101A0022042A08BF704781540132090AB4
:10291000F8E7032253B2002B04D4D3B2013AC154D6
:102920000912F7E77047032253B2002B04D4D3B245
:10293000013AC1540021F7E7704700002DE9F84340
:102940002A4D2B4CDFF8AC80002100224FF400739D
:102950004FF40076286840F0020028602046C04707
:10296000254F2046012100224FF40073B847A6618D
:102970000121012240234FF04009286840F0100057
:102980002860286840F010002860286840F00400A3
:10299000286004F540652846C047284601210022EA
:1029A0004023B847154E2846012101222023C6F8AE
:1029B00000904FF02009C047284601210022202323
:1029C000B84704F580650121FFF737FFC6F800908E
:1029D0004FF400562846C0472846012100224FF4F4
:1029E0000053B847C4F82864BDE8F8833038024083
:1029F00000040240312E00087F2E000828100240FB
:102A0000B0B50446C0680D461D4920F40050E06092
:102A100003208C4215D01B498C4211D01A498C429C
:102A20000ED01A498C420BD019498C4208D0194952
:102A30008C4205D018498C4203D0184884421CD1DE
:102A4000022006F05BF9E168090405D400EB5500AB
:102A5000B0FBF5F080B20AE040004FF6F07100EBF9
:102A60005500B0FBF5F00140C0F342000844A060FF
:102A7000E06840F40050E060B0BD0020E3E700BF34
:102A80000014014000480040004C0040005000404D
:102A900000780040007C00400010014000440040ED
:102AA0000648074A4FF4007301780029B1FA81F112
:102AB00008BF10321360490901707047848F0020ED
:102AC0001804024005490A689207FCD54860086866
:102AD0000006FCD44868C0B2704700BF08500140EF
:102AE00010B5894C207D012807D14FF47A7000F091
:102AF00005F8C4E91C010120607510BD70B50446DD
:102B0000FFF7C0FD05460E4600F0B8F8A0FB040133
:102B10004FF47A720023FFF7BBFB4019714170BD7F
:102B20007CB5054600200DF107060C468DF8070020
:102B300028783146FFF73CFD000131462070687867
:102B4000FFF736FD2178084320709DF907007CBD12
:102B50006D48D0E91412013142F10002C0E91412AB
:102B6000704700BF18B53F48016841F4700101602B
:102B70003D48016841F00101016001688907FCD509
:102B8000816841F0800181600021009100994F2906
:102B900002D800990131F8E7816841F09001816025
:102BA0000021009100994F2902D800990131F8E7DE
:102BB00081682E4A21F003018160016811400160A3
:102BC000016821F480210160002181608268284A27
:102BD0004260C160026842F4803202604FF6FE72C9
:102BE0000468013A41F10003A40301D4002BF7D19A
:102BF0000168890300D4FEE7016C41F08051016453
:102C00001C490A6842F440420A6082688260826815
:102C100042F400428260826842F4A0528260164A06
:102C20004260026842F08072026002689201FCD544
:102C30000A6842F480320A604A68D203FCD50A6806
:102C400042F400320A604A689203FCD5816821F0A0
:102C500003018160816841F0020181608168090798
:102C6000FCD518BD88ED00E000380240FFFFF6FEFD
:102C700010300024007000400814400A80B5012084
:102C800006F03CF802490968490758BFC00880BDF2
:102C900010E000E070B5AAB01B4E707C10B16FF070
:102CA00002002EE00020194A40F2031319901AA9DD
:102CB000CDE91710B06A17A9009102A902F0ACFD86
:102CC000002817D4124C05202070FFF739FC6081D2
:102CD000B06A02AD22460C23294603F045F90446AA
:102CE000B06AFFF7B1FD0C2C07D1B0F1FF3F04DD56
:102CF000002006E04FF0FF3003E0012070746FF019
:102D000001002AB070BD00BFC8010020E6A1000884
:102D1000400200200220FFF7F5BC0020FFF7F2BCC4
:102D20000120FFF7EFBC00000648BFF34F8F064AB3
:102D3000016801F4E06111430160BFF34F8F00BFF0
:102D4000FDE700BF0CED00E00400FA05FEE7704768
:102D500010B50446407818B908484FF40061016185
:102D60002078062106F036F8607818B903484FF449
:102D700000610160BDE81040FFF760BC1810024020
:102D800010B51149114A06231068C4030CD4C405B8
:102D90000CD404060CD444060CD4C4065ABF8007D5
:102DA00003EAE070052006E0012004E0022002E0D2
:102DB000032000E004200131012801D10029E3D1E2
:102DC000002908BF072010BD010000B00C3C0240E4
:102DD000F0B5D0F820E0446A00254FF00F0C002732
:102DE000082F0ED022FA07F6F60707D00CFA05F3E3
:102DF00001FA05F62EEA030343EA060E043501370D
:102E0000EEE7082500264FF00F0C102D0CD022FA0B
:102E100005F3DB0705D00CFA06F701FA06F3BC430D
:102E20001C4304360135F0E7C0F820E04462F0BDF1
:102E30002DE9F043D0F800E0D0F80C8000264FF0E8
:102E4000030C0027102F14D023FA07F4E4070DD049
:102E50000CFA06F502FA06F928EA05042EEA050539
:102E600044EA090801FA06F445EA040E023601377D
:102E7000E8E7C0F800E0C0F80C80BDE8F083F0B5EA
:102E8000012941684FF0030C14BF99431943416075
:102E9000002400268168102E04BF8160F0BD23FA53
:102EA00006F7FF0705D00CFA04F502FA04F7A94368
:102EB000394302340136EEE72DE9FC41344E0D462C
:102EC00004464FF00008D4E9162191420DD2606EFD
:102ED000CB0801F00707C35CFB40DB072AD0206E5C
:102EE0000131E16501382066EFE7226E636DE06E27
:102EF000EAB31944C4F85C80B1FBF0F303FB101093
:102F00006065D4E91901C96AB2EBC10F88BFCA0074
:102F1000A265FDF78CFF204631462246012303F0CF
:102F2000CDFA0028CFD0E26E0021C4E91611226646
:102F3000BDE8FC81626DE36E1144B1FBF3F202FB6C
:102F4000131104F1580329600ECB0132013B8A4270
:102F5000C4E9172308D2D50802F007060132013B65
:102F6000455DF540ED07F2D10020BDE8FC81094A3E
:102F700019440092B1FBF0F202FB1013D44906A0F1
:102F800040F2BF22FDF754FA6FF01B00BDE8FC8150
:102F9000C12F00088CAA000825733A25643A65728F
:102FA000726F723A204E6F206D6F72652066726587
:102FB00065207370616365203078257825730A0079
:102FC00010B5D0E91523C46E891A2144B1FBF4F27F
:102FD00002FB1411994209D2406E01F0070201234D
:102FE000C90803FA02F2435C1A434254002010BDA0
:102FF0002DE9F04F87B0129F984691468A46834646
:10300000002605ACBE421BD21098BD1BA9EB0603DF
:103010005246082D28BF0825CDE90245304400213D
:10302000CDE90080584600F079F978B911982A4620
:1030300081192046FDF736FC002803D12E44E1E734
:10304000002003E04FF0020048BF0120FFF718BC4A
:103050002DE9F04F87B0DDE9118B049391468A4644
:103060000746002605AC46451CD21098A8EB06057D
:10307000A9EB06035246082D28BF08250499CDE97F
:1030800002453044CDE900103846FFF7DAFB50B96D
:10309000DBF8000021462A4600F044FACBF8000095
:1030A0002E44E0E70020FFF7EBBB000080B5C26EC6
:1030B0008A420BD9806EC26890470128B8BF80BD94
:1030C0003C4883494FF48B72FDF78EFB804902A088
:1030D0004FF48A72FDF788FB626C6F636B203C20B3
:1030E0006C66732D3E626C6F636B5F636F756E749D
:1030F000000000002DE9FF470C46096811F1030F9D
:1031000001D9002016E08246C06E814235D2DAF83D
:1031100068009046D4E901269946E3688569876886
:103120002E44013EB6FBF5F66E430096B8470128E3
:1031300028DA10B104B0BDE8F087B9F1000F13D060
:103140004FF0FF30E1683246C8F80000D4E90030A3
:103150008DE8430050464146FFF74AFF0028E9D476
:1031600002D06FF05300E5E7DAF86810E068FFF787
:103170005AFB4FF0FF302060C3E7E94904A0B322B7
:10318000FDF732FBE548E649B722FDF72DFB00BF0E
:103190007063616368652D3E626C6F636B203C20D9
:1031A0006C66732D3E626C6F636B5F636F756E74DC
:1031B00000000000B49D00082DE9FE4F0C9C07465E
:1031C0000E46CDE90123A01C02D0F86EA0425ED9C4
:1031D000B96EDDF83CB0DDF83480C9690BEB08004E
:1031E00088424FD8DDF838A04FF00009BBF1000F3E
:1031F0003FD03068A04207D17168414504D8BA6E0B
:10320000926A531898450CD3013035D1B86E3460AA
:10321000C6F808908069B8FBF0F14843706020461A
:10322000E8E7A8EB0100F368A1EB08018D1851460F
:10323000AB4538BF5D4618442A46FEF7DFFFD6E9A6
:103240000101A844ABEB050BAA44A8EB00008142A6
:1032500088BF0846B96EB060896A8842C6D1DDE988
:10326000012338463146FFF745FF0028BED0BDE8B0
:10327000FE8F0020BDE8FE8F154916A04FF4837223
:10328000FDF7B2FA12491CA0E922FDF7ADFA104988
:1032900001A0E822FDF7A8FA626C6F636B203D3D48
:1032A0002028286C66735F626C6F636B5F74292DD6
:1032B0003229207C7C20626C6F636B203C206C6622
:1032C000732D3E626C6F636B5F636F756E7400008D
:1032D00092A000087063616368652D3E626C6F6345
:1032E0006B203D3D2028286C66735F626C6F636BBA
:1032F0005F74292D312900006F6666202B207369C9
:103300007A65203C3D206C66732D3E6366672D3EDA
:10331000626C6F636B5F73697A6500002DE9F04F33
:1033200089B005468B46139C159F0893A96E3819E2
:10333000C969884200F2B380E86E129E944610B1CB
:10334000B04240F2AC8008980CF10C01DDF850A0BE
:10335000CDF814B002910BF10C01013801910390EA
:10336000002F00F0A1802044CDF810A0CDE9067018
:10337000BBF1000F38460FD0DBF80000B0423846F2
:103380000AD1DBE9011250188442384604D2081BE6
:103390006ED9874238BF3846DCF80010B1420AD1F6
:1033A000DCE901135A18944205D20A1B47D990420E
:1033B00038BF024600E002460898874208D3A86E4C
:1033C0004169B4FBF1F303FB11430BB98F423ED2C9
:1033D000E86E08B1B0426ED9A86EA946079DA24614
:1033E000CCF80060B6466646F0464169C369D0F83D
:1033F00004B0876A0D44B4FBF1F4B5FBF1F504FBAE
:1034000001F24D43CCF804209D4238BF2B4604FB0B
:103410001131B94238BF0F46DCF80C307146CCF898
:1034200008700097D847012840DADDF814B0069FED
:10343000B44600284D465446464699D031E002EB4A
:103440000309E046484538BF8146029817E0B2FBC1
:10345000F1F2DDF810A0E046D0F804C002FB01F95B
:10346000314622465346CDF80090E04780B118E03F
:1034700000EB0209E0464F4538BFB94601980068A5
:10348000DDF810A0611A4A4601445046FEF7B6FE28
:103490000398A7EB09074C44CA44C44660E76FF0A1
:1034A000530009B0BDE8F08F0020FAE71B481C4923
:1034B0007622FDF799F91A4901A06B22FDF794F9DC
:1034C000216C66732D3E626C6F636B5F636F756E0C
:1034D00074207C7C20626C6F636B203C206C667374
:1034E0002D3E626C6F636B5F636F756E74000000DE
:1034F00010B504464FF0FF30002310602046FFF760
:10350000F9FD20B9A06E01698847012800DA10BDD5
:1035100002480349DD22FDF767F900BFB49D0008AA
:1035200092A00008B0B50B4B9AB111F8014B013ACB
:1035300080EA040505F00F0553F8255085EA1010C0
:1035400000F00F0585EA141453F8244084EA1010A3
:10355000EAE7B0BD189A00082DE9F04F87B00C4695
:1035600011990692ABB30546581E0590A86EC7691F
:1035700005A9384600F03BF8064610A9384600F089
:1035800036F807464FF004090DF1180A4FF0FF3BDB
:10359000BE4223D9F11B96FAA6F20698B1FA81F140
:1035A000B2FA82F82246C1F11F01414538BF884670
:1035B0004FEA88018DE803042846CDF80C900021DD
:1035C0000423FFF7ABFE0BFA08F100280E44DFD00E
:1035D0000BE04FF0FF300860002003E006981199DF
:1035E00008601098129908600020FFF749B9F0B5FB
:1035F0000B68A0F108029A4284BF0020F0BDB3FB23
:10360000F2F04FF055346FF00307013804EA50052B
:10361000401B4FF0333505EA900620F0CC303044A3
:103620004FF0013600EB101020F0F030704307EA45
:103630009050181A0838B0FBF2F004EA500400FB6E
:103640001232041B05EA940524F0CC342C4404EB1C
:10365000141424F0F034744307EA9454121B0A60E3
:10366000F0BD2DE9F04F89B0824612984FF0000B63
:10367000CDE90412A0B30138DDE913451F460890D7
:10368000DAF86800C06908A9FFF7B1FF06462846C6
:103690003946A04718BB3EB306F00109CDE9007BCF
:1036A00006A8DDE90412C9F102084FEA8803CDE952
:1036B00002035046FFF732FE88B989F00107002166
:1036C000B94206D206992846A04701210028F7D022
:1036D00005E006A8A6EB080650F82770D7E7834652
:1036E000584609B0BDE8F08F4FF0000BF8E7000036
:1036F00010B50B4CA06E416B19B9E068FCF75CFE8D
:10370000A06E816B19B9E069FCF756FEA06EC06B24
:1037100000B110BD606EBDE81040FCF74DBE00BFAB
:10372000988F002000207047B0B5FFF7B7F805F07C
:1037300003FA0020B0BDB0B5FFF7B0F805F058F9B6
:10374000002858BF0020B0BD002070477FB50C4650
:1037500005460126032E0AD006F0010004EB800185
:103760002846FFF7A9FB01360028F3D02AE0002005
:10377000264621680422042346F8080FCDE90010EC
:10378000CDE90262284600212A46FFF7C7FD3168CD
:1037900010B110F1540215D1A86E406A012808DB5F
:1037A000013040F0010001440139B1FBF0F1484320
:1037B00030604FF0FF3100200422C4E90321C4E946
:1037C0000501E16104B070BD10B5044600F0F0FEE3
:1037D000002805D405D02046002102F03DFC00B1B0
:1037E00010BD002010BD10B513460A46D0E90041B7
:1037F0002046BDE8104000F010B80A4640F2FF3302
:103800006FF39F229A4208BF013102686FF39F2134
:10381000114404310160002070472DE9F04F87B05A
:10382000064610460C4640F2FF3117466FF39F20C4
:10383000884208BF0137606861696FF39F27384489
:103840000430884202D96FF01B000FE0A06822F01C
:10385000004A994615462146042380EA0A0000BA28
:10386000069006AA304600F01FF908B1FFF708B825
:10387000B5F1FF3F0BDD304621464A463B4600F09E
:1038800013F90028F2D10020C4F808A0EEE70025C3
:103890004FF0010B0DF11708002FF4D0D9E900010A
:1038A00032463B4629448DE803093046FEF7C9FFFE
:1038B0000028DBD1304621464246012300F0F4F8CF
:1038C000013F01350028E7D0D0E700002DE9F04F97
:1038D0008BB00446D1F804900D464FF00008A16E5D
:1038E00009F11400D1E90621884238BF0146881841
:1038F0000138B0FBF2F000FB02F6A6F114000690CE
:1039000004F11000079008A80430049000200590EE
:10391000B14580F0988009F10401FF2040F2FE33A8
:10392000721A8DF82B009A4228BF1A46069F11443E
:10393000B94238BF0F46B14228BF0F46B74238D30D
:10394000A06ED0E90630C01A874201D9FF2030E0CE
:10395000286800212246CDE900070DF12B000290D6
:10396000012003902046FFF7D9FC18B110F1540153
:1039700040F092804FF0FF302B6821460990A06EF6
:1039800082690498029020460892CDE90072FFF700
:103990005FFB10B110F154017ED1414A2046294607
:1039A00008ABFFF73AFF002876D1D5F804909DF8D0
:1039B0002B00A7EB090180F080000DF1200B042201
:1039C000043941EA4030374940EA010AD5E902109A
:1039D00081EA0A0109BA08915946FFF7A3FDE86098
:1039E000099028680799224600238DE8010A0820DB
:1039F00003902046FFF7E0FB00284DD1B8F1000FFF
:103A000004D16868E96800F1040805919DF82B006D
:103A10008021B74221EA00008AEA0060C5E901700E
:103A20004FF0FF30E86005D2A16E6069896A0844F2
:103A3000874206D3079920462246FFF759FD58BB17
:103A40006F68B94664E728694FF0FF312B6808F1C9
:103A500004020891A8EB0001CDE9000108AE204660
:103A600021460296FFF7F4FAB0B908980599884202
:103A700010D12B680420214604220296CDE9008053
:103A80002046FFF7E5FA38B90898002818BF6FF00C
:103A9000530001E06FF053000BB0BDE8F08F00BFA2
:103AA00008FCFF5F00FC0F50F0B585B00D460968BB
:103AB00016461C466A68039300238DE8460000F111
:103AC00010010246FFF778FB074640B9E868314627
:103AD0002246FFF727FDE8606868204468603846A2
:103AE00005B0F0BD2DE9F04F9BB00446806ECDE9E6
:103AF0000A230D46406A00F049FDAA46269E4FF073
:103B000000095AF8081F0131CAF8001068B14FF0D7
:103B100001082846CDE9199819A9FEF798FE06D0A4
:103B20004FF0FF3001272061AEE04FF000084FF06A
:103B3000000BA26E4FF0FF306968CDF85C901690D4
:103B4000CDE91490D06C139100B9D0690838189061
:103B50002046FFF7ABFA10F1540100F084800028F2
:103B600040F0BC8013AF2046524604233946FFF78D
:103B70009BFF10F1540176D0002840F0AF80CDE9D2
:103B8000114711A8259900224FF0FF33079067488D
:103B9000CDE9031606904842249900B20590644886
:103BA00002900B9801900A980090204601F096F937
:103BB00010F1540157D0002840F090802B4653F864
:103BC000180F01300FD0E86901300CD0E87D594959
:103BD00041EA005213A92046FFF71FFE10F15401DD
:103BE00041D000287AD15FEACB704FF000024FF04D
:103BF000000109904FF0000008D104F13807D4E922
:103C00000C12666C89CF7A405940704004F1480725
:103C1000C8CF7840724010900F9281EA030040F2C2
:103C2000FF31884329460E900EAA204600F088FBFB
:103C3000002853D10E98269E18B90F9808B91098ED
:103C400050B13D4A13A90EAB2046FFF7E6FD10F137
:103C5000540108D0002841D113A92046FFF736FEB1
:103C600010F154013DD14FF0FF30012720615FEA90
:103C7000C87009D131486B68324940F63302009070
:103C80002F48FCF7D5FB002701200D9000200C9059
:103C90000CA9284603F034F8291DA0B12046FFF7EF
:103CA0000BF94FF0010B4FF0000800283FF441AF33
:103CB00010F11C0112D14FF0010B4FF00008002F42
:103CC0007FF437AF08E01D480B681E4940F6390203
:103CD00000901DA0FCF7ACFB6FF01B001BB0BDE813
:103CE000F08F0028FAD1FEF7E5FD18D11599C5E946
:103CF00003012598301AA882D5E90001C5E9001012
:103D00000020C4E912002065099828B904F13002A6
:103D100004F13C0307CA07C30BF00100DEE71848B3
:103D2000084940F62102FCF75FFD00BFE7370008B5
:103D300000FC0F4008FC0F600CFCFF7F8CAA000801
:103D4000C89B000892A0000825733A25643A776161
:103D5000726E3A205375706572626C6F636B2030BF
:103D600078257820686173206265636F6D652075C2
:103D70006E7772697461626C6525730A00000000D9
:103D80003B9E00081FB500234FF0FF34CDE90043F0
:103D9000CDE902334FF0FF3300F002F804B010BD5C
:103DA0002DE9F04F9BB08246C06E934648B1DBF8D8
:103DB0000020824280F00682DBF80420824280F0FC
:103DC00001824FF000094FF004080027002400256D
:103DD00004930E91CDE91899022D20D05BF80700CD
:103DE00018A952460423CE190021CDE900095046F6
:103DF000CDE90268FFF792FA10F154010CD00028C7
:103E000040F0E28185F0010018A951F820003168E6
:103E1000081A0028C8BF2C4604370135DCE704EB3C
:103E2000D4700E9D4FF0FF3720F00100211A601C66
:103E30005BF8213000EBD07222F00102801A2B6077
:103E400006905BF8200018AAAB4652F821102A46CB
:103E500042F8081F002142F8040C0892516012AD8C
:103E6000022900F0A681099108994FF0FF394FF01F
:103E7000FF300422CDE91699FFF754FB1390002080
:103E800040F2FF344FF000080C970D9000200B908B
:103E90000020059008F00100CDF81C80C8460A906B
:103EA0004146DAF868006FF39F21A1424146C36999
:103EB000DBF8000008BF01310D9A00266FF39F2147
:103EC0001144524604318DE8230004200D910390E3
:103ED0005046FEF7B6FC002840F029811398294689
:103EE00004225C46FFF71EFB83461390129800BA2B
:103EF00080EA0809B9F1FF3FCDF8489040F32581E9
:103F0000484640F2FF310C9D6FF39F20884248469F
:103F100008BF01300D99DAF868206FF39F200E1D5D
:103F2000D3693118994200F21A8109F0F041B1F1D8
:103F3000A04F41D1206800215246CDE9000611A8CA
:103F400002900420FEF76BFC002840F0F5801198E9
:103F5000834540F0F480DAF82C00129D13A9042266
:103F6000FFF7E0FACAF82C000E980B990E9A40F26F
:103F7000FF34818205F480100A9989EAC0280E98DE
:103F8000C0F810800E98C175DDE9160190610E9899
:103F9000C16128466FF39F20A04208BF0135DDF8BC
:103FA00038B00C976FF39F257019CBF80C004FF0C9
:103FB000FF30139012AD73E7D4F800C0CDE9006074
:103FC00013A81A465146A346029050466346FFF78F
:103FD0003FF8002840F0D780DDF848804FF4E060DB
:103FE0000A9600EA1850B0F5C06F0ED0B0F5806F99
:103FF00023D040F2FF3488BB0B9AC8F3892190B2DA
:10400000814228BF4A1C0B925BE0DAF868005246F6
:1040100000210026C3690E98006800900A9801905C
:1040200016A802900820FEF7FAFB002840F0B280A4
:10403000DDF838B0C8F3005832E00B994FEA185059
:10404000974A40F2FF3441FA80F10B91934939408D
:104050001143884527D147F0004732E0904901F1EC
:10406000405001F1805100EA0800884229D1DAF875
:104070006800DDF838B0002152460026C369DBF83D
:10408000000000900A98019014A802900820FEF702
:10409000C6FBDDF81C80543000F0888001200590BC
:1040A00040F2FF3411E0791C09D0C7F38921C8F32D
:1040B00089228A429CBF000607EBA03701E04FF03F
:1040C000FF37DDF838B0DDF81C8012992498049A87
:1040D0000A9B4840104202D0294612AD25E0DBF889
:1040E00000001093269B0F9027980FAA984700284E
:1040F00058D4DDF848C0294610D06A4B8CEA070234
:1041000012AD1A420DD002280DD1C7F38920CCF38D
:104110008922824298BF4CF0004704E0674612AD06
:1041200001E04FF0FF3740F2FF340C91B2E60C9FF4
:1041300010F1540148D116E010F1540144D1E06867
:104140002F46A34612AD88B170E008F0F0400C9FF6
:10415000A34600F13040B0FA80F0460903E02F4654
:10416000002612ADA346DBF80C0080BBDBE90003A0
:1041700018A9069A51F82210CBE90030CBF80810A4
:10418000099901316CE62F4610F1540112AD1BD193
:104190000026E8E7DDF838B02F4610F1540112ADE3
:1041A00012D1E0E710F154010ED100262F4612ADD6
:1041B000D9E73D4940F26652CDE9000148493BA0AC
:1041C000FCF736F96FF053001BB0BDE8F08F00210B
:1041D0008BF816106EB3DAF868108A69B0FBF2F348
:1041E00003FB12022ABB059A82F00102D20720D1FA
:1041F0004FF0FF32DBF800301292CA6914998DE853
:10420000230050465146FEF723FF10B110F1540130
:1042100007D11599129A511AB1FA81F149098BF80F
:10422000161030B110F1540103D0CDE700208BF807
:1042300016000AF13C055946284602F0E3F940B160
:104240002968C7F38920C1F38921814219D147F038
:1042500000470E9A259B33B1918AC7F38920884283
:1042600038BF01461980B7F1FF3F01DD3846ABE7A3
:10427000918AC7F3892200208A4238BF6FF001007B
:10428000A2E77A1C259B0E9A04D0814238BFA7F57D
:104290008067E0E74FF0FF37DDE700BF00FC0F006D
:1042A0000000F04F00FCFF7F8CAA000825733A2520
:1042B000643A6572726F723A20436F7272757074ED
:1042C0006564206469722070616972206174207B6A
:1042D000307825782C20307825787D25730A0000E9
:1042E00092A000087FB505460C460068D5E9011686
:1042F0006FF39F24A64228BF2646D2E900320296D9
:10430000CDE9002101463246FEF772FE40B9A868A9
:10431000A04201D1002003E04FF0020038BF01208D
:1043200004B070BD1FB51C466FF39F240294069C19
:1043300001940024009400F087F804B010BD000040
:104340007FB5144601AA00920D4A02F10C03FFF753
:10435000E9FF01466FF00100081A18BF084600295E
:1043600000EAE1700AD4023108D094E8070001AEF7
:1043700068CE69407240584007C4002004B070BD48
:104380000000F07F2DE9F04F87B006468A461446BC
:10439000119F139AB16ED019C969884203D96FF081
:1043A0005300FEF76DBA12982649DDF840906FF081
:1043B00001080690581E8B460490002A3FD0C5196C
:1043C00005922068023006D1D4E9010211188F420B
:1043D00001D287421ED2B06EC4F800804169806A63
:1043E0006B18B7FBF1F2B3FBF1F34A435943626038
:1043F0004B46814238BF0846E168A06002903046D3
:10440000CDE9002151465A4600F01EF8B0F1FF3FB9
:10441000D7DCC6E7391AC01BE3688518059819442C
:10442000A84238BF054606982A46FDF7E7FE0698DB
:10443000059A2F442844521B06900498BDE700209B
:10444000AFE700BF00FCF7FF2DE9F04F87B0D1E9DF
:10445000035800F13C0704469A4616460591384633
:10446000CDF8188002F0CEF84649049606EA010914
:10447000A8B1B9F1000F10D03968CAF38920C1F38F
:10448000892181425CD04FF000064FF001093CBF0A
:104490004FF60046CFF6FF7602E04FF00009002607
:1044A000474640F2FF306FF39F278742404608BFE0
:1044B00001306FF39F2000F108018D4240D3059930
:1044C000281A22460423C346051F0968CDE90015B2
:1044D00006A800210290042003902046FEF71EFF4C
:1044E00080BB0698B9F1000F00BA80EA0B0020F0FB
:1044F0000048CDF8188018D00BF0E040B0F1804FA4
:1045000013D1AAEB0600CBF38922C0F389218A429A
:104510000BD81C4908401C490843834510D04BF375
:10452000912040F2FF3188430644AAEB060004992B
:1045300080EA0B000842B3D140F2FF30874203D13A
:104540006FF00100FEF79CB9DDF848801099224613
:10455000474528BF474605982944119D3B460431ED
:104560000068CDE90257CDE900012046FEF769F960
:104570000028E7D1E819A8EB0701FCF758FC06EB87
:104580000B00DFE700FC0F00000010400128BCBF5B
:10459000002070478968013040F001000131B1FB13
:1045A000F0F202FB1010B0FA80F0400970470000F2
:1045B0002DE9F04FA7B000F128061F4691460D46A1
:1045C0008246079636680EB306F10800A842F9D075
:1045D0002946FEF73CF9F5D1B0790128F2D196F8D9
:1045E0003200C006EED5DAF86810F06A896A8842AF
:1045F000E8D95046314601F0D1FB28B95046314642
:1046000000F09CFE0028DDD0804662E1D5E9000183
:104610002022CDE925011DAC29462046FDF7EEFDFF
:1046200015A821462A464B46CDE90070504600F0B9
:1046300097F98046002800F14C8125A92846FEF70D
:1046400006F903D11DA92846FEF731F9B8F1020F8A
:1046500027D10AF1480250462946FFF771FE8046ED
:10466000002840F03681DDE91501CDE9250105F18D
:1046700018009D491490E87D41EA005001211390F3
:104680000020CDE9001015A925AA13AB504600F073
:1046900067F98046002800F11C811DA815A9FEF7C6
:1046A00006F90AF1300008900AF12000069025ADC5
:1046B00000200590B8F1010F40F00781DDE92530B9
:1046C000DDE91D128DE807008A48994940F6AB12D2
:1046D000039089A0FBF7ACFE0699284602F010FB78
:1046E0001D9E00281E9F08BFCAE90867079C246812
:1046F0009CB104F108012846FEF7A9F801D1C4E9EC
:104700000267A0790228F2D104F12C012846FEF7B5
:104710009EF8ECD1C4E90B67E9E715AC5046294691
:10472000224601F0C7FD8146B0F1FF3F03DC19F1DD
:10473000020040F0CD8019F1020B2BD05046012130
:1047400001F05AFE0898214601F05CFF1DAE4FF0C3
:10475000000720B3DAF83000DDE9153140F6D81251
:10476000C0F389246348CDE900147149029071486F
:10477000FBF75EFEDAF830005D49CAE90D770840C4
:10478000CAF83000C9F389208442484638BFA0F5F2
:10479000806007E04FF000081DAE002722E040F2E5
:1047A000FF344846DDE91512CDE90E7040F2FF30C6
:1047B000201ACDE9106112924C4918BF41EA8420B9
:1047C0000D900220CDE9000715AC11AA50460DABA3
:1047D000214600F0C5F88046B0F1FF3F79DDB8F121
:1047E000010F64D050462946224601F0CFFD10B19A
:1047F000811C7FF409AFBBF1000F01D0811C6CD08C
:1048000002303FF457AF08980088800509D06FF058
:104810000100B9EB0001504618BF4FF0FF3101F025
:10482000EBFD0898214601F0EDFEC0B1DAF830004A
:10483000DDE9153140F60C22C0F389242D48CDE97D
:1048400000143B4902903B48FBF7F2FDDAF83000D8
:104850002749CAE90D770840CAF8300001E040F264
:10486000FF34DDE915010A970C962A46CDE92501AA
:104870009DF86B001C4941EA00501C490B9040F226
:10488000FF30201A18BF41EA842009900220CDE9A8
:10489000000715AC504609AB214600F061F8804690
:1048A000002816D430462146FEF701F802E7DDE97C
:1048B00011012022CDE9250130462146FDF79EFC5D
:1048C00003204FF001080590F4E6DDF8148000E0C5
:1048D000C846404627B0BDE8F08F154916A040F6FF
:1048E000F912FBF781FF00BF08FC0F600000F04FDA
:1048F000FF0300808CAA000825733A25643A64659A
:104900006275673A2052656C6F636174696E6720E7
:104910007B307825782C20307825787D202D3E201E
:104920007B307825782C20307825787D25730A0017
:1049300092A00008589A000821286861737061727B
:10494000656E7420262620657272203D3D204C46FF
:10495000535F4552525F4E4F454E542900000000B0
:104960002DE9F04F99B0DDE922989A4608928B46DE
:104970000446002040F2FF4140F201420023484536
:104980002DDA5AF83050C5F30A568E4207D09642B7
:104990000FD1BBF814500135ABF814501DE0BBF833
:1049A0001430002B00F0F781013BABF814300123E9
:1049B00013E005F0E045B5F1C04F0ED10AEBC0059C
:1049C0006D682E68CBF818606D68CBF81C505AF8EB
:1049D0003050C5F300558BF817500130CFE7D8079A
:1049E000CDE90A4B03D0BBF81400002869D09BF82E
:1049F0001600002800F094804FF0FF30DBE903231D
:104A00001690DBF80000179213A90DC1A16EC86CB7
:104A100000B9C86913A9083811941291189011A807
:104A20005946CDE900A90790DFF8900306900020D1
:104A3000CDE90400CDE90200204600F04FFA05461A
:104A4000543018BF15F11C0069D0002D40F053817F
:104A50000A98074657F8302FD7E90113D7E90456CB
:104A6000FC69B846694073404C40396A0F9459401C
:104A700058F80C3F10915A40BB695A4040F2FF333E
:104A80009A430E92AABBA4BB99BB13A9FEF71EFFC3
:104A90000546543018BF15F11C0040D00A9C002D6B
:104AA00040F02981FDF706FF40F08181159900252E
:104AB000CBE90301C4E91255256507CFA8E8070033
:104AC000A9E0B8F1000F00F06C812046594642463B
:104AD00001F05CFC0A9C054602303FF488AF002DD3
:104AE00040F0098198F8170000283FF480AF0225B4
:104AF00091E00EAA5946FFF723FC0A9C05460028C0
:104B000040F0F980AE4A13A90EAB2046FEF785FEB1
:104B10000546543018BF15F11C0040F034810A9C42
:104B20004FF0FF30DFF8A4922061A948BBF8146071
:104B300080460996B7B20026A7EB060BBBF1020F21
:104B400030D30020229AB1B2CDF800A04FF0FF334D
:104B50000E907042CDE9031700B2CDE90128002282
:104B6000CDE905090EA80B990790204600F0B6F98B
:104B7000002849D1A16EC86C00B9C869BBF1FE0F0D
:104B80000DD8896901EB50022838013AB2FBF1F2E5
:104B90005143884238BF01460E98884202D906EB3D
:104BA0005B06C9E7DDF82CB0BEB1B0B2229B594616
:104BB0005246FDF788FE0A9C0028BAD005461C30F4
:104BC00025D1DBE90030834940F68D02CDE90001B3
:104BD0007D4981A0FBF72CFC0A9CA06E5946406AD7
:104BE000FFF7D4FC002800F08A80012000251490F3
:104BF000139513A9584602F083F8DDF88890002831
:104C000000F08F800A9C7DE0DDF82CB00546DDF8D1
:104C10008890002D6FD4089904F12807D1E900018C
:104C2000CDE90C0104F1200009900CAC40F20146E2
:104C30003F68002F5FD007F1080821464046FDF786
:104C400006FEF5D140465946FDF731FE089840F280
:104C5000FF44804530D0002048452DDA5AF8301006
:104C6000C1F30A52B24213D0A24223D1C1F3892226
:104C7000B988914202D1BB79022B17D1914219D93F
:104C80000139B980B979022914D1B96A01390BE027
:104C9000BA88C1F389218A420CD3511CB980B979F1
:104CA000022907D1B96A0131B96203E04FF0FF313F
:104CB000C7E902110130CFE74C4607F1200BBE8B4C
:104CC000B7F80490B14511D3F87F78B109995846E7
:104CD000FDF7BDFD02D0A9EB0600B8800A98414659
:104CE0005A46FFF74FF80028E9D003E0DDF82CB072
:104CF000A1469AE70546284619B0BDE8F08F0A9C00
:104D0000DDF88890099880B2002152464B46CDE9E3
:104D100000B1029020465946FEF7E4FE0A9C054683
:104D200077E70E950EAA0A9C36490023204601F02B
:104D3000C5FB0E9D002818BF0546B5F1FF3FDADD23
:104D4000E06E411BB1EBD00FDCD92248DBF8083014
:104D50001D4940F6A20200902BA0FBF769FB002042
:104D6000594652464B46FDF7AEFD88B10A9C0546B2
:104D70001C307FF44EAF1449164B2FA040F6AC0206
:104D8000FBF756FB3EE70A98002D3FF47EAEB2E7F4
:104D90000A9C0120B7E734480B4940F6C502FBF7EF
:104DA00023FD3048084940F6D202FBF71DFD0548B7
:104DB000054940F61C12FBF717FD00BFE737000856
:104DC0000CFCFF7F3B9E000892A00008FB37000808
:104DD00000FC0F408CAA000825733A25643A7761DD
:104DE000726E3A20556E61626C6520746F2073702C
:104DF0006C6974207B307825782C20307825787D7C
:104E000025730A00B164000825733A25643A646585
:104E10006275673A20457870616E64696E672073C9
:104E200075706572626C6F636B2061742072657659
:104E300020257525730A000025733A25643A7761A9
:104E4000726E3A20556E61626C6520746F206578D1
:104E500070616E64207375706572626C6F636B2530
:104E6000730A0000FCA10008199F00082DE9F04119
:104E70008CB00D4604A91E4617460446FEF766FC94
:104E800048BBEA7D1498DDE912188DF82720D5E992
:104E900006230290CDE900182046CDE90A2304A993
:104EA0003A463346FEF71EFE002814D4DDE90467B7
:104EB000012004F12001E8752846C5E9066701F0E4
:104EC0001FFF01460020B8F1000F08BF002902D1E2
:104ED0000020C4E908670CB0BDE8F0812DE9F04F6F
:104EE000AFB00D903F981E463E9BDDE938B94FF0BC
:104EF000000A14460F464FF00008CDE90EAA0B90A9
:104F0000DDE93C0E08903B9809903A980C900C997A
:104F1000CDE9063ECDF828A0A9480C9101EA000A87
:104F2000304640F2FF316FF39F208842304608BF81
:104F300001306FF39F202044051DF86885421DD283
:104F4000386800210423CDE9000510A80290042050
:104F500003900D980246FEF7E1F9002840F0248105
:104F600010982A1D2C4600BA704040F00040109066
:104F700006463968CDE90E120EAA07E0B9F1010F15
:104F800042DBFBE80202A9F10109109080EA080166
:104F90001AEA010FC4D18949DDF830E01EEA010F99
:104FA00000F0FA800A9B032B80F00181C3EB031110
:104FB00011AD013345F8217005EB8101DDE90EC526
:104FC0000A93C1F81880C1E9049E4FF00008C1E9B6
:104FD0000C2C069A8D634A620B9A8A62079A0A849D
:104FE000089ACA83099A8A830A1D41F82C0F002067
:104FF000079076480B9182E8500800210690002027
:1050000008900020099087E7DDF828A00020BAF179
:10501000000F11AE00F0C880AAF1010ACAEB0A1114
:1050200006EB810356F82170D3E909C0D98B03F14F
:105030002C0503F1040BB3F820E0D3F818800B9093
:1050400035CD0891998BCDE90E459BE85008D3E901
:1050500004951090099159490C950D420DD0099B6A
:10506000C0F389219BB299426346FFF450AF089B7D
:105070009BB299426346BFF44AAFC0F30A516346FC
:1050800000293FF444AF40F20113994235D0B1F505
:10509000817FCDF81CE070D10FFA8EF1101D4FF01A
:1050A000FF35CDF828A0CDF814808902069110991B
:1050B000013500F10C0A0A466FF39F22954216D281
:1050C0003E4AE0461140069A1144D0E9002310F808
:1050D000040C194341EA005040F040510B98E0475E
:1050E000002861D4C446DDF814805046DFD0DDF8D6
:1050F00028A0DDF81CE0634609E734498C450B46DF
:105100003FF405AFCAEB0A1111AB089D0AF1010A81
:1051100043F8217003EB810100231746CD83099DDD
:10512000C1F81090A1F820E0C1F824C0C1E90C3307
:105130008B634FF000098D830D1D85E850080C9C92
:105140004FF0FF364FF0000BC1E905480B9C4FF0C4
:105150000058C1E90A43C0F389216FF39F2000245E
:10516000AEEB0003099003EB010E1449634601F115
:10517000C0410C91411C0891C9E60FFA8EF16546B9
:1051800000EB81210B98E04700280DD4DDF81CE0EE
:105190002B467FF43CAFBAE67546DDF818C0DDF863
:1051A00028A0DDF81CE056E72FB0BDE8F08FA74936
:1051B00004A040F2C232FBF717FB00BF00FC0F0057
:1051C0000000F07F7370203C20330000D1510008B4
:1051D000B0B5194BCA001C4658BFA4F17F640268E1
:1051E00082EA010525420DD0144640F2FF356FF3E7
:1051F0009F24AC4206D0114C114D0B4014402C435F
:10520000A34204D10121002202600846B0BD01F092
:10521000E043B3F1804F05D1C2F38923C1F3892460
:105220009C4201D90021F0E741F3912140F2FF3384
:1052300099430A440021E7E700FCFF7F00FC0F00D0
:105240000000F04FB0B50546806A0C4601F0ECFB5B
:1052500028B128462146BDE8B04000F009B803480F
:105260007A4941F60902FBF7BFFA00BF5F9C0008CC
:10527000F0B587B0054691F832000C46000747D4D8
:105280002846214600F05AF80646206B1EB140F42D
:10529000002020633DE0C1033AD5274657F8081F98
:1052A000013135D0E168013132D0C10208D405F1B5
:1052B000100128462A46FEF71BF9064648BB206B1C
:1052C000C00206D4D4E90A01CDE904011A4804A9B0
:1052D00003E0E06A974AE16C10430191A188022340
:1052E00040EA81200090206DD0E9012040EA812031
:1052F00003926A46394640F0815002902846FEF7F4
:1053000063FA0646206B002EC1D120F48030206362
:10531000002605F128000146006818B1A042FAD124
:1053200020680860206D006810B9E06CFBF744F855
:10533000304607B0F0BD00BF080020202DE9F0473F
:1053400098B00546086B0C46410307D5C10220F40E
:1053500080205CBF4FF0FF312164206381034BD577
:10536000D4F83490C1023BD40DF10C080027202161
:1053700008F108008DF81270ADF810700397FBF774
:1053800078FD4FF0FF3695E80E1001201297CDE919
:10539000109717972E600F90D4E90A70CDE90D7021
:1053A00013AF87E80E100DF10B074946814227D253
:1053B000284641463A46012300F04AF800281CD40A
:1053C000284621463A46012300F0B6F8002814D4B6
:1053D000286801301CBF2E601396E06A616BE5E718
:1053E000E16A894588BF4946012262F31140A26BF8
:1053F000C4E90C09C4E90A21002018B0BDE8F0870F
:10540000DFF868AEDFF85C8B104F04F140062846E9
:1054100031462A460123FDF76DFE10F154010FD1EC
:10542000A36B4046394640F64E52CDF800A0FAF73D
:10543000FFFF2846214600F007FD0028E7D0DCE703
:105440000028DAD1D4E90C01CEE700BF92A0000811
:105450002DE9F04F87B00D460646C96A686B814258
:1054600063D9A1EB0009144605F13C0A05F1380B9C
:1054700005F1080105F140074B4538BF99460691F3
:10548000CDF81490B9F1000F51D0296B4A0305D51E
:10549000B36EDAF80020DB699A421BD1CA020DD440
:1054A000D5E90A23CDE9000B30463946CDF808A0EE
:1054B000FEF752F8E0BB296BE86B05E06FF00102E4
:1054C000CAF80000CBF80020B26E41F480212963B5
:1054D000D36900E01046A3EB0008C14538BFC846B9
:1054E000C9020AD4DBF800103A46CDE90248CDE9FA
:1054F00000103046FDF7A5F90CE0A9880D4ACDE96A
:10550000024842EA81213A46CDE900100699304628
:10551000FEF738FF60B9686BE96BA9EB08094444F2
:10552000404441446863E963ACE7002000E005982B
:10553000FDF7A6B9000010202DE9F04F93B0074603
:1055400091F83200994616460C46C00610D5616B9C
:10555000E06A4944814288BF0846F96F884207D90A
:105560003846214600F01AFC8046002840F044816D
:1055700004F1380004F1400A0DF1400B4A4609904D
:10558000002A00F04181206B81031CD4C0022AD480
:10559000606B089268B30138D4E90A235146009041
:1055A000099801900FA802903846FDF7D5FF002812
:1055B00040F02181B96EE06CFDF735F9089A4FF0A3
:1055C000FF30206407E0B96EE56BC9698D4240F099
:1055D000E180C00207D420465C460892CDE9046908
:1055E000456B07900AE0656B6FF00100C4E90E059A
:1055F000CAE007945C46CDE904690025F86ECDF851
:1056000034A00A953866681E0B90099800680C90C3
:10561000384612A9FDF750FC002840F0EB801299A3
:1056200038460E91FDF742FD10F1540100F08C80D8
:10563000002840F0A080002D00F0D8800B98119039
:10564000B86EC66911A93046FDF7D1FF119901F175
:105650000109B1452FD101300C994FF0000A90FAA1
:10566000A0F01091B0FA80F0042101EB80054FEA20
:105670008009554555D00E980D9904263A460123C8
:10568000CDE90246CDE9000A3846FDF795FDC8BBD5
:10569000D1450DD0109800213A4604230294CDE95B
:1056A000000A042003903846FDF738FE002844D154
:1056B0000AF1040ADDE70025CDF81890B9F1000FD2
:1056C00050D00C98012600213A464B46A346CDE91E
:1056D0000246CDE900053846FDF720FE48BB0E988E
:1056E00051463A4601235C46CDF808B0CDE90005A5
:1056F000012003903846FDF75FFD50B9A9F101097B
:105700000135DBE7DDF834A00A9D10F1540119D012
:1057100005E00A9D10F1540101D1042612E0012692
:1057200009E007980E994FF000080126C0E90E1510
:1057300005E00A9D5C46804604E001268046DDF8CF
:1057400034A00A9D042E17D1304832490E9B40F6F2
:10575000C33200902E48FAF76BFE4FF0FF30CAF8C4
:10576000000055E7079C0E99069DA163DDE90469D9
:10577000089AE56308E08046DDE90469079CB8F112
:10578000000F39D1E56B089A206B40F4003020639C
:10579000B86EC1694D1B9346AA4238BF1546D4E97D
:1057A0000E013A46012303958DE8430038465146E1
:1057B000FDF702FD8046543006D13846214600F000
:1057C00043FB0028EBD016E0B8F1000F14D1F86EBF
:1057D0005A462E44ABEB05020DF1400B3866606B68
:1057E000E16B284460634819E063C9E6079C0E99A1
:1057F0000025BAE7079C8046206B40F40020206318
:10580000404613B0BDE8F08FC846F9E78CAA0008FF
:10581000C89B000892A000082DE9F04F9DB00546F6
:10582000806A1E4691468A4601F0FEF8002840F044
:105830005C82B00700F1B680269800215446069697
:10584000CAF83C10CAE90C61CAE91310286A44F886
:10585000200F686AA4F1180B6060A4F11C000C9082
:1058600099F80000002800F02781DB48DFF8146574
:10587000CDF81490CDF828A0CDE908B500F50017B3
:10588000D64838400B90B0F5001F04D14846314649
:10589000FAF7FAFF814448463146FAF7E5FF8046B9
:1058A00002280AD0B8F1010F0ED199F800002E2875
:1058B0000AD10B9809F10109E5E7B9F8000042F6B1
:1058C0002E61884200F0F48009EB08054FF0010BCF
:1058D000079528463146FAF7D7FF05EB000A31460F
:1058E0005046FAF7C1FF01280DD0022801D070B947
:1058F00018E0BAF8001042F62E62914207D1BBF1CF
:10590000010B06D108E09AF800102E2901D00BF106
:10591000010B0AEB0005DCE70AF10209DDE9095A8F
:105920000B98B0E799F80000002800F0B4800B98BD
:10593000DDF828A0DDE908B5B0F5001F40F0B5801E
:10594000C7F3892040F2FF31884207D0A449A54A15
:105950000094FCF76CFF002800F14F810C98CDF803
:105960005C80CDE91559CDF80080594622464FF0AC
:10597000F0430190DFF81804029015A80390284620
:10598000FEF70EFA0746002800F1988004D19AF835
:105990001F000028E2D176E0CDF81490DDF81C90CD
:1059A0008E486EE795F83100800742D4E86B10F01E
:1059B000E04F36D02C46D34AC0F3892054F8403FFC
:1059C0006168029241F25F32CDE90010DB49DEA04E
:1059D000FAF72EFD54F8040C8049084082498842A9
:1059E00040F08981884615A928462246FEF7CAF963
:1059F000002846D10020EA6B296B0123C5E90D0080
:105A00001090DF486FF39E211040296340EA0800A0
:105A10000F9015A90FAA2846FDF7D6FE07460028C5
:105A200066D12846012100F017FB074600285FD108
:105A300002E7686AB3492C4641F2363254F8203FF7
:105A4000CDE90001BD49B0A0FAF7F2FC15A928463E
:105A50002246FEF797F9A0B9B94805F168040F90FE
:105A60000FA80E901FCC11AF1EC7B6490123C06905
:105A7000183110900D9115A90DAA2846FDF7A4FE26
:105A800020B1074634E06FF0010717E0286B20F4DF
:105A9000007028638AE7DDF828A0DDE908B5DDF8A5
:105AA0001490B7F1FF3F27DC08E06FF0130705E023
:105AB000DDF820B0DDF814906FF01507B81C0DD19B
:105AC000484601F02DF9AF4904464844FAF7DCFE98
:105AD00020446FF0010719F8000068B1DAF83000CF
:105AE000514640F40020CAF830002846FFF7C0FBBA
:105AF00038461DB0BDE8F08F01208AF80600A86A7C
:105B0000C5F828A0CAF80000B81C05D10698C00541
:105B10004DD46FF00107E1E797483840B0F5801F9A
:105B20004ED10AF12801BAF80400984A009196492A
:105B3000FCF77DFE07460028D0D49648B8460026DC
:105B400000248146DAF85010886884424ED2DAF890
:105B50003000C2071AD048680C9B815D30441B8816
:105B6000D0E9012040EA0150009259464A4640EAF5
:105B7000832040F040532846FEF7D4FBB0F1FF3FAE
:105B800002DC07460230A9D1DAF8300081070BD5D4
:105B9000DAF85010AA6F496831448968914253D8A5
:105BA00040F48030CAF830000C360134CAE7484669
:105BB00001F0B6F819F8000028B16FF013078DE76F
:105BC0006FF014078AE7484601F0AAF8296F884267
:105BD00015D96FF0230781E700FC0F000000F07F6C
:105BE0000800002000FC0F700000F04F086870B340
:105BF000CAF84C00A96E8C6A32E007465EE70021C5
:105C0000504CCDF8609003231A9116910C99098895
:105C100044EA812240EA8120199204F1005240F4C2
:105C2000801042EA8122179028465946159215AAFB
:105C3000FDF7CAFD07461C3008BF6FF02307002F91
:105C40007FF44CAF274678E76FF01B0746E7A86E56
:105C5000846A2046FAF781FB0028CAF84C003FD03E
:105C60002146FF22FCF78CFB4FF0FF30354900271F
:105C7000CAF84000404800EA080088427FF438AF84
:105C80006FF001006FF39F28CAF82800CAE91007D7
:105C9000DAF83000CAF82C80B8F1000F40F4801018
:105CA000CAF83000A86E806ACAF848003FF420AFF6
:105CB000DAF84C20BAF80410009240F2FE3290421A
:105CC00038BF024642EA81205946304A40F000532C
:105CD0002846FEF727FBB0F1FF3F04DD002707E76A
:105CE0006FF00B07FAE60746F8E62B48134941F236
:105CF000FA72FAF779FD2148104941F26332FAF756
:105D000073FD00BF8CAA000825733A25643A6465C8
:105D10006275673A20526577726974696E6720739D
:105D200075706572626C6F636B207B307825782CA0
:105D300020307825787D25730A00000092A00008A5
:105D4000010002000000102025733A25643A6465C2
:105D50006275673A20466978696E67206D6F76656F
:105D6000207B307825782C20307825787D2030787D
:105D7000257825730A0000000000F07F61A000086C
:105D800000FC0F00F99C00080800002000FC0F70C8
:105D9000E542000800FCFF7F5E9C000810B50C4641
:105DA000496BE163C16E0166214600F04DF800B118
:105DB00010BD216B21F48011216310BDF8B5074699
:105DC000806A1C4615460E4600F02EFE98B1306BD8
:105DD000C10716D0800305D538463146FFF7AEFA25
:105DE00000B1F8BD384631462A46234601B0BDE829
:105DF000F040FFF72DBB0648064941F62B02FAF7A3
:105E0000F3FC044904A040F6E252FAF7EDFC00BFAF
:105E10005F9C000892A000082866696C652D3E66AC
:105E20006C6167732026204C46535F4F5F52444F8E
:105E30004E4C5929203D3D204C46535F4F5F524404
:105E40004F4E4C59000000002DE9F04F89B0054637
:105E500000F1100601F140000C460DF1200A0DF191
:105E60001F08069001F10800059028465146FDF7ED
:105E700023F800286ED1089F28463946FDF716F909
:105E80008346543040D0BBF1000F66D1CBF1000AFD
:105E9000E06B0121584544D90AEB000394F8320025
:105EA000C0060CD4A06BCDE9028106992A464FF0BA
:105EB0000109CDE9000B2846FDF730FA0EE0A08875
:105EC000274ACDE902814FF0010942EA8020DDE94D
:105ED0000512CDE9000B2846FEF754FAD0BB284640
:105EE00031462A460123CDE9007BCDE90289FDF741
:105EF00063F920B9AAF1010A0BF1010BC8E710F10F
:105F0000540127D10DF1200AD848E44940F6FF4258
:105F10003B4600901348FAF78BFA4FF0FF303060A1
:105F2000A3E7AA6EE06CE969926AFCF767F905F1EC
:105F3000100304F14006E8690ECB0EC6A96EFCF70B
:105F400072FC4FF0FF30A7632861206B40F40030F3
:105F50002063002009B0BDE8F08F5846FAE700BF83
:105F600000001020C89B00082DE9FC470746806A06
:105F7000994690460C4600F057FD002843D0206B10
:105F8000810746D5410307D538462146FFF7D6F9A4
:105F900008B1BDE8FC87206B656B010504D5E16A9B
:105FA0008D423CBF61630D467A6F05EB090191425A
:105FB00084BF6FF01A00BDE8FC87800315D4E06A47
:105FC000854212D94FF0000A0DF107066063606B3D
:105FD000A8420AD238462146324601238DF807A04E
:105FE000FFF7AAFA0028F2D5D3E738462146424601
:105FF0004B46FFF7A1FA0028CBD4216B21F40021F6
:106000002163BDE8FC870648064941F63D02FAF7E0
:10601000EBFB044904A040F64962FAF7E5FB00BF38
:106020005F9C000892A000082866696C652D3E669A
:106030006C6167732026204C46535F4F5F57524F69
:106040004E4C5929203D3D204C46535F4F5F5752DF
:106050004F4E4C59000000002DE9F04FA9B0824688
:1060600005463AF8300F80054FF0000000F0E98057
:1060700005F1480019AF4FF00008079081F00100CA
:1060800007F11809089021ACCDF8189004F1180612
:10609000B8F1010F00F3CD8020466CA1FCF707FC9E
:1060A00000204FF0000B013000F0B980289801303B
:1060B00000F0B580284639463246FDF763FE0028D9
:1060C00040F0BF809DF89B0028B120463946FCF780
:1060D000EEFB2798E7E72846314611AA00F0EAF8D8
:1060E0000346B0F1FF3F02DC981C40F0A080B8F1FD
:1060F000000F14D1981C12D00FA8694A00902846AE
:1061000011A9FEF70FF9002800F19B80279B0F983B
:10611000984230D1289A10999142D6D02DE06FF054
:10612000010088F001015840084318BF0120089978
:106130000843CAD1DDE92730CE4941F2D53200907B
:106140004A4801904AA0FAF773F9079A2846394657
:10615000FEF7F6F8002874D19DF87B003A49CDF897
:106160002890012341EA005021460990284609AAB7
:10617000FEF71EFA4AE01099289A904208BF994209
:10618000A3D0CDE9002039480291BA4941F2AC329E
:1061900003904448FAF74CF95046214600F032FA91
:1061A000F0B1D5F83090DDE92130CDF814A0B14937
:1061B00041F2B632C9F3892ACDE9000A2B48029090
:1061C0003948FAF735F90020C5E90D00286B6FF35F
:1061D0009E20286340F2FF308245DDF814A001D1F3
:1061E000002004E03148324900EA090008430FA9C1
:1061F00002230E9114490D910021CDE90B0128468F
:1062000021460BAAFEF7D4F9DDF81890002818D41F
:106210000338B0FA80F040094BEA000B59E708F167
:1062200001085FEACB7018BF4FF0000830E718464E
:1062300007E095F83000404241B2284600F0DCF813
:10624000002029B0BDE8F08F08FC0F6000000000BE
:10625000000000000000000000000000000000003E
:106260000000000100000000010000008CAA0008EE
:1062700025733A25643A64656275673A2046697801
:10628000696E67206F727068616E207B3078257848
:106290002C20307825787D25730A000092A0000814
:1062A00000FCFF7F1E9C0008989A000800FC0F006D
:1062B0000000F04F2DE9F04F8BB006460020174646
:1062C00014460D460DF11C0C0DF11C0847F8180F73
:1062D00001207860C84890E80E00C0680A90C7485E
:1062E000ACE80E000021824619488346481C27D09E
:1062F000E069013024D02046414600F017FD002817
:1063000020D4D5E90001CDF800A03A465B46CDE99E
:10631000046000200691214601900C48029004A8D8
:1063200003903046FDF73CFD014610B1881C08463D
:1063300000D148468A1C00D021B939688146D5E78A
:106340006FF001000BB0BDE8F08F00BF556300088F
:10635000FF03F07F70B586B0044600680825816EA3
:10636000CB69D2E9001204AE03958DE8460000F136
:1063700010010246FCF7D2FF28B9211D04A8FCF742
:1063800066FA18BF012006B070BD00002DE9FF417C
:106390000646002017460D4601211446E84647F8F8
:1063A000180F7960944991E80C10C9688DE80C10B9
:1063B0000391013015D0E069013012D020464146EA
:1063C00000F0B4FC00280FD438462946FCF73FFA09
:1063D0000DD0304621463A46FDF7D4FC40B9386826
:1063E000E7E76FF0010003E06FF0530000E00020EA
:1063F00004B0BDE8F08100BF026B13466FF39F232A
:1064000053B1B3F5FF7F0AD9012908DB19490BA065
:1064100041F21B32FAF7E8F9B1F1FF3F08DD114410
:106420008A0521F0004118BF01F100410163704766
:10643000104911A041F21A32FAF7D6F96C66735F6F
:106440007461675F73697A65286C66732D3E677344
:10645000746174652E74616729203C203078316640
:1064600066207C7C206F727068616E73203C3D20DA
:106470003000000092A000086C66735F7461675F73
:1064800073697A65286C66732D3E677374617465F1
:106490002E74616729203E203078303030207C7C9B
:1064A000206F727068616E73203E3D2030000000E6
:1064B0000168013101600020704700002DE9F04FB4
:1064C00093B004930D460BAF4A49144683462022ED
:1064D0003846FBF793FE484807AE07F118090DF15F
:1064E000140890E80E00C0680A900EC6002007A9A4
:1064F000013055D01298013052D0384600F016FCC9
:10650000002872D40626082E07D057F826102046F9
:10651000A84701360028F6D069E0584639464A4671
:10652000FDF730FC002862D1BDF840A0CDF80C90FA
:106530004FF00009D1452ED03048314A3946CDF8C8
:10654000008040EA89235846FDF7ECFEB0F1FF3F9A
:106550000BDD000D40F2022188420BD1DDE9053050
:106560000021FCF786F910B141E0811C3FD109F10F
:106570000109DFE704990029F9D0B0F5007FF6D1D1
:106580000026022EF3D058F826102046A8470136E0
:106590000028F6D02BE01198DDF80C9007A9A7E7AA
:1065A0000BF128063668F6B1B0790128FAD1306BC4
:1065B00000F48811B1F5803F07D1D6E90A3006F121
:1065C0004001FCF756F990B9306B00F49010B0F52B
:1065D000003FE7D1D6E90D0306F14001FCF749F988
:1065E0000028DFD003E0002001E06FF0530013B07B
:1065F000BDE8F08FF0990008D0990008080000204D
:1066000000FC0F7080B5C27812F0700F04BF00203C
:1066100080BD043000F074FBB0FA80F0400980BD0A
:10662000F8B5C84FC84EB968381D7A6A0029C6E95E
:106630001A0200F0F180F868002800F0F380386951
:10664000002800F0F5807869002800F0F780B9692B
:10665000002900F0F980F869002800F0FB80FC6A4E
:10666000002C00F0FD80B4FBF1F202FB1142002A85
:1066700040F0FC80B4FBF0F202FB1042002A40F034
:10668000FB803A6AB2FBF4F303FB1423002B40F0C7
:10669000F9807F2A40F2FC80A2F108034FF0FF3519
:1066A000B5FBF3F38025013BB3FA83F3A5EB83033A
:1066B000934200F2F380BB6A002B00F0F5807B6B05
:1066C0001BB15508AB42C0F0F58023B15D1C02D070
:1066D000934200F2FB803B6DA3B1B3FBF1F505FBE8
:1066E0001131002940F0F880B3FBF0F101FB1030CC
:1066F000002840F0F780B2FBF3F000FB13200028E5
:1067000040F0F680BD6B0DB1F56006E02046F9F76C
:1067100024FE05460028F06063D0F86B08B1F061F4
:1067200005E02046F9F719FE0028F06159D0284607
:106730002146FF22FBF724FEB16EF0694FF0FF34D3
:10674000FF223460896AFBF71BFE3461B46EE06A95
:10675000002800F0B580E16B09B1716603E0F9F73C
:10676000FCFD7066E8B3206CB0F5807F80F0C680D9
:10677000002808BFFF203067606CB0F1FF3F40F396
:10678000C380002808BF6FF00040706740F2FF31FF
:10679000A06C884280F0BE80002808BF40F2FE3026
:1067A000E169E26CB0678A4200F2BA80256D6B1C29
:1067B0001CD0A36A9D4200F2B980854200F2BC80E1
:1067C0000AB3B5EBD20F21D8F5678DB9002A18BFEF
:1067D0001146B0EBD10F28BFC808834238BF184616
:1067E00005E0FCF785FF6FF00B00F8BD0020F067B7
:1067F0004FF0FF302C21C6E9080006F12800FAF717
:1068000038FB0020F8BDB5EBD10FDDD977485B49E7
:1068100041F2ED02F9F7E8FF8248584941F2760269
:10682000F9F7E2FF7E48554941F27802F9F7DCFFBB
:106830007A48524941F27902F9F7D6FF76484F4932
:1068400041F27A02F9F7D0FF72484C4941F27F02D7
:10685000F9F7CAFF6E4849494FF48452F9F7C4FF6B
:106860006A48464941F28102F9F7BEFF434937A021
:1068700041F28502F9F7B8FF404941A041F2860292
:10688000F9F7B2FF4A483D4941F28702F9F7ACFFF8
:106890003A4948A041F28A02F9F7A6FF5A48374917
:1068A00041F28E02F9F7A0FF5648344941F29602B0
:1068B000F9F79AFF5248314941F29D02F9F794FFE6
:1068C0004E482E4941F2C602F9F78EFF40482B4947
:1068D00041F29F02F9F788FF3E48284941F2A4029D
:1068E000F9F782FF3C48254941F2A602F9F77CFFFF
:1068F0003A48224941F2A802F9F776FF38481F4981
:1069000041F2D202F9F770FF36481C4941F2D80231
:10691000F9F76AFF3448194941F2DE02F9F764FFDA
:106920003548164941F2E402F9F75EFF3148134950
:1069300041F2E702F9F758FF2D48104941F2E90208
:10694000F9F752FF0C000020988F00206C66732D21
:106950003E6366672D3E63616368655F73697A6550
:106960002025206C66732D3E6366672D3E7265613F
:10697000645F73697A65203D3D20300092A0000875
:106980006C66732D3E6366672D3E63616368655F69
:1069900073697A652025206C66732D3E6366672DCA
:1069A0003E70726F675F73697A65203D3D203000ED
:1069B0000A9E00086C66732D3E6366672D3E626C0E
:1069C0006F636B5F73697A65203E3D20313238001A
:1069D00047A10008BD9D0008619E0008AE9E00080A
:1069E000979F0008B19F00087C9F0008D29F000875
:1069F0000AA20008A4A00008A6A10008FC9E0008A6
:106A0000289F0008989D0008FBA00008519D0008E1
:106A10006B9D0008389D0008FB9C0008239D000822
:106A2000849D00080F9D000818B1884201D00068BD
:106A3000FAE7002818BF0120704700002DE9F04F49
:106A400099B0FFF7EDFD0746002840F0FE8011AD3C
:106A5000804920222846FBF7D1FB7F480DAC05F189
:106A600018064FF0000990E80E00C06810907B48AF
:106A70000EC47C4C82467D4804F1300B804617984A
:106A8000013000F08080189801307CD028460DA994
:106A900000F04CF9002874D40820CDE9008929467B
:106AA000324653460C906E48CDE90A406E4802903B
:106AB0000AA803902046FDF773F90746002800F165
:106AC000C28056D06FF39F2740F2FF30874250D0EC
:106AD000DDE91101664B5246C4E9080104A82946C4
:106AE00000902046FDF71EFC00284AD404990B0CA8
:106AF00088B2022B70D102286DD208B1002010E0BC
:106B000002206C4941F2C6120223CDF80090019098
:106B1000012002905748039057A0F9F789FC4FF4E1
:106B20000070216B079B21F40071084320631BB1A7
:106B3000206F834264D82367089B1BB1606F834238
:106B400066D86367099B43B1A06F834268D8E06F42
:106B5000A367984238BF0346E367A06E069B016AAD
:106B600011B18B4264D10B46E366059BC069834239
:106B70003ED1204629465A46FDF7E2FB00283FF465
:106B80007EAF07465FE0D4E90C3053EA000102D142
:106B9000A16B002059B1A16B41F21122CDE9000196
:106BA0003448444902905548F9F742FC206BE16AA9
:106BB000E56E00EBD07004F13C06D4E90D2300270C
:106BC00020630DC6B1FBF5F0C4E9177500FB151085
:106BD000C4E9150739E0022302220121CDE90002B0
:106BE00024480291334941F2B7120390424826E00B
:106BF000009020482F4941F2FF1201903D481EE0CD
:106C000000901C482B4941F2D11201902AA016E0B5
:106C100000901848274941F2DC12019032480EE0FA
:106C200000901448234941F2E71201902F4806E0F2
:106C3000104800911F4941F2F61201902C48F9F7D3
:106C4000F7FB6FF01507FCF753FD384619B0BDE8A8
:106C5000F08F00BFF0990008D099000800FCFF7F7A
:106C600001A20008988F0020E54200080800F00FFC
:106C7000180010208CAA000825733A25643A646530
:106C80006275673A20466F756E64206F6C6465723A
:106C9000206D696E6F722076657273696F6E2076F3
:106CA00025642E2564203C207625642E25642573DA
:106CB0000A00000092A0000825733A25643A657224
:106CC000726F723A20556E737570706F727465646E
:106CD000206E616D655F6D617820282575203E20EE
:106CE00025752925730A0000399B0008689B000858
:106CF0000A9B0008DC9A0008979B0008EA9B0008A2
:106D00000A680368934205D049684068884218BF02
:106D10008B4201D100207047801A18BF01207047B4
:106D20000149F9F7A1BD00BFF99C0008B0B50B6897
:106D300082699A4204D14C68C569A54201D105E037
:106D40004C68A2420CD1C4699C4209D11649174B28
:106D50000AA041F26F12F9F76BFB6FF05300B0BD60
:106D6000D1E90234A34205D10A605A000023C06968
:106D7000CA604860581C88600020B0BD25733A2561
:106D8000643A7761726E3A204379636C652064657A
:106D900074656374656420696E207461696C206C2D
:106DA00069737425730A000092A000088CAA000879
:106DB000F0B5B9B040AC0694FBF764FC4FF47A77B9
:106DC000A0FB075001FB0706FBF758FF02462846C9
:106DD00031460023FBF75CFA3F99B0FBF7F31AA2A8
:106DE00005913E9904910CA103910FA102310291EA
:106DF00045210191134903FB0100C821009007AD13
:106E00002846F9F737FB0A2021468DF8E30028468B
:106E1000F9F708FB39B0F0BD73746F726167655F95
:106E2000696E6974000000002E2E2F4C6974746C1A
:106E30006546532F6C66735F73746F726167652E5E
:106E40006300000018FCFFFF5B2536752E253033EC
:106E5000755D25632025733A257328293A253475F5
:106E60003E2025730A000000B6B0D64940262020F7
:106E70008E618861D4484FF40051C0F8101401208D
:106E800001F03CFF64210025B0FBF1F0CF4901384F
:106E9000B5EB106F06D1CE4A5060F020C8770720BE
:106EA00095601060CB4CDFF830B3206A40F480402E
:106EB0002062E06940F08050E06142F21070CBE95E
:106EC0001455FBF71BFECBE90E0144F62060FBF7DF
:106ED00015FEE268BB4FDFF80493402342F0100236
:106EE000B846E260226A42F480322262CBE90C01A9
:106EF00001210122A06E40F08070A0663846C8478C
:106F0000DFF8DCA23846012100224023D047384672
:106F100003212022BE62FBF75BFF384602210122DB
:106F20002023C8473846012100222023D047A64EFF
:106F30000121FBF782FC06F57A773846C8473846C8
:106F4000012100224FF400530597D0474FF4005021
:106F5000A449A54F01224FF40063C6F810044FF472
:106F60000066206840F480302060206820F4803083
:106F7000206040F69F7088624FF4FA60C86208682B
:106F800020F44070086008680860486940F001001B
:106F90004861086A20F001000862886920F0030057
:106FA0008861086A40F001000862086A20F0020067
:106FB0000862086A40F0020008624FF47A70486381
:106FC000886920F070008861886940F070008861ED
:106FD000886920F00800886188698861086840F045
:106FE00080000860086840F0080008606FF0010049
:106FF00008616FF0020008617C488BF801503D8009
:10700000012178600320B870E06840F01000E06073
:107010004046C8474046002100224FF40063D04755
:1070200040F202204FF40041C8F8186087F833504E
:107030003D74C7E90555A7F83100F96140214FF4C7
:107040000070BA78C7E908104FF0FF30C7E90A119D
:107050007968B860387801F0C3FE3846FBF778FEEF
:10706000787808B9574886623878012101F0B2FE75
:107070003878802101F0AEFE787818B951494FF484
:1070800000608861FBF7DAFA6420FBF737FD0446FD
:107090000D4620462946FBF7E7FA00B9F9E75448C0
:1070A0004760FFF7CBFC002858D0FFF7B9FA08B1CA
:1070B00006464BE04E48406A002801F043844D4CA0
:1070C000D4E91901C96AF9F7B2FED4E91A01002519
:1070D0006565E5652166C06AB1EBC00F88BFC10078
:1070E000A165204611A9FCF731FB08B1064628E04E
:1070F0004148269026A8109040480F9040480E9096
:107100004048CDE90C50404804F168050B902FCD64
:1071100028AE2EC60323C069279011A90BAA2046CA
:10712000FCF752FB064660B90024324800220023D7
:107130008DF85A4011A9FCF747FB0646002801F0DC
:10714000AE83FCF7D5FA002E00F046812FA04A212D
:107150000296CDE900100021FFF72AFE4EF66020CE
:10716000FBF7CCFCCBE91A0122480021304A01236D
:10717000CDE90C11CBF8280026A90B910BAE009697
:1071800011A9FEF749FB50B91A4C11AD294A0C233D
:1071900029462046FEF712FE2046FBF755FBFBF77B
:1071A000CFF9DFF89090B9F80A10884270D199F8B9
:1071B000000005286CD1B9F802004FF6FF71884233
:1071C0006ED170E0001002401804024004ED00E0AF
:1071D00010E000E024380240C8010020312E0008F1
:1071E0007F2E00080040014090020020404B4C00E0
:1071F0000C000020988F00200100020018001020D1
:1072000001A200080800F00F000010406C66735FD8
:10721000666F726D6174286D61696E5F73746F72F1
:1072200061676529206572726F7220256400000015
:10723000E6A1000840020020D5A1000880990008BE
:107240004900000049490000494949006C66735FE4
:107250006D6F756E74286D61696E5F73746F7261A6
:10726000676529206572726F722025640000000036
:107270005F000000495600002564202573000000CF
:10728000C4990008959C0008B8990008048F002054
:1072900001200521A9F80800C9F80400A9F8001088
:1072A0000130A9F80200FBF7F2FA20B1DBF8240064
:1072B0000130CBF82400012700205FF8842001234F
:1072C0008BF81470CDE90C0026A800960B905FF89F
:1072D000DC0011A9FEF7A0FA00281BD45FF8F80023
:1072E0005FF8F04011AD3C23294600F134022046FE
:1072F000FEF764FD06462046FBF7A6FA3C2E09D1B0
:10730000002807D4FBF722F95FF82411B1F86E10BA
:10731000884230D05FF830613B2106F13500F9F743
:1073200086FD5FF8E850002486F83470032C09D0FD
:1073300055F82400FBF712F906EB84010134C1F87B
:107340006200F3E700204FF48271042804D006EBBA
:10735000400201301187F8E70020FF21062804D001
:107360003218013082F84210F8E70020A6F86E00CB
:10737000012086F840005FF890710024032C0BD0A8
:1073800007EB8400D0F86210E0B2FBF73FF90BEB9B
:10739000040101340877F1E7B86D0B900BA811A92F
:1073A000F9F7ACFA4FF0000B40B1DDE9150101F23D
:1073B0006C73032804D2AFF2781022E0002428E096
:1073C000C11E032902D2AFF284101AE0811F0329E3
:1073D0000ED2AFF28C1014E0FFF730FB00283FF420
:1073E000BDAEAFF2981150220290CDE90021B2E675
:1073F000A0F10901AFF28810AFF28812032938BF5B
:107400001046009026ACAFF290120C212046F9F7FE
:1074100031F85FF89411B7F860005FF898212346BF
:1074200002915FF89C11CDE900015FF8A001802175
:10743000F9F720F8DD4DDE4A4FF00008002D00F08E
:107440007E8107EB480A9AF8380009289ABFD94983
:1074500051F820100021D8484419D4F854060328C4
:1074600000F063815FFA88F6C4F858B6C4F85CB6D9
:10747000C4F860B6C4F864B6C4F868B6C4F86CB6AC
:107480000895CDE90621002E79D0012E3AD0022EA2
:1074900040F05481C949CA4D5FF8C07201220423EB
:1074A000C86840F01000C86028460121B8475FF85E
:1074B000D0B22846002101220423D8470420082105
:1074C0000222A8622846FBF783FC284608210122F5
:1074D000FBF77EFC2846022101220223B8472846FA
:1074E000002100220223D84728460221012201233D
:1074F000B8472846012100220123D84741F21F0541
:10750000532777E0AD495FF82C7301224FF4805385
:10751000C86840F00200C860C86840F00400C86055
:10752000A848FBF7A1F95FF848B3284600210122DB
:107530004FF48053D847A4484FF480514022016152
:107540000821059D2846FBF743FC28460821802298
:10755000FBF73EFCFBF783F928460021002240237D
:10756000D8472846022101228023B8472846012116
:1075700000228023D84741F2051547273AE08F497A
:107580005FF8A873FBF759F9C86840F00200C860BB
:10759000C86840F00800C8608A48FBF765F95FF8E2
:1075A000C0B328460021FBF748F9D84786484FF476
:1075B0000051202200F5FD65016107212846FBF7F7
:1075C00007FC284607214022FBF702FC284602213F
:1075D00001222023B8472846002100222023D84733
:1075E000FBF73DF92846012100224023D84741F20C
:1075F000110526273046FBF763F8744906464FF01D
:10760000000B886800F4E060B0F5E06F19D088687E
:1076100000F4E060B0F5C06F13D0886800F4E0605B
:10762000B0F5A06F0DD0886800F4E060B0F5806F11
:1076300007D0886800F4E060B0F5407F1CBF644864
:107640008860644901224FF0010CC81980F8F0B33A
:10765000C7F3411001EB800007F0170102FA01F1B6
:10766000C0F8F01005F01F0002FA00F1544800F5D0
:10767000205040EA951213681943116056498E4212
:107680001BD056495FF8A074DDE907358E421BD048
:1076900053498E421BD053498E421BD052498E42D1
:1076A0001BD052498E421BD051498E421BD05149AA
:1076B0008E4226D140F6110117E05FF8D474DDE95F
:1076C000073540F6051110E040F612010DE040F6D6
:1076D00013010AE040F6140107E040F61E0104E041
:1076E00040F61F0101E040F6041140EA911001F05C
:1076F0001F0201680CFA02F2114301600168914314
:107700000160F068194640F00800F060F06840F051
:107710000400F0603046FBF773F9F06840F0200099
:10772000F0600320C4F85406069A9AF8390005F56B
:10773000077508F1010802F8240B7FE6FEE75FF801
:1077400068B540F20310012101224FF40073ABF839
:10775000020017488BF8041080F86C101749C868AD
:1077600040F00200C8601748012100F5444420465B
:10777000FBF75EFB2046002100224FF40073FBF76D
:107780007EFBFBF78DF91C4C0B4F4FF40778FBF792
:1077900087F99BF80900012804BFDBE90C01CBE95C
:1077A0000E019BF8000058B3052031E0ACF9FFFF53
:1077B000D0870020489900086088002024380240C3
:1077C00000100240004001401804024004ED00E0B7
:1077D0000005FA0510E000E00014014000480040F8
:1077E000004C00400050004000780040007C004009
:1077F0000010014000440040C48E0020000300201F
:10780000DBE90E01FAF730FF002841F05280032037
:107810008BF802009BF8100001215FF820E042F293
:10782000341C8BF80310012840F068870025E8B26B
:107830008BF80B50032800F2E78601D1032507E0FF
:1078400010FB08710E691EB15844C07F02281FD179
:107850005BFA85F0C17FE8B2022940F06D8609EB42
:10786000C000D0E90C01FAF7FFFE002800F0DD852A
:10787000E8B2022806D810FB08714968B1F5807F8C
:1078800040F0D8854FF407734FF0000800F0D6BDE4
:10789000E8B202281DD810FB0870024652F8101FEB
:1078A000B9B1014651F8183F184490F81C0152E84C
:1078B000003F013B42E80034002CF8D10A685FF831
:1078C000C84001320A600A68D2B20A609BF80B50C5
:1078D00000E000205FFA85FA4FEA0A11625801328F
:1078E00062505BFA85F1C97F012904D0002943D198
:1078F0003A2841D12EE03A282CD00D2840D104EB73
:107900000A100AEBCA09C1680131C1605FF8600161
:107910000AFB0CF100EB8908D8F804000130C8F824
:1079200004001EF801003A283CD15FF8F8061AFB63
:107930000CE7089100EB8A0BDBF81C4011A9E01959
:107940000238FBF7EDF880B30020CBF81C0008F1FB
:10795000100056E00AFB0CF03A210EF800100BEB79
:107960000A000121C17709EB8A00C161C16004EB03
:107970000A10816801318160013E7FF489AF67E7B9
:1079800009EB8A0142F23313CA699A42F4D8CC68EF
:107990001AFB0CE31855501CC861601C5FF8A84125
:1079A000C860E9E75FF8749738E0A01ECDF81CB016
:1079B00081B23846FAF738FE9DF8441088421BD150
:1079C000E01E7C1C4FEA500B04900798CDE905B7E8
:1079D000C0F81CB0BBF1000F49D0204611A9FBF73D
:1079E0009FF8002840F0C2809DF844000234ABF1BB
:1079F000010B07F8010BEDE707990020C86108F1BA
:107A000014005FF8D0975FF80CE25FF814425FF85B
:107A100038B842F2341C01680131016000205FF87F
:107A200068724FF4077809F11C019BF80B5041F87C
:107A30002A0051F82500A8B109EB85000021C1609A
:107A40000BEB05000221C1770020FBF757F89BF8EC
:107A50000B505FF858E242F2341C09EBC502C2E950
:107A60000C0189E70BEB05000021C17784E75FF883
:107A7000C002069A5FF8A0B85FF880E242F2341CB8
:107A800010F829001178814240F07E80D8F81C005F
:107A9000547804230130C8F81C00D8F808000130DD
:107AA000C8F80800A4F1E0001F2800F27C805FF80D
:107AB0007C985FF8FC724FF40778DFE810F0000163
:107AC000BC032000CD00BC032000CD00BC0320007F
:107AD000CD00BC032000BC0320001701BC03BC0385
:107AE000BC03BC03BC03BC03BC03BC03BC03BC039E
:107AF000BC035B017A01BE01BC03BC03AC00069F62
:107B0000BD1C2846FAF7F0FE063780463846FAF7DD
:107B1000EBFE2690A4F1E200FF230B2800F217836E
:107B20005FF828E342464FF00808002442F2341C74
:107B3000DFE810F00C00220222021E0222022202C2
:107B4000DB0122022202E3012202FB0105980A283E
:107B500040F00B8250B226A90222FAF719FC8046A7
:107B6000013040F0DC814FF0FF08CFE107990020A1
:107B7000DFF8ECBDDFF8189E5FF880E342F2341CBA
:107B8000C86108F10C000BE0FF2902D15178FF29F0
:107B900030D007990020DFF8F89DC86108F118007F
:107BA000DFF8084E37E7A4F14300DFF8E49DDFF883
:107BB000F47D4FF40778042875D2032846D8069937
:107BC00004238D1CDFE810F004001702390237038C
:107BD00004981828C0F0E1822C78012C00F0C082B3
:107BE000002C059912BF4FF00009DFF87C0DD0F88A
:107BF0002090B8E21070D8F82000DFF8949DDFF8EC
:107C0000A47D0130C8F82000D8F808000130C8F879
:107C100008004FF407780598022840F0BE820699C4
:107C20001020DFF8742DC1F80200881D0FF6845172
:107C3000F8F70AFC0121DFF878ED42F2341C8BF8EA
:107C40000910062111FA80F00799C86101208BF80C
:107C500001000798C1693EE2069D05F10208404611
:107C6000FAF742FE0635032100224BB2002B05D461
:107C7000CBB20139EB5C43EA0222F6E7E32C269211
:107C800000F08181DFF828EDDDE90515E62C42F2F0
:107C9000341C00F08E81E92C40F0A98102230629D2
:107CA00008BF042309E2072C00F00881062C40F0ED
:107CB000C28205980223122808BF0B23BBE2059855
:107CC000022840F06A82069DDFF8204D0021A81CA2
:107CD000A047A81D0B21A04705F10A000121A047DC
:107CE000DFF8CCEC42F2341C0E20ADE705980A28F0
:107CF00040F05382069CA01C0590FAF7EAFD054669
:107D0000A01D0490FAF7E5FD044640F631008542D7
:107D100000F39082002D00F18D82012CC0F28A8246
:107D2000DDF81480DFF8BC7C29464046B84741F2B4
:107D3000850040F63201844228BF0446601988421B
:107D400088BF4C1B04982146B847069840F632017C
:107D50000A30B847DFF8581C089ADFF88C0C114439
:107D6000284400220E31A24280F21982835C8B5497
:107D70000132F8E70598062840F00F820698023095
:107D8000FAF7B2FDED49884240F05482012007998C
:107D90008BF80D508BF80C000220C8614FF4FA707C
:107DA000FAF7ACFEDFF808ECCBE9180142F2341C1C
:107DB0004CE705980A2840F0F081069CA01CFAF7D1
:107DC00093FDDF49884240F03582A01DFAF78CFD13
:107DD00004460020B0EB144F40F02C82FF20DFF867
:107DE000D0EB42F2341C80EA1422E0B2824240F02E
:107DF000218204F0FE00092800F21C82BAF1020F71
:107E00003FF624AF0FF6C8305146F8F711FBDFF804
:107E1000580B00EB4A0080F838400BEB0A04FAF7E5
:107E20005FFE0120A0756420FAF768FEDFF880EBA2
:107E300042F2341CCBE9180108E705980A2840F003
:107E4000AC81069CA01CFAF74FFDBE49884240F069
:107E5000F181A01DFAF748FD05460020B0EB154F53
:107E600040F0E881FF20DFF848EB42F2341C80EA62
:107E70001522E8B2824240F0DD810523002800F09F
:107E8000DA81FF2800F0D781BAF1020F3FF6DEAEAB
:107E90000FF624305146F8F7CBFADFF8CC0A0BEB9B
:107EA0000A0400EB4A0080F83950FAF719FEDFF8AF
:107EB00000EB012042F2341C6076C7E605980228E8
:107EC00040F06B8111A8FAF709FC069C42F2341CC1
:107ED0000F2001B2002900F1DF8082B211AB14FA49
:107EE00080F101389A5C8A70F3E705984FF0020838
:107EF000062808BF4FF0040839E00598062834D159
:107F000050B226A90022FAF743FA8046269938464D
:107F1000FAF7FFFC5FFA88F0FF2800F01581DFF820
:107F200090EA002442F2341C22E005980024022842
:107F300040F0B8800798C4610B2C00F00D8160B24E
:107F400026A90022FAF724FA269980462846FAF74D
:107F5000E0FCDFF85CEA42F2341C18F1010005F1A4
:107F6000040504F10104E7D001E04FF00208002409
:107F7000079843460594C461DFF8287ADDE90515C2
:107F80004FF40778A0E00599DFF8187A079C4FF4C2
:107F90000778062940F0898040B226A9FAF794FABA
:107FA0009DED260A08902846FAF7A9FC069D0A21AD
:107FB00014E0022940F08080079C0020E06100204E
:107FC00026A9FAF781FA9DED260A08904046FAF7AD
:107FD00096FCDFF8D07906214FF40778089BDFF88C
:107FE000D0E942F2341C581C6CD1FF236CE0DFF85E
:107FF000B479FF23C4E70598072840F0CE802C7899
:10800000012C00F21781002C00F0DD80012C0CBF48
:108010004FF480594FF0000906980330FAF764FCDA
:10802000002800F10581012C00F0DA80002C40F0DE
:10803000FF80DFF83419496AD4E00598022840F03F
:10804000AC8008980024704400F10608DFF8185945
:10805000022C71D0E1B2A8F10400012905D059B970
:10806000696AFAF756FC2D6A0AE04FF4F071FAF7E4
:1080700050FC4FF4805503E000210025FAF749FC3D
:1080800040462946FAF745FCDFF824E908F10808DC
:10809000013442F2341CD9E707991220C861DFF895
:1080A00010E9D3E54FF0020862E7DFF804E9069D26
:1080B000022342F2341C05E00223DFF8E878079C33
:1080C0004FF407780021E16101208BF80100D8B25C
:1080D000FF2840F0B4804FEA410808F101056545EA
:1080E00005D9DFF8C07800204FF40778C8E0A8F180
:1080F00001074C1E002C07D40698015D3844FAF79E
:1081000079FA023F013CF5E7069C2120A9B22070D4
:108110000798C5612046FAF787FA01466019FAF711
:1081200069FA08EB04000D21DFF87878C17008F1D6
:1081300004004FF407789FE0122085E53412AA5519
:1081400078563412896745230A20FF230590DFF80B
:1081500060E842F2341C0FE74FF0FF082E2407E7D7
:1081600005994FF4805909F10C00814213D1012C7B
:108170005ED806980330FAF7B7FB002800F1AE800E
:108180008046012C00F08080002C40F0A780DFF8B2
:10819000D807406A7AE0DFF8F89702234BE004F151
:1081A0000C0081B24046FAF7B1F901460698204426
:1081B0000E30FAF7AEFB0799DFF8F4E704F112008E
:1081C00042F2341C41E5DFF8A007D0F8209041F2DC
:1081D0008B0081457FF720AFDFF8B49708232AE0B2
:1081E0004FF4F071884223DA0699CA1D012C7DD024
:1081F000002C7ED1DFF87047616A814279D9236A09
:1082000003FB00F1204600F0F3FB079C002870D42C
:1082100009F1050828464146FAF7B6F905F80800BD
:1082200009F10800DFF8689742F2341CE06136E794
:10823000DFF85C9705230120069D8BF801000224DE
:10824000AB70002C08D4A0B2295C05EB40000130D3
:10825000FAF7D0F9013CF4E73F200799287007208E
:10826000C86128460721FAF7DFF90146E81DFAF749
:10827000C1F90D2068720A20DFF834E742F2341C9D
:10828000DFF82847FFF7CFBB4FF4F070804525DAC1
:1082900006980730FAF728FBD34988421ED109F126
:1082A000090728463946FAF76FF9E95D884231D166
:1082B0000698012C00F10B09DFF8AC062CD07CBB32
:1082C000416A41452CD9036A4A4603FB08F100F094
:1082D00033FCDFF8DCE642F2341C99E00523DFF8DA
:1082E000B096DFF8C0764FF40778A4E741090E296D
:1082F00003D9DFF89C960A239DE7BC49079C01EB54
:1083000000300021B1F5805F3FF482AF435C5354ED
:108310000131F7E70123E2E74FEA58100E2801D9AF
:108320000A23DCE7B248D0F8EC03B0F1FF3F06DCEB
:10833000AF48B049C0F8E013AF49C0F8E013FAF70E
:108340001FFD002855D1A948A94C00EB0838AB48BF
:10835000C4F8000448F00040C4F8FC03D4F8EC036F
:1083600020F0F800C4F8EC03D4F8EC0340F002006D
:10837000C4F8EC03D4F8EC0340F48030C4F8EC0308
:10838000FAF7FEFCD4F8FC1321F00041C4F8FC130A
:10839000D4F8EC1321F00201C4F8EC1348BB00241C
:1083A000B4F5805F22D019F80470FAF7E9FCF0B94F
:1083B0008F4DD5F8EC0320F44070C5F8EC03D5F8E8
:1083C000EC03C5F8EC03D5F8EC0340F00100C5F868
:1083D000EC0308F80470FAF7D3FCD5F8EC1321F09D
:1083E0000101C5F8EC1310B90134D9E70020DFF81A
:1083F00070B57F4ADFF8B8E542F2341C0028D2F8A5
:10840000EC1341F00041C2F8EC1318BF4FF0FF30FD
:108410000799DFF87C95DFF88C7500284FF4077812
:108420003FF569AF0720FFF710BCDFF884E542F2A3
:10843000341C80E04FF40773C1F1FF0809EB8002A0
:10844000DFF86CE542F2341CD169884528BF8846C4
:10845000B8F1000F6BD0022836D8D768DFF8442572
:1084600042F2341410FB032C624652F8043FC3F569
:1084700080739845B8BF43464BB310FB04E10CF141
:10848000080539441F4667B12C6811F8016B013F9C
:10849000644426772C6801342C602C68E4B22C608C
:1084A000F1E752E8001F194442E80014002CF8D10B
:1084B00090B1DFF8F844012814D0022840F0EE8192
:1084C0004F4904228A6111E04FF000081EE0DFF8F6
:1084D000DC4442F2341C19E0DFF8D04449494FF43F
:1084E000005202E047494FF480520A60FAF7E8F878
:1084F000C168DFF8BCE442F2341C41F08001C16085
:108500009BF80B0009EB80010546C96909EB800265
:10851000B1EB0801D161D1684144D16004EB001195
:108520004A6842444A6002BF58440021C177DFF8DC
:1085300074744FF40778E8B2E9B2022950D858446D
:10854000827D8AB3C07F78BB11FB0870406858BB3E
:10855000DBE91801FAF788F810B35BFA85F000211F
:10856000DFF84CE442F2341C8175E8B202281CD8D2
:10857000DFF8F41301EB400191F83840FAF7A0F866
:10858000092C9ABFDFF8181451F824100021FAF7CB
:1085900037FA9BF80B50DFF818E4DFF8104401E0DD
:1085A000DFF80CE442F2341CE8B20BEB00014A7E27
:1085B000B2B1CA7FA2B9EAB2022A03D810FB08728C
:1085C00052686AB9DFF8A023DFF8D03302EB40022B
:1085D00000EBC00092F8392003F8202000204876F4
:1085E0000135FFF724B900BF3F5A1CEB0000020819
:1085F0002438024023016745AB89EFCDD6C7B8A91F
:1086000000100240180402409BF80C00012816D10B
:108610009BF80D000BEB0001C97F81B9022803D83C
:1086200010FB0870406850B9DBE91801FAF71CF834
:1086300028B101208BF80A0000208BF80C009BF871
:108640001500CB4E012829D1DBE91C01FAF70CF803
:1086500020B30020CF4A40F20313CDE90C0026A836
:108660000B900BA8009011AD30462946FDF7D4F8C9
:10867000002810D4BC4C012004F8340FF9F766FF31
:108680006087224630462946C84C3C23FDF76CFCE7
:108690003046FAF7D9F800208BF815009BF8010056
:1086A00001280ED1AF480068C0070AD10020AD49AB
:1086B0008BF801006FF002000861086840F00100CB
:1086C00008609BF8030001280AD1FAF7A4F838B132
:1086D00000208BF803009BF802008BF8070001E0F4
:1086E0009BF80700013804284CD8DFE800F0031E8F
:1086F0002A30410001208BF8060068E00120214665
:108700008BF81000002004283FF490A8002309EB08
:108710008002D361D3600BEB0002C1E90033C1E9F1
:10872000023310310130D377EDE7FAF774F80028FF
:108730004AD09BF8060000284FF4617008BF6420FF
:108740000BE0FAF768F800283ED0642005E0FAF75D
:1087500062F8002838D04FF4FA70FAF7CFF9CBE975
:1087600010019BF8060080F001008BF806002DE058
:108770009BF80500032827D8DFE800F0020802175D
:10878000002004E000208BF8060023E001208BF895
:108790000600FAF740F8B8B16420FAF7AFF9CBE970
:1087A00010019BF8050001300CE001208BF8060059
:1087B000FAF731F840B14FF49670FAF79FF9CBE928
:1087C000100100208BF805009BF8060010B16048EE
:1087D000283001E05E481830402101609BF8040019
:1087E000012808D1FAF74FF828B1604800218BF82A
:1087F000041001700CE05D48007801280CD00228BC
:1088000015D0032804D1FAF73EF800B3642013E032
:1088100000208BF8080021E0FAF735F8B8B19BF892
:108820000800002840F26C7008BF642004E0FAF7EA
:108830002AF860B14FF47A70FAF760F9CBE91201C7
:108840009BF8080080F001008BF8080001E09BF81D
:10885000080018B13F4800F5826002E03D4800F58D
:1088600080604FF400510160DBE91A01F9F7FCFE6A
:1088700068B14EF66020FAF741F9CBE91A01FAF730
:1088800006F820B1DBF824000130CBF824009BF877
:108890000A0001287EF47BAFFAF746FAFEE70120D2
:1088A000CDE90940324811A909AAFBF76BFAFEF796
:1088B0001DBCEFF31480C00700D000DF26494FF045
:1088C000FF30C1F87C01C1F87801C1F87401C1F82A
:1088D0007001C1F88C01C1F88801C1F88401C1F8A8
:1088E0008001C1F87C02C1F87802C1F87402C1F8B5
:1088F0007002C1F88C02C1F88802C1F88402C1F884
:108900008002002008601549086840F00070086087
:10891000086A20F4E0200862EFF3148080070BD58A
:10892000EFF3098080F30888EFF3148020F0020051
:1089300080F31488BFF36F8F08481B4941600846D5
:10894000F9F7E0FD11490BA041F22A12F7F74CFFAD
:10895000001002401804024010E000E004ED00E0C6
:10896000C801002000400140900200200C000020BF
:10897000988F00206366672D3E626C6F636B5F6348
:108980006F756E7420213D203000000092A0000819
:1089900040020020D5A10008048F0020D0870020CD
:1089A000489900086088002000000208C48E00205A
:1089B000000300202573000052533438353A2564F3
:1089C00020616464726573732025640A00000000EE
:1089D00052533438353A2564207370656564202518
:1089E000640A0000132900085AA200082729000879
:1089F0002DE9F04F87B0054690F831000138012885
:108A000000F29380AC6A274604B9EF69B7F1807F22
:108A1000A8BF4FF08077CDE9007158180026039069
:108A20000138B0FBF7F00490501AB1FBF7F2029056
:108A3000049882427BD802FB07F84FF0000A4145B8
:108A4000C8BF88460399013202FB07F005928142B4
:108A5000B8BF0846A0EB0809029840440690D145EB
:108A60005FD9A9EB0A060AEB0807B442B8BF26464D
:108A700095F83200032814D0022823D0012854D1BD
:108A8000F9F7C4FE687818B92A484FF4006101600C
:108A90002878032100F09EF92878F9B200F09AF9BD
:108AA00020E0F9F7B3FE687818B922484FF4006166
:108AB00001602878032100F08DF92878394600F00C
:108AC00075F90FE0F9F7A2FE687818B919484FF464
:108AD000006101602878032100F07CF92878B9B2A0
:108AE00000F058F9287868B1687820B911484FF437
:108AF000006140F8101CA244F9F7A0FDB6F1FF3F59
:108B0000ADDC14E006984FF0000B00EB0A07B3450C
:108B1000EADAFF20F9F7D6FF07F80B000BF1010B9B
:108B2000F5E7DDE90071059A82E74FF0FF36304640
:108B3000F9F7A6BE281002402DE9F04F8BB005468C
:108B400090F831004FF0FF370591012804D002283A
:108B500040F0CD80012000E00020059908904FF4FE
:108B60000068521A0392002818BF41F28837D5F8DE
:108B70002CB05818029001385A46BBF1000F08BFBC
:108B80004FF48072B0FBF2F001920797B1FBF2F262
:108B90005949002700908A46824200F2A880019934
:108BA00005984FF0000902FB01F39842C8BF034645
:108BB000013202FB01F0029904928142B8BF0846DB
:108BC0000A93C11A0398099118440690494540F246
:108BD00089800A98A1EB0907BB45B8BF5F4609EB3E
:108BE000000495F83200032816D0022827D0012867
:108BF0007BD1F9F70BFE2846FAF7AAF8687810B986
:108C00005046CAF810802878022100F0E3F828784E
:108C1000E1B200F0DFF824E0F9F7F8FD2846FAF7B2
:108C200097F8687810B95046CAF810802878022161
:108C300000F0D0F82878214600F0B8F811E0F9F7F4
:108C4000E5FD2846FAF784F8687810B95046CAF866
:108C500010802878022100F0BDF82878A1B200F039
:108C600099F8287898B3687810B95046CAF8008007
:108C7000F9F7E4FC089818B30798F9F73FFF0446A2
:108C80000F46F9F7C3FD687810B95046CAF810804E
:108C90002878052100F09EF82878FF2100F09AF846
:108CA0000646687810B95046CAF80080F9F7C6FC45
:108CB000F00708D020463946F9F7D6FCA8B9E0E716
:108CC000002F01D513E000270999D9447EE70698C3
:108CD000002600EB0904BE42C5DAA05DF9F7F2FEFA
:108CE0000136F8E70098049A56E74FF0FF37384608
:108CF0000BB0BDE8F08F00BF1810024070B51D4AE0
:108D00005168C1F381031C49022B03D0012B17D1F9
:108D10001A4915E013681468156816687602174E2C
:108D200058BF0E4603F03F01C4F388130224B6FB7C
:108D3000F1F15943C5F3014304EB4303B1FBF3F1F4
:108D4000556810A654680E4B5268C5F30315755D3F
:108D5000E940032805D0022806D0012818BF0021C9
:108D600006E0C2F3423001E0C4F38220185CC14047
:108D7000084670BD043802400024F40000127A0056
:108D8000109A000800000000000000000102030427
:108D900006070809B0B50C46090A054600F01AF89E
:108DA000E1B22846BDE8B04000F014B870B5084EF6
:108DB0000C46C1F307410546B047C4F307212846D6
:108DC000B047E1B228463246BDE87040104700BFC8
:108DD000D58D000808B1002070470846F9F772BE2B
:108DE00000B170472DE9F84F4A4F4C4C1546894663
:108DF00006214FF48052F86840F01000F860386A9D
:108E000040F480103862444800F5404683463046BE
:108E1000A047304606214FF48042A0473046062145
:108E20004FF40052A047DFF8F8A03046022101229B
:108E30004FF48053D0473B4C3046002101224FF481
:108E400080534FF00008A0473046022101224FF422
:108E50008043D0473046002101224FF48043A04791
:108E600030460221F9F7E9FCD04730460021F9F7F6
:108E7000E4FCA0473868032D40F48010386038685F
:108E800020F4801038609CBF27A050F82580032074
:108E9000FFF734FFB0FBF9F0802801D9382018E043
:108EA000402801D9302014E0202801D9282010E0E2
:108EB000102801D920200CE0082801D9182008E04A
:108EC000042801D9102004E00021022888BF0121D4
:108ED000C800DBF8001001F4415141EA08010843E1
:108EE00040F44170CBF80000DBF81C0020F4006077
:108EF000CBF81C00DBF8040020F00400CBF80400E1
:108F0000DBF8000040F04000CBF80000BDE8F84F6F
:108F1000704700BF2438024000500140D12D0008A6
:108F2000312E00087F2E0008000000000200000023
:108F3000010000000300000010B5074B0022102ABA
:108F400008BF10BD8C5C013284EA106453F82440E1
:108F500084EA0020F3E700BF90AA0008C1F3891259
:108F600001F01F03C1F3044112580068DA40C84001
:108F7000104000F0010070475FEA400C08BF91F01C
:108F8000000F4FEA8C234FEAC12243EA51514FEAC6
:108F90001C5018BF00F5F0404FEA300018BF41F0F8
:108FA00000415FEA6C5C00F02980BCF1FF3F08BF24
:108FB00040F080407047130C06BF12044FF0100CB5
:108FC0004FF0000C130E04BF12020CF1080C130F2B
:108FD00004BF12010CF1040C930F04BF92000CF1BA
:108FE000020CD30F04BF52000CF1010C11464FF0DC
:108FF0000002A0F11F00A0EB0C00704711F0004F21
:1090000008BF704731F000413FF4D5AF0B0C06BFED
:1090100009044FF0100C4FF0000C0B0E04BF0902B6
:109020000CF1080C0B0F04BF09010CF1040C8B0FA1
:1090300004BF89000CF1020CCB0F04BF49000CF1F6
:10904000010CCCF1200322FA03F341EA030102FAF6
:109050000CF2A0EB0C0000F10100704723F07F47F9
:1090600020F07F4C80EA030000F00040ACEB0703E7
:1090700003F57C5303F1FF032DE9804909B44FEA5E
:10908000144324EA03484FEA154B25EA0B4E0FF22E
:10909000042606EB13273E7803FB0667C7F5000797
:1090A00007FB06F64FEAD64606F102064FEA5437AA
:1090B00007FB066CCCF1005C4FEA1C472CEA074C1E
:1090C0000CFB06F507FB06F404EB15464FEA961673
:1090D00049085FEA320234BF00204FF000404FEAF7
:1090E000D13706FB07FC4FEA1C4C0CFB0BF7D21BDD
:1090F00003FB0CF761EB07010CFB0EF7B0EB07402D
:1091000072EB17420CFB08F734BFA2EB0742B2EB3D
:10911000074261EB17414FEA0C444FEA910706FB07
:1091200007FC4FEA1C4C0CFB0BF7B0EBC74072EB93
:10913000573203FB0CF734BFA2EBC742B2EBC74276
:1091400061EB57310CFB0EF7B0EBC70072EB5772B7
:109150000CFB08F734BFA2EBC702B2EBC70261EB0E
:1091600057714FEA816141EA92114FEA826242EA05
:1091700090124FEA806004EBCC04039F4FEAD13792
:1091800006FB07FC4FEA1C4C0CFB0BF7D21B03FB46
:109190000CF761EB07010CFB0EF7B0EB074072EB2D
:1091A00017420CFB08F734BFA2EB0742B2EB0742B1
:1091B00061EB17414FEA8C5504EB9C244FEA910771
:1091C00006FB07FC4FEA1C4C0CFB0BF7B0EBC7404F
:1091D00072EB573203FB0CF734BFA2EBC742B2EB82
:1091E000C74261EB57310CFB0EF7B0EBC70072EBD7
:1091F00057720CFB08F734BFA2EBC702B2EBC702F1
:1092000061EB57714FEA816141EA92114FEA826244
:1092100042EA90124FEA806015EB4C2544F10004BD
:109220004FEAD13706FB07FC4FEA1C4C0CFB0BF74F
:10923000D21B03FB0CF761EB07010CFB0EF7B0EB45
:10924000074072EB17420CFB08F734BFA2EB074252
:10925000B2EB074261EB17414FEA813141EA92419B
:109260004FEA823242EA90424FEA80304FEA0C766F
:1092700015EB1C1544F1000448EA03434EEA0B4881
:109280004FF0000EB2EB080C71EB030724BF6246EF
:1092900039464EEB0E0E4FF0000B0018524149417B
:1092A0004BEB0B0BB2EB080C71EB03077BF1000BE4
:1092B00024BF624639464EEB0E0E4FF0000B0018ED
:1092C000524149414BEB0B0BB2EB080C71EB03071E
:1092D0007BF1000B24BF624639464EEB0E0E51EA7D
:1092E000020718BF46F0010616EB0E7655F1000294
:1092F00054F1000103D5BDE88901BDE80088BDE84F
:109300008901BDE80048B619524141EB0101A3F1C2
:109310000103704780807F7E7D7C7B7A79787776C9
:1093200076757473727171706F6E6E6D6C6C6B6A42
:109330006A696868676666656464636362616160E0
:10934000605F5F5E5E5D5D5C5C5B5B5A5A5959585D
:1093500058575756565555555454535352525251C7
:10936000515050504F4F4F4E4E4D4D4D4C4C4C4B1D
:109370004B4B4A4A4A494949484848474747474664
:1093800046464545454444444443434343424242A0
:10939000424141419C46002B30D477002BD04FEA0C
:1093A00037071CB503B44FF010004FF01001BAF1AD
:1093B000000F06D0BCF1000FDCBF40F0080040F009
:1093C00008014FF000000FBCBDE810400BF1010B8D
:1093D000BBF1010F08BF5FEA170722BF12F10102BC
:1093E00011F101014FF0004143F1000300F0004092
:1093F00043EA00007047F9D35708D0E746EA06462B
:109400004FEA164613F1400F1FDD13F1200FDFBFA7
:1094100016430A46002120335B42BED0C3F1200729
:1094200046EA06464FEA164602FA07F746EA0706F4
:1094300022FA03F2C3F1200701FA07F742EA070212
:1094400021FA03F14FF00003A7E746EA020646EAD5
:1094500006464FEA164646EA0106BCBF46EA0646FD
:10946000360C4FF000034FF000024FF0000194E77C
:109470002DE9804C70B49A46934691E8380007C8AD
:1094800031EA400C48BF34EA430C03D5FFF7E6FD50
:10949000FFF780FFF0BCBDE8008C2DE9804C70B474
:1094A0009A46934691E8380007C810F0804F08BFED
:1094B00013F0804F03D100F005F8FFF76BFFF0BC0D
:1094C000BDE8008C20F07F4723F07F4C80EA03004A
:1094D00000F0004007EB0C03A3F57C53A3F1FE035F
:1094E00092F0000F00F0B38095F0000F00F077804D
:1094F0002DE901494FEA114021EA00484FEA14469C
:1095000024EA064700FB06FC08FB06F607FB08F802
:1095100018EB06484CEB164C00FB07F718EB074816
:109520004CEB17404FEA124B22EA0B4E4FEA15461E
:1095300025EA06470BFB06FC0EFB06F607FB0EFEB4
:109540001EEB064E4CEB164C0BFB07F71EEB074EC3
:109550004CEB174B18EB0B0840F1000018EB0E0B0F
:1095600058EB000840F100008F1A4FF000014FF057
:1095700000063CBFC943661B14BFB5EB040C0021B9
:109580003CBFC943F61B4FEA174427EA04454FEA9C
:109590001C472CEA074C04FB076205FB07F70CFB92
:1095A00005F616EB074642EB174204FB0CFC16EBE4
:1095B0000C4642EB1C421BEB060658EB02024141F3
:1095C0004EEA8E0E46EA9E0601D5BDE80189B6191F
:1095D000524141EB0101A3F10103BDE801894FEACA
:1095E000144524EA05464FEA114721EA074C05FBDA
:1095F00007F406FB07F70CFB06F111EB074144EB00
:10960000174405FB0CFC11EB0C4144EB1C444FEAE6
:10961000124722EA074C05FB07F206FB07F70CFB93
:1096200006F616EB074642EB174205FB0CFC16EB61
:109630000C4642EB1C456A1854F1000148BF7047C4
:10964000B619524141EB0101A3F10103704795F0B6
:10965000000F37D04FEA114221EA02464FEA144781
:1096600024EA074C02FB07F106FB07F70CFB06F4A4
:1096700014EB074441EB174102FB0CFC14EB0C44C8
:1096800041EB1C414FEA154725EA074C02FB07F561
:1096900006FB07F70CFB06F616EB074645EB1745EE
:1096A00002FB0CFC16EB0C4645EB1C42121951F167
:1096B000000148BF7047B619524141EB0101A3F1C7
:1096C000010370474FEA144524EA05464FEA114763
:1096D00021EA074C05FB07F106FB07F70CFB06F236
:1096E00012EB074241EB174105FB0CFC12EB0C425D
:1096F00051EB1C414FF0000648BF7047921841EBF8
:109700000101A3F10103704703B4019841000098DF
:1097100050EAC12018BF04204A0D18BF40F00100D4
:1097200040F2FF72B2EB515F08BF40F00200012827
:1097300008BF052002B0704730380A2801D2012046
:109740007047002070478A68002A02DC0022F8F780
:109750006BB9521E8A604A68C0B2531C4B601070CD
:109760007047000010B500290AD00878002807D0FB
:1097700005487844F8F760FB002801D0002010BDB0
:109780000248784410BD00003E1700003617000064
:1097900010B500290AD00878002807D00548784479
:1097A000F8F74AFB002801D0002010BD0248784499
:1097B00010BD0000221800001A1800004FF07E5261
:1097C00009E011F0004204D54042C1F1000138BF68
:1097D000491E42F07E5202F170620B0012BF20233C
:1097E0005FEA00017047B1FA81FC01FA0CF1A3EBCA
:1097F0000C0320FA03FC41EA0C0102EBC352C3F153
:10980000200310FA03FC5CEA416C42EB112018BF04
:109810005FF0806C28BF20F001007047F1EE100A65
:109820004FF6FF71C0F2C03120EA010040F04070F5
:10983000E1EE100A7047F7F782BCF7F7B7BD303199
:109840003233343536373839414243444546403067
:109850005800303132333435363738396162636419
:109860006566403078000400000800000000000039
:1098700000020001000010000000000000000000D5
:109880001F1D1F1E1F1E1F1F1E1F1E1F30313233A4
:109890003435363738396162636465667870003014
:1098A00031323334353637383941424344454658EE
:1098B0005000000002400000000000A00000000076
:1098C00005400000000000C8000000000C4000003F
:1098D0000000409C00000000194000000020BCBEB9
:1098E0000000000034400000BFC91B8E00000004CF
:1098F000B5400000504BCFD06607E2CF010000001A
:109900006C4100003E8251AADFEEA7340100000046
:10991000D9420000DCB5A0E23A301F97FFFFFFFFFD
:10992000B4450000FD25A0C8E9A3C14FFFFFFFFF1C
:10993000FF3F00000000008000000000FF3F00002B
:10994000000000800000000080250000004B0000A7
:109950000096000000E1000000C201000046050082
:1099600000D20F00008403000008070000100E0062
:10997000AB4890C455A15CF1112F0343156BD7F987
:109980008C9900089C99000870990008AB4890C415
:1099900055A15CF1112F0343156BD7F8123456789B
:1099A00090ABCDEF10023004500670083A7474008A
:1099B0003A7474003A74740053657020323920325E
:1099C0003032350031373A35353A33330000000054
:1099D000FFFFFFFFFFFFFFFF01000000010000008D
:1099E00030313233343536373839414243444546D5
:1099F0000000000000000000000000000000000067
:109A00000000000000000000000000000100000055
:109A10000000000001020304000000006410B71DF4
:109A2000C8206E3BAC30D9269041DC76F4516B6B8C
:109A30005861B24D3C7105502083B8ED44930FF04E
:109A4000E8A3D6D68CB361CBB0C2649BD4D2D38604
:109A500078E20AA01CF2BDBD25733A25643A64651C
:109A60006275673A20466978696E67206D6F766522
:109A7000207768696C652072656C6F636174696ECC
:109A800067207B307825782C20307825787D203031
:109A90007825780A25730A0025733A25643A6465A7
:109AA0006275673A20466978696E67206D6F7665E2
:109AB000207768696C6520666978696E67206F72C7
:109AC0007068616E73207B307825782C2030782583
:109AD000787D20307825780A25730A0025733A2589
:109AE000643A6572726F723A20496E76616C69648D
:109AF00020626C6F636B2073697A6520282575205E
:109B0000213D2025752925730A0025733A25643ADD
:109B10006572726F723A20496E76616C6964206278
:109B20006C6F636B20636F756E7420282575202120
:109B30003D2025752925730A0025733A25643A6569
:109B400072726F723A20556E737570706F727465B1
:109B5000642066696C655F6D617820282575203EFC
:109B60002025752925730A0025733A25643A657204
:109B7000726F723A20556E737570706F727465648F
:109B800020617474725F6D617820282575203E20F5
:109B900025752925730A0025733A25643A65727282
:109BA0006F723A20496E76616C69642076657273D3
:109BB000696F6E207625642E256420213D20762550
:109BC000642E256425730A0025733A25643A64657A
:109BD0006275673A2042616420626C6F636B20613A
:109BE00074203078257825730A0025733A25643A65
:109BF00064656275673A20466F756E642070656EA5
:109C000064696E67206773746174652030782530ED
:109C10003878253038782530387825730A00257350
:109C20003A25643A64656275673A20466978696ED8
:109C3000672068616C662D6F727068616E207B3082
:109C40007825782C20307825787D202D3E207B309B
:109C50007825782C20307825787D25730A00216CB2
:109C600066735F6D6C6973745F69736F70656E287E
:109C70006C66732D3E6D6C6973742C20287374723E
:109C8000756374206C66735F6D6C6973742A2966E2
:109C9000696C652900D091D0BBD0BED0BA20D183E9
:109CA000D181D0B8D0BBD0B8D182D0B5D0BBD0B5DF
:109CB000D0B920D18DD0BBD0B5D0BAD182D180D08F
:109CC000BED0BDD0BDD18BD0B92028D091D0A3D0EB
:109CD000AD2D38292028426F6F742920257320D09C
:109CE00097D0B0D0B22EE28496253033642028532A
:109CF0005720257320257329002F006C66732D3E95
:109D00006366672D3E73796E6320213D2030006CC1
:109D100066732D3E6366672D3E7265616420213D4A
:109D20002030006C66732D3E6366672D3E65726160
:109D3000736520213D2030006C66732D3E6366679D
:109D40002D3E726561645F73697A6520213D203024
:109D5000006C66732D3E6366672D3E6361636865C4
:109D60005F73697A6520213D2030006C66732D3E5B
:109D70006366672D3E70726F675F73697A65202135
:109D80003D2030006C66732D3E6366672D3E707219
:109D90006F6720213D2030006C66732D3E6366673F
:109DA0002D3E626C6F636B5F6379636C657320211A
:109DB0003D203000657272203C3D203000216C66F1
:109DC000732D3E6366672D3E6D65746164617461D9
:109DD0005F6D6178207C7C206C66732D3E636667C6
:109DE0002D3E6D657461646174615F6D61782025DD
:109DF000206C66732D3E6366672D3E726561645FFD
:109E000073697A65203D3D2030006C66732D3E639A
:109E100066672D3E626C6F636B5F73697A652025A0
:109E2000206C66732D3E6366672D3E6361636865D3
:109E30005F73697A65203D3D203000636F6D6D6909
:109E4000742E6F66662025206C66732D3E636667F0
:109E50002D3E70726F675F73697A65203D3D2030DB
:109E600000216C66732D3E6366672D3E6D657461DF
:109E7000646174615F6D6178207C7C206C66732DF9
:109E80003E6366672D3E6D657461646174615F6DEC
:109E900061782025206C66732D3E6366672D3E70C9
:109EA000726F675F73697A65203D3D203000216CD9
:109EB00066732D3E6366672D3E6D657461646174E3
:109EC000615F6D6178207C7C206C66732D3E6366DB
:109ED000672D3E626C6F636B5F73697A6520252026
:109EE0006C66732D3E6366672D3E6D6574616461BB
:109EF00074615F6D6178203D3D2030006C66732D8C
:109F00003E6366672D3E6C6F6F6B61686561645F71
:109F100073697A65203E2030006469722D3E636F5C
:109F2000756E74203E2030006C66732D3E6366674C
:109F30002D3E636F6D706163745F746872657368E2
:109F4000203D3D2030207C7C206C66732D3E636676
:109F5000672D3E636F6D706163745F7468726573C3
:109F600068203E3D206C66732D3E6366672D3E6221
:109F70006C6F636B5F73697A652F32006C66732D4B
:109F80003E6366672D3E617474725F6D6178203C3C
:109F90003D2031303232006C66732D3E6366672D92
:109FA0003E6E616D655F6D6178203C3D20323535D8
:109FB000006C66732D3E6366672D3E66696C655F57
:109FC0006D6178203C3D20323134373438333634BB
:109FD00037006C66732D3E6366672D3E696E6C6953
:109FE0006E655F6D6178203D3D20286C66735F7300
:109FF000697A655F74292D31207C7C206C66732D15
:10A000003E6366672D3E696E6C696E655F6D617853
:10A01000203C3D2028286C66732D3E6366672D3EEC
:10A020006D657461646174615F6D617829203F20A2
:10A030006C66732D3E6366672D3E6D657461646169
:10A0400074615F6D6178203A206C66732D3E6366A3
:10A05000672D3E626C6F636B5F73697A65292F3879
:10A06000006C66735F7461675F7479706533286C28
:10A0700066732D3E676469736B2E74616729203D9A
:10A080003D204C46535F545950455F44454C455420
:10A0900045002E2E2F4C6974746C6546532F6C66E8
:10A0A000732E63006C66732D3E6366672D3E696E8A
:10A0B0006C696E655F6D6178203D3D20286C66732C
:10A0C0005F73697A655F74292D31207C7C206C6612
:10A0D000732D3E6366672D3E696E6C696E655F6DBC
:10A0E0006178203C3D206C66732D3E6366672D3E93
:10A0F00063616368655F73697A6500342A6C6673AF
:10A100005F6E707732283078666666666666666669
:10A11000202F20286C66732D3E6366672D3E626C8F
:10A120006F636B5F73697A652D322A342929203C6D
:10A130003D206C66732D3E6366672D3E626C6F63D7
:10A140006B5F73697A65006C66732D3E6366672D7D
:10A150003E636F6D706163745F74687265736820CD
:10A160003D3D20286C66735F73697A655F74292DA5
:10A1700031207C7C206C66732D3E6366672D3E63C8
:10A180006F6D706163745F746872657368203C3DC5
:10A19000206C66732D3E6366672D3E626C6F636B49
:10A1A0005F73697A65006C66732D3E6366672D3E4A
:10A1B0006D657461646174615F6D6178203C3D2000
:10A1C0006C66732D3E6366672D3E626C6F636B5FDA
:10A1D00073697A650073797374656D5F706172611C
:10A1E0006D2E62696E006465766963655F75736183
:10A1F00067655F737461742E62696E007064697262
:10A20000006C6974746C656673006C66732D3E63D4
:10A2100066672D3E696E6C696E655F6D6178203D85
:10A220003D20286C66735F73697A655F74292D31F0
:10A23000207C7C206C66732D3E6366672D3E696EC4
:10A240006C696E655F6D6178203C3D206C66732D96
:10A250003E617474725F6D6178004A534F4E0A20FC
:10A260007B202255554944223A20747275652C2072
:10A27000225265736574223A20747275652C20220F
:10A280004368674D6F6462757341646472223A205B
:10A29000747275652C2022506172616D496E742252
:10A2A0003A205B207B20224944223A2022456E61DD
:10A2B000626C654C6F6164417070222C20224E7577
:10A2C0006D223A20302C20224E616D65223A2022E8
:10A2D000456E61626C65206C6F6164206170706CAA
:10A2E00069636174696F6E222C2022547970652233
:10A2F0003A2022426F6F6C222C20224163636573E7
:10A3000073223A2022727722207D2C207B20224942
:10A3100044223A20224D4143416464725570706575
:10A320007254687265654279746573222C20224EDE
:10A33000756D223A20312C20224E616D65223A2023
:10A34000224D41432061646472657373207570709F
:10A350006572207468726565206279746573222C59
:10A36000202254797065223A202268616C666D6102
:10A3700063222C2022416363657373223A20227288
:10A380006F22207D2C207B20224944223A20224D1E
:10A390004143416464724C6F7754687265654279D9
:10A3A000746573222C20224E756D223A20322C20A7
:10A3B000224E616D65223A20224D41432061646442
:10A3C00072657373206C6F772074687265652062A4
:10A3D00079746573222C202254797065223A2022E8
:10A3E00068616C666D6163222C2022416363657332
:10A3F00073223A2022726F22207D2C207B2022495A
:10A4000044223A2022546F74616C4F7065726174FB
:10A41000696E6754696D65222C20224E756D223A53
:10A4200020332C20224E616D65223A2022546F7415
:10A43000616C206F7065726174696E672074696DFC
:10A4400065222C202254797065223A2022526567B9
:10A45000756C6172222C202244657363223A20229B
:10A46000222C2022556E6974223A2022686F757260
:10A4700073222C2022466F726D6174537472223ADB
:10A4800020222564222C2022416363657373223AC3
:10A490002022726F22207D2C207B20224944223AE8
:10A4A00020224E756D6265724F66426F6F746C6FDD
:10A4B000616465724C61756E63686573222C20223D
:10A4C0004E756D223A20342C20224E616D65223A61
:10A4D00020224E756D626572206F6620626F6F7408
:10A4E0006C6F61646572206C61756E636865732260
:10A4F0002C202254797065223A2022526567756CAF
:10A500006172222C202244657363223A2022222C7D
:10A510002022466F726D6174537472223A20222594
:10A5200064222C2022416363657373223A202272D5
:10A530006F22207D2C207B20224944223A20224E6B
:10A54000756D6265724F664170706C6963617469A4
:10A550006F6E4C61756E63686573222C20224E7598
:10A560006D223A20352C20224E616D65223A202240
:10A570004E756D626572206F66206170706C6963E4
:10A580006174696F6E206C61756E63686573222CEF
:10A59000202254797065223A2022526567756C61D9
:10A5A00072222C202244657363223A2022222C201E
:10A5B00022466F726D6174537472223A20222564B0
:10A5C000222C2022416363657373223A2022726F2A
:10A5D00022207D2C207B20224944223A20224E75C5
:10A5E0006D6265724572726F725772697465446507
:10A5F00076696365557353746174222C20224E75FD
:10A600006D223A20362C20224E616D65223A20229E
:10A610004E756D626572206572726F722077726915
:10A620007465206465766963652075732073746151
:10A6300074222C202254797065223A2022526567B8
:10A64000756C6172222C2022466F726D6174537496
:10A6500072223A20222564222C20224163636573F2
:10A6600073223A2022726F22207D2C207B202249E7
:10A6700044223A20224950466163746F72795365CF
:10A680007474696E67734C6F636B222C20224E7555
:10A690006D223A20372C20224E616D65223A20220D
:10A6A000466163746F72792073657474696E677341
:10A6B000206368616E676520616C6C6F77656422EA
:10A6C0002C202254797065223A2022426F6F6C222E
:10A6D0002C202244657363223A2022222C2022411E
:10A6E0006363657373223A2022726F22207D2C20CF
:10A6F0007B20224944223A20224950466163746FEC
:10A70000727953657474696E67734B6579222C2076
:10A71000224E756D223A20382C20224E616D652222
:10A720003A2022466163746F72792073657474698C
:10A730006E6773206B6579222C2022547970652214
:10A740003A2022526567756C6172222C2022466F76
:10A75000726D6174537472223A2022307825303839
:10A7600058222C202244657363223A2022222C2076
:10A7700022416363657373223A2022727722207D1F
:10A780002C207B20224944223A20224465766963AA
:10A7900065446174654F664D616E7566616374757D
:10A7A0007265222C20224E756D223A20392C2022EF
:10A7B0004E616D65223A2022446576696365446185
:10A7C00074654F664D616E7566616374757265225E
:10A7D0002C202254797065223A2022526567756CCC
:10A7E0006172222C2022466F726D61745374722242
:10A7F0003A20222554222C20224163636573732260
:10A800003A2022727722207D2C207B20224944226C
:10A810003A202244657669636553657269616C4EBE
:10A82000756D626572222C20224E756D223A2031A0
:10A83000302C20224E616D65223A202244657669D3
:10A84000636553657269616C4E756D626572222C29
:10A85000202254797065223A2022526567756C6116
:10A8600072222C2022466F726D6174537472223AE8
:10A8700020222564222C2022416363657373223ACF
:10A880002022727722207D205D2C202254656C6569
:10A890006D65747279223A205B207B202249442224
:10A8A0003A2022436F7265557074696D65222C20C1
:10A8B000224E756D223A20302C20224E616D652289
:10A8C0003A2022436F726520757074696D65222C81
:10A8D000202254797065223A202254696D65222025
:10A8E0007D205D2C2022466C6173686573223A20BE
:10A8F0005B207B20224E616D65223A2022466C61EE
:10A900007368206D656D6F727920666F7220736158
:10A9100076696E672073657474696E6773222C2084
:10A92000224E756D223A20302C20225061676553EB
:10A93000697A65223A203132382C202250616765CD
:10A9400073436F756E74223A20323536207D2C7B2E
:10A9500020224E616D65223A20224170706C69633D
:10A960006174696F6E222C20224E756D223A20315F
:10A970002C20225061676553697A65223A20343071
:10A9800039362C20225061676573436F756E7422CF
:10A990003A203438302C20224F6666736574223A90
:10A9A00020313334333438383030207D205D2C2052
:10A9B0002255415254223A207B202256616C756503
:10A9C00073223A205B207B20224E616D65223A2063
:10A9D0002239363030222C202256616C7565223A9D
:10A9E0002030207D2C7B20224E616D65223A202272
:10A9F0003139323030222C202256616C7565223A72
:10AA00002031207D2C7B20224E616D65223A202250
:10AA10003338343030222C202256616C7565223A4E
:10AA20002032207D2C7B20224E616D65223A20222F
:10AA30003537363030222C202256616C7565223A2B
:10AA40002033207D2C7B20224E616D65223A20220E
:10AA5000313135323030222C202256616C7565221E
:10AA60003A2034207D2C7B20224E616D65223A20D5
:10AA700022333435363030222C202256616C7565F5
:10AA8000223A2035207D205D207D207D00000000C1
:10AA900000000000B71DC1046E3B8209D926430D9A
:10AAA000DC7604136B6BC517B24D861A0550471E32
:10AAB000B8ED08260FF0C922D6D68A2F61CB4B2BD2
:10AAC000649B0C35D386CD310AA08E3CBDBD4F387A
:10AAD00070DB114CC7C6D0481EE09345A9FD52411A
:10AAE000ACAD155F1BB0D45BC2969756758B5652B2
:10AAF000C836196A7F2BD86EA60D9B6311105A6752
:10AB000014401D79A35DDC7D7A7B9F70CD665E74F9
:10AB1000E0B6239857ABE29C8E8DA1913990609559
:10AB20003CC0278B8BDDE68F52FBA582E5E6648671
:10AB3000585B2BBEEF46EABA3660A9B7817D68B391
:10AB4000842D2FAD3330EEA9EA16ADA45D0B6CA0B9
:10AB5000906D32D42770F3D0FE56B0DD494B71D9D9
:10AB60004C1B36C7FB06F7C32220B4CE953D75CAF1
:10AB700028803AF29F9DFBF646BBB8FBF1A679FF11
:10AB8000F4F63EE143EBFFE59ACDBCE82DD07DEC39
:10AB900077708634C06D4730194B043DAE56C539C9
:10ABA000AB0682271C1B4323C53D002E7220C12A01
:10ABB000CF9D8E1278804F16A1A60C1B16BBCD1F01
:10ABC00013EB8A01A4F64B057DD00808CACDC90C49
:10ABD00007AB9778B0B6567C69901571DE8DD47549
:10ABE000DBDD936B6CC0526FB5E6116202FBD06681
:10ABF000BF469F5E085B5E5AD17D1D576660DC5381
:10AC000063309B4DD42D5A490D0B1944BA16D840C8
:10AC100097C6A5AC20DB64A8F9FD27A54EE0E6A108
:10AC20004BB0A1BFFCAD60BB258B23B69296E2B2C0
:10AC30002F2BAD8A98366C8E41102F83F60DEE8740
:10AC4000F35DA9994440689D9D662B902A7BEA9408
:10AC5000E71DB4E0500075E4892636E93E3BF7ED88
:10AC60003B6BB0F38C7671F7555032FAE24DF3FE40
:10AC70005FF0BCC6E8ED7DC231CB3ECF86D6FFCBC0
:10AC80008386B8D5349B79D1EDBD3ADC5AA0FBD888
:10AC9000EEE00C6959FDCD6D80DB8E6037C64F64E8
:10ACA0003296087A858BC97E5CAD8A73EBB04B77A0
:10ACB000560D044FE110C54B383686468F2B474260
:10ACC0008A7B005C3D66C158E4408255535D435128
:10ACD0009E3B1D252926DC21F0009F2C471D5E2868
:10ACE000424D1936F550D8322C769B3F9B6B5A3B20
:10ACF00026D6150391CBD40748ED970AFFF0560EE0
:10AD0000FAA011104DBDD014949B93192386521DA7
:10AD10000E562FF1B94BEEF5606DADF8D7706CFCA7
:10AD2000D2202BE2653DEAE6BC1BA9EB0B0668EFDF
:10AD3000B6BB27D701A6E6D3D880A5DE6F9D64DA1F
:10AD40006ACD23C4DDD0E2C004F6A1CDB3EB60C967
:10AD50007E8D3EBDC990FFB910B6BCB4A7AB7DB027
:10AD6000A2FB3AAE15E6FBAACCC0B8A77BDD79A35F
:10AD7000C660369B717DF79FA85BB4921F4675969F
:10AD80001A163288AD0BF38C742DB081C3307185E7
:10AD900099908A5D2E8D4B59F7AB085440B6C95037
:10ADA00045E68E4EF2FB4F4A2BDD0C479CC0CD434F
:10ADB000217D827B9660437F4F460072F85BC176AF
:10ADC000FD0B86684A16476C93300461242DC565D7
:10ADD000E94B9B115E565A1587701918306DD81CB7
:10ADE000353D9F0282205E065B061D0BEC1BDC0FCF
:10ADF00051A69337E6BB52333F9D113E8880D03A2F
:10AE00008DD097243ACD5620E3EB152D54F6D42956
:10AE10007926A9C5CE3B68C1171D2BCCA000EAC876
:10AE2000A550ADD6124D6CD2CB6B2FDF7C76EEDB0E
:10AE3000C1CBA1E376D660E7AFF023EA18EDE2EEEE
:10AE40001DBDA5F0AAA064F4738627F9C49BE6FD96
:10AE500009FDB889BEE0798D67C63A80D0DBFB84F6
:10AE6000D58BBC9A62967D9EBBB03E930CADFF978E
:10AE7000B110B0AF060D71ABDF2B32A66836F3A26E
:10AE80006D66B4BCDA7B75B8035D36B5B440F7B116
:10AE9000E0AF00080000002068000000E8010008A2
:10AEA00048B000086800002030D400000402000808
:10AEB0001001000043000000F8FFFFFF0040404089
:10AEC000404040404040414141414140404040407D
:10AED0004040404040404040404040404005020229
:10AEE00002020202020202020202020202202020E8
:10AEF0002020202020202002020202020202909044
:10AF00009090909010101010101010101010101041
:10AF10001010101010101010020202020202888895
:10AF200088888888080808080808080808080808A1
:10AF30000808080808080808020202024000000089
:10AF40000000000000000000000000000000000001
:10AF500000000000000000000000000000000000F1
:10AF600000000000000000000000000000000000E1
:10AF700000000000000000000000000000000000D1
:10AF800000000000000000000000000000000000C1
:10AF900000000000000000000000000000000000B1
:10AFA00000000000000000000000000000000000A1
:10AFB0000000000000000000000000000000000091
:10AFC0001C00000043000000F8FFFFFF0C00000021
:10AFD0000E0000000F0000002E0000000000000026
:10AFE000000000000000000000000000030000005E
:10AFF000000000003737000829370008253700080F
:10B000004937000810000000100000008000000018
:10B0100000010000E80300004000000010000000F4
:10B02000000000005890002018900020858F00201C
:10B030000000000000000000000000000000000010
:08B04000000000000000000008
:04000005080001AD41
:00000001FF
